verify	Set up job	﻿2026-10-05T06:59:30.2141887Z Current runner version: '2.337.0'
verify	Set up job	2026-10-05T06:59:30.2163476Z ##[group]Runner Image Provisioner
verify	Set up job	2026-10-05T06:59:30.2164387Z Hosted Compute Agent
verify	Set up job	2026-10-05T06:59:30.2164952Z Version: 20260901.588
verify	Set up job	2026-10-05T06:59:30.2165535Z Commit: f88ec8081b781fac6c440065ac7ff9e710ce3d0b
verify	Set up job	2026-10-05T06:59:30.2166290Z Build Date: 2026-09-01T19:56:44Z
verify	Set up job	2026-10-05T06:59:30.2166932Z Worker ID: {31959a23-12b0-4b98-b7aa-43de0cd8268d}
verify	Set up job	2026-10-05T06:59:30.2167618Z Azure Region: westcentralus
verify	Set up job	2026-10-05T06:59:30.2168207Z ##[endgroup]
verify	Set up job	2026-10-05T06:59:30.2169729Z ##[group]Operating System
verify	Set up job	2026-10-05T06:59:30.2170407Z Ubuntu
verify	Set up job	2026-10-05T06:59:30.2170912Z 24.04.5
verify	Set up job	2026-10-05T06:59:30.2171402Z LTS
verify	Set up job	2026-10-05T06:59:30.2171908Z ##[endgroup]
verify	Set up job	2026-10-05T06:59:30.2172432Z ##[group]Runner Image
verify	Set up job	2026-10-05T06:59:30.2173035Z Image: ubuntu-24.04
verify	Set up job	2026-10-05T06:59:30.2173567Z Version: 20260927.320.1
verify	Set up job	2026-10-05T06:59:30.2174543Z Included Software: https://github.com/actions/runner-images/blob/ubuntu24/20260927.320/images/ubuntu/Ubuntu2404-Readme.md
verify	Set up job	2026-10-05T06:59:30.2176229Z Image Release: https://github.com/actions/runner-images/releases/tag/ubuntu24%2F20260927.320
verify	Set up job	2026-10-05T06:59:30.2177226Z ##[endgroup]
verify	Set up job	2026-10-05T06:59:30.2178276Z ##[group]GITHUB_TOKEN Permissions
verify	Set up job	2026-10-05T06:59:30.2180584Z Contents: read
verify	Set up job	2026-10-05T06:59:30.2181153Z Metadata: read
verify	Set up job	2026-10-05T06:59:30.2181669Z ##[endgroup]
verify	Set up job	2026-10-05T06:59:30.2183589Z Secret source: Actions
verify	Set up job	2026-10-05T06:59:30.2184476Z Cache mode: write
verify	Set up job	2026-10-05T06:59:30.2185160Z Prepare workflow directory
verify	Set up job	2026-10-05T06:59:30.2484309Z Prepare all required actions
verify	Set up job	2026-10-05T06:59:30.2532556Z Getting action download info
verify	Set up job	2026-10-05T06:59:30.5727928Z Download action repository 'actions/checkout@3d3c42e5aac5ba805825da76410c181273ba90b1' (SHA:3d3c42e5aac5ba805825da76410c181273ba90b1)
verify	Set up job	2026-10-05T06:59:30.6650986Z Download action repository 'actions/setup-node@v4' (SHA:49933ea5288caeca8642d1e84afbd3f7d6820020)
verify	Set up job	2026-10-05T06:59:30.7754315Z Download action repository 'actions/upload-artifact@v4' (SHA:ea165f8d65b6e75b540449e92b4886f43607fa02)
verify	Set up job	2026-10-05T06:59:31.0332938Z Complete job name: verify
verify	Run actions/checkout@3d3c42e5aac5ba805825da76410c181273ba90b1	﻿2026-10-05T06:59:31.1020697Z ##[group]Run actions/checkout@3d3c42e5aac5ba805825da76410c181273ba90b1
verify	Run actions/checkout@3d3c42e5aac5ba805825da76410c181273ba90b1	2026-10-05T06:59:31.1021684Z with:
verify	Run actions/checkout@3d3c42e5aac5ba805825da76410c181273ba90b1	2026-10-05T06:59:31.1022213Z   ref: 0a43f30d59f74bfebf90ac46ea6a6fd2bbdb073e
verify	Run actions/checkout@3d3c42e5aac5ba805825da76410c181273ba90b1	2026-10-05T06:59:31.1022899Z   persist-credentials: false
verify	Run actions/checkout@3d3c42e5aac5ba805825da76410c181273ba90b1	2026-10-05T06:59:31.1023502Z   repository: chameleonjp-lab/gekichin
verify	Run actions/checkout@3d3c42e5aac5ba805825da76410c181273ba90b1	2026-10-05T06:59:31.1027104Z   token: ***
verify	Run actions/checkout@3d3c42e5aac5ba805825da76410c181273ba90b1	2026-10-05T06:59:31.1027586Z   ssh-strict: true
verify	Run actions/checkout@3d3c42e5aac5ba805825da76410c181273ba90b1	2026-10-05T06:59:31.1028071Z   ssh-user: git
verify	Run actions/checkout@3d3c42e5aac5ba805825da76410c181273ba90b1	2026-10-05T06:59:31.1028784Z   clean: true
verify	Run actions/checkout@3d3c42e5aac5ba805825da76410c181273ba90b1	2026-10-05T06:59:31.1029335Z   sparse-checkout-cone-mode: true
verify	Run actions/checkout@3d3c42e5aac5ba805825da76410c181273ba90b1	2026-10-05T06:59:31.1029886Z   fetch-depth: 1
verify	Run actions/checkout@3d3c42e5aac5ba805825da76410c181273ba90b1	2026-10-05T06:59:31.1030399Z   fetch-tags: false
verify	Run actions/checkout@3d3c42e5aac5ba805825da76410c181273ba90b1	2026-10-05T06:59:31.1030900Z   show-progress: true
verify	Run actions/checkout@3d3c42e5aac5ba805825da76410c181273ba90b1	2026-10-05T06:59:31.1031471Z   lfs: false
verify	Run actions/checkout@3d3c42e5aac5ba805825da76410c181273ba90b1	2026-10-05T06:59:31.1031939Z   submodules: false
verify	Run actions/checkout@3d3c42e5aac5ba805825da76410c181273ba90b1	2026-10-05T06:59:31.1032421Z   set-safe-directory: true
verify	Run actions/checkout@3d3c42e5aac5ba805825da76410c181273ba90b1	2026-10-05T06:59:31.1033003Z   allow-unsafe-pr-checkout: false
verify	Run actions/checkout@3d3c42e5aac5ba805825da76410c181273ba90b1	2026-10-05T06:59:31.1033748Z ##[endgroup]
verify	Run actions/checkout@3d3c42e5aac5ba805825da76410c181273ba90b1	2026-10-05T06:59:31.2015347Z Syncing repository: chameleonjp-lab/gekichin
verify	Run actions/checkout@3d3c42e5aac5ba805825da76410c181273ba90b1	2026-10-05T06:59:31.2018296Z ##[group]Getting Git version info
verify	Run actions/checkout@3d3c42e5aac5ba805825da76410c181273ba90b1	2026-10-05T06:59:31.2019713Z Working directory is '/home/runner/work/gekichin/gekichin'
verify	Run actions/checkout@3d3c42e5aac5ba805825da76410c181273ba90b1	2026-10-05T06:59:31.2021285Z [command]/usr/bin/git version
verify	Run actions/checkout@3d3c42e5aac5ba805825da76410c181273ba90b1	2026-10-05T06:59:31.2095154Z git version 2.55.0
verify	Run actions/checkout@3d3c42e5aac5ba805825da76410c181273ba90b1	2026-10-05T06:59:31.2113762Z ##[endgroup]
verify	Run actions/checkout@3d3c42e5aac5ba805825da76410c181273ba90b1	2026-10-05T06:59:31.2129403Z Temporarily overriding HOME='/home/runner/work/_temp/0c3fefb2-fb44-4028-a1c0-d44dd5af2a13' before making global git config changes
verify	Run actions/checkout@3d3c42e5aac5ba805825da76410c181273ba90b1	2026-10-05T06:59:31.2136682Z Adding repository directory to the temporary git global config as a safe directory
verify	Run actions/checkout@3d3c42e5aac5ba805825da76410c181273ba90b1	2026-10-05T06:59:31.2138486Z [command]/usr/bin/git config --global --add safe.directory /home/runner/work/gekichin/gekichin
verify	Run actions/checkout@3d3c42e5aac5ba805825da76410c181273ba90b1	2026-10-05T06:59:31.2175189Z Deleting the contents of '/home/runner/work/gekichin/gekichin'
verify	Run actions/checkout@3d3c42e5aac5ba805825da76410c181273ba90b1	2026-10-05T06:59:31.2179108Z ##[group]Determining repository object format
verify	Run actions/checkout@3d3c42e5aac5ba805825da76410c181273ba90b1	2026-10-05T06:59:31.2180887Z ##[endgroup]
verify	Run actions/checkout@3d3c42e5aac5ba805825da76410c181273ba90b1	2026-10-05T06:59:31.2183753Z ##[group]Initializing the repository
verify	Run actions/checkout@3d3c42e5aac5ba805825da76410c181273ba90b1	2026-10-05T06:59:31.2186540Z [command]/usr/bin/git init /home/runner/work/gekichin/gekichin
verify	Run actions/checkout@3d3c42e5aac5ba805825da76410c181273ba90b1	2026-10-05T06:59:31.2284500Z hint: Using 'master' as the name for the initial branch. This default branch name
verify	Run actions/checkout@3d3c42e5aac5ba805825da76410c181273ba90b1	2026-10-05T06:59:31.2286072Z hint: will change to "main" in Git 3.0. To configure the initial branch name
verify	Run actions/checkout@3d3c42e5aac5ba805825da76410c181273ba90b1	2026-10-05T06:59:31.2287630Z hint: to use in all of your new repositories, which will suppress this warning,
verify	Run actions/checkout@3d3c42e5aac5ba805825da76410c181273ba90b1	2026-10-05T06:59:31.2288845Z hint: call:
verify	Run actions/checkout@3d3c42e5aac5ba805825da76410c181273ba90b1	2026-10-05T06:59:31.2289577Z hint:
verify	Run actions/checkout@3d3c42e5aac5ba805825da76410c181273ba90b1	2026-10-05T06:59:31.2290646Z hint: 	git config --global init.defaultBranch <name>
verify	Run actions/checkout@3d3c42e5aac5ba805825da76410c181273ba90b1	2026-10-05T06:59:31.2291731Z hint:
verify	Run actions/checkout@3d3c42e5aac5ba805825da76410c181273ba90b1	2026-10-05T06:59:31.2293462Z hint: Names commonly chosen instead of 'master' are 'main', 'trunk' and
verify	Run actions/checkout@3d3c42e5aac5ba805825da76410c181273ba90b1	2026-10-05T06:59:31.2295366Z hint: 'development'. The just-created branch can be renamed via this command:
verify	Run actions/checkout@3d3c42e5aac5ba805825da76410c181273ba90b1	2026-10-05T06:59:31.2296769Z hint:
verify	Run actions/checkout@3d3c42e5aac5ba805825da76410c181273ba90b1	2026-10-05T06:59:31.2297837Z hint: 	git branch -m <name>
verify	Run actions/checkout@3d3c42e5aac5ba805825da76410c181273ba90b1	2026-10-05T06:59:31.2298894Z hint:
verify	Run actions/checkout@3d3c42e5aac5ba805825da76410c181273ba90b1	2026-10-05T06:59:31.2300308Z hint: Disable this message with "git config set advice.defaultBranchName false"
verify	Run actions/checkout@3d3c42e5aac5ba805825da76410c181273ba90b1	2026-10-05T06:59:31.2302338Z Initialized empty Git repository in /home/runner/work/gekichin/gekichin/.git/
verify	Run actions/checkout@3d3c42e5aac5ba805825da76410c181273ba90b1	2026-10-05T06:59:31.2305198Z [command]/usr/bin/git remote add origin https://github.com/chameleonjp-lab/gekichin
verify	Run actions/checkout@3d3c42e5aac5ba805825da76410c181273ba90b1	2026-10-05T06:59:31.2351110Z ##[endgroup]
verify	Run actions/checkout@3d3c42e5aac5ba805825da76410c181273ba90b1	2026-10-05T06:59:31.2352366Z ##[group]Disabling automatic garbage collection
verify	Run actions/checkout@3d3c42e5aac5ba805825da76410c181273ba90b1	2026-10-05T06:59:31.2353893Z [command]/usr/bin/git config --local gc.auto 0
verify	Run actions/checkout@3d3c42e5aac5ba805825da76410c181273ba90b1	2026-10-05T06:59:31.2383250Z ##[endgroup]
verify	Run actions/checkout@3d3c42e5aac5ba805825da76410c181273ba90b1	2026-10-05T06:59:31.2384595Z ##[group]Setting up auth
verify	Run actions/checkout@3d3c42e5aac5ba805825da76410c181273ba90b1	2026-10-05T06:59:31.2385591Z Removing SSH command configuration
verify	Run actions/checkout@3d3c42e5aac5ba805825da76410c181273ba90b1	2026-10-05T06:59:31.2387442Z [command]/usr/bin/git config --local --name-only --get-regexp core\.sshCommand
verify	Run actions/checkout@3d3c42e5aac5ba805825da76410c181273ba90b1	2026-10-05T06:59:31.2426832Z [command]/usr/bin/git submodule foreach --recursive sh -c "git config --local --name-only --get-regexp 'core\.sshCommand' && git config --local --unset-all 'core.sshCommand' || :"
verify	Run actions/checkout@3d3c42e5aac5ba805825da76410c181273ba90b1	2026-10-05T06:59:31.2727455Z Removing HTTP extra header
verify	Run actions/checkout@3d3c42e5aac5ba805825da76410c181273ba90b1	2026-10-05T06:59:31.2734313Z [command]/usr/bin/git config --local --name-only --get-regexp http\.https\:\/\/github\.com\/\.extraheader
verify	Run actions/checkout@3d3c42e5aac5ba805825da76410c181273ba90b1	2026-10-05T06:59:31.2764629Z [command]/usr/bin/git submodule foreach --recursive sh -c "git config --local --name-only --get-regexp 'http\.https\:\/\/github\.com\/\.extraheader' && git config --local --unset-all 'http.https://github.com/.extraheader' || :"
verify	Run actions/checkout@3d3c42e5aac5ba805825da76410c181273ba90b1	2026-10-05T06:59:31.2970442Z Removing includeIf entries pointing to credentials config files
verify	Run actions/checkout@3d3c42e5aac5ba805825da76410c181273ba90b1	2026-10-05T06:59:31.2972155Z [command]/usr/bin/git config --local --name-only --get-regexp ^includeIf\.gitdir:
verify	Run actions/checkout@3d3c42e5aac5ba805825da76410c181273ba90b1	2026-10-05T06:59:31.3000576Z [command]/usr/bin/git submodule foreach --recursive git config --local --show-origin --name-only --get-regexp remote.origin.url
verify	Run actions/checkout@3d3c42e5aac5ba805825da76410c181273ba90b1	2026-10-05T06:59:31.3191051Z [command]/usr/bin/git config --file /home/runner/work/_temp/git-credentials-41f9efe1-3237-4491-a1a0-a04dd3adf715.config http.https://github.com/.extraheader AUTHORIZATION: basic ***
verify	Run actions/checkout@3d3c42e5aac5ba805825da76410c181273ba90b1	2026-10-05T06:59:31.3223148Z [command]/usr/bin/git config --local includeIf.gitdir:/home/runner/work/gekichin/gekichin/.git.path /home/runner/work/_temp/git-credentials-41f9efe1-3237-4491-a1a0-a04dd3adf715.config
verify	Run actions/checkout@3d3c42e5aac5ba805825da76410c181273ba90b1	2026-10-05T06:59:31.3252657Z [command]/usr/bin/git config --local includeIf.gitdir:/home/runner/work/gekichin/gekichin/.git/worktrees/*.path /home/runner/work/_temp/git-credentials-41f9efe1-3237-4491-a1a0-a04dd3adf715.config
verify	Run actions/checkout@3d3c42e5aac5ba805825da76410c181273ba90b1	2026-10-05T06:59:31.3285325Z [command]/usr/bin/git config --local includeIf.gitdir:/github/workspace/.git.path /github/runner_temp/git-credentials-41f9efe1-3237-4491-a1a0-a04dd3adf715.config
verify	Run actions/checkout@3d3c42e5aac5ba805825da76410c181273ba90b1	2026-10-05T06:59:31.3315766Z [command]/usr/bin/git config --local includeIf.gitdir:/github/workspace/.git/worktrees/*.path /github/runner_temp/git-credentials-41f9efe1-3237-4491-a1a0-a04dd3adf715.config
verify	Run actions/checkout@3d3c42e5aac5ba805825da76410c181273ba90b1	2026-10-05T06:59:31.3344516Z ##[endgroup]
verify	Run actions/checkout@3d3c42e5aac5ba805825da76410c181273ba90b1	2026-10-05T06:59:31.3345469Z ##[group]Fetching the repository
verify	Run actions/checkout@3d3c42e5aac5ba805825da76410c181273ba90b1	2026-10-05T06:59:31.3350576Z [command]/usr/bin/git -c protocol.version=2 fetch --no-tags --prune --no-recurse-submodules --depth=1 origin 0a43f30d59f74bfebf90ac46ea6a6fd2bbdb073e
verify	Run actions/checkout@3d3c42e5aac5ba805825da76410c181273ba90b1	2026-10-05T06:59:35.5121749Z From https://github.com/chameleonjp-lab/gekichin
verify	Run actions/checkout@3d3c42e5aac5ba805825da76410c181273ba90b1	2026-10-05T06:59:35.5123701Z  * branch            0a43f30d59f74bfebf90ac46ea6a6fd2bbdb073e -> FETCH_HEAD
verify	Run actions/checkout@3d3c42e5aac5ba805825da76410c181273ba90b1	2026-10-05T06:59:35.5127808Z [command]/usr/bin/git rev-parse --verify --quiet 0a43f30d59f74bfebf90ac46ea6a6fd2bbdb073e^{object}
verify	Run actions/checkout@3d3c42e5aac5ba805825da76410c181273ba90b1	2026-10-05T06:59:35.5152648Z 0a43f30d59f74bfebf90ac46ea6a6fd2bbdb073e
verify	Run actions/checkout@3d3c42e5aac5ba805825da76410c181273ba90b1	2026-10-05T06:59:35.5155896Z ##[endgroup]
verify	Run actions/checkout@3d3c42e5aac5ba805825da76410c181273ba90b1	2026-10-05T06:59:35.5157244Z ##[group]Determining the checkout info
verify	Run actions/checkout@3d3c42e5aac5ba805825da76410c181273ba90b1	2026-10-05T06:59:35.5162962Z ##[endgroup]
verify	Run actions/checkout@3d3c42e5aac5ba805825da76410c181273ba90b1	2026-10-05T06:59:35.5164121Z [command]/usr/bin/git sparse-checkout disable
verify	Run actions/checkout@3d3c42e5aac5ba805825da76410c181273ba90b1	2026-10-05T06:59:35.5214488Z [command]/usr/bin/git config --local --unset-all extensions.worktreeConfig
verify	Run actions/checkout@3d3c42e5aac5ba805825da76410c181273ba90b1	2026-10-05T06:59:35.5244598Z ##[group]Checking out the ref
verify	Run actions/checkout@3d3c42e5aac5ba805825da76410c181273ba90b1	2026-10-05T06:59:35.5247465Z [command]/usr/bin/git checkout --progress --force 0a43f30d59f74bfebf90ac46ea6a6fd2bbdb073e
verify	Run actions/checkout@3d3c42e5aac5ba805825da76410c181273ba90b1	2026-10-05T06:59:35.7964820Z Note: switching to '0a43f30d59f74bfebf90ac46ea6a6fd2bbdb073e'.
verify	Run actions/checkout@3d3c42e5aac5ba805825da76410c181273ba90b1	2026-10-05T06:59:35.7966197Z 
verify	Run actions/checkout@3d3c42e5aac5ba805825da76410c181273ba90b1	2026-10-05T06:59:35.7967113Z You are in 'detached HEAD' state. You can look around, make experimental
verify	Run actions/checkout@3d3c42e5aac5ba805825da76410c181273ba90b1	2026-10-05T06:59:35.7969624Z changes and commit them, and you can discard any commits you make in this
verify	Run actions/checkout@3d3c42e5aac5ba805825da76410c181273ba90b1	2026-10-05T06:59:35.7971617Z state without impacting any branches by switching back to a branch.
verify	Run actions/checkout@3d3c42e5aac5ba805825da76410c181273ba90b1	2026-10-05T06:59:35.7972720Z 
verify	Run actions/checkout@3d3c42e5aac5ba805825da76410c181273ba90b1	2026-10-05T06:59:35.7973422Z If you want to create a new branch to retain commits you create, you may
verify	Run actions/checkout@3d3c42e5aac5ba805825da76410c181273ba90b1	2026-10-05T06:59:35.7975275Z do so (now or later) by using -c with the switch command. Example:
verify	Run actions/checkout@3d3c42e5aac5ba805825da76410c181273ba90b1	2026-10-05T06:59:35.7976404Z 
verify	Run actions/checkout@3d3c42e5aac5ba805825da76410c181273ba90b1	2026-10-05T06:59:35.7976914Z   git switch -c <new-branch-name>
verify	Run actions/checkout@3d3c42e5aac5ba805825da76410c181273ba90b1	2026-10-05T06:59:35.7977749Z 
verify	Run actions/checkout@3d3c42e5aac5ba805825da76410c181273ba90b1	2026-10-05T06:59:35.7978358Z Or undo this operation with:
verify	Run actions/checkout@3d3c42e5aac5ba805825da76410c181273ba90b1	2026-10-05T06:59:35.7979520Z 
verify	Run actions/checkout@3d3c42e5aac5ba805825da76410c181273ba90b1	2026-10-05T06:59:35.7979959Z   git switch -
verify	Run actions/checkout@3d3c42e5aac5ba805825da76410c181273ba90b1	2026-10-05T06:59:35.7980592Z 
verify	Run actions/checkout@3d3c42e5aac5ba805825da76410c181273ba90b1	2026-10-05T06:59:35.7981510Z Turn off this advice by setting config variable advice.detachedHead to false
verify	Run actions/checkout@3d3c42e5aac5ba805825da76410c181273ba90b1	2026-10-05T06:59:35.7982934Z 
verify	Run actions/checkout@3d3c42e5aac5ba805825da76410c181273ba90b1	2026-10-05T06:59:35.7983941Z HEAD is now at 0a43f30 Merge latest main and preserve combat with shared throttle controls
verify	Run actions/checkout@3d3c42e5aac5ba805825da76410c181273ba90b1	2026-10-05T06:59:35.7987950Z ##[endgroup]
verify	Run actions/checkout@3d3c42e5aac5ba805825da76410c181273ba90b1	2026-10-05T06:59:35.8020193Z [command]/usr/bin/git log -1 --format=%H
verify	Run actions/checkout@3d3c42e5aac5ba805825da76410c181273ba90b1	2026-10-05T06:59:35.8044103Z 0a43f30d59f74bfebf90ac46ea6a6fd2bbdb073e
verify	Run actions/checkout@3d3c42e5aac5ba805825da76410c181273ba90b1	2026-10-05T06:59:35.8053562Z ##[group]Removing auth
verify	Run actions/checkout@3d3c42e5aac5ba805825da76410c181273ba90b1	2026-10-05T06:59:35.8054907Z Removing SSH command configuration
verify	Run actions/checkout@3d3c42e5aac5ba805825da76410c181273ba90b1	2026-10-05T06:59:35.8057398Z [command]/usr/bin/git config --local --name-only --get-regexp core\.sshCommand
verify	Run actions/checkout@3d3c42e5aac5ba805825da76410c181273ba90b1	2026-10-05T06:59:35.8085488Z [command]/usr/bin/git submodule foreach --recursive sh -c "git config --local --name-only --get-regexp 'core\.sshCommand' && git config --local --unset-all 'core.sshCommand' || :"
verify	Run actions/checkout@3d3c42e5aac5ba805825da76410c181273ba90b1	2026-10-05T06:59:35.8264138Z Removing HTTP extra header
verify	Run actions/checkout@3d3c42e5aac5ba805825da76410c181273ba90b1	2026-10-05T06:59:35.8267627Z [command]/usr/bin/git config --local --name-only --get-regexp http\.https\:\/\/github\.com\/\.extraheader
verify	Run actions/checkout@3d3c42e5aac5ba805825da76410c181273ba90b1	2026-10-05T06:59:35.8297983Z [command]/usr/bin/git submodule foreach --recursive sh -c "git config --local --name-only --get-regexp 'http\.https\:\/\/github\.com\/\.extraheader' && git config --local --unset-all 'http.https://github.com/.extraheader' || :"
verify	Run actions/checkout@3d3c42e5aac5ba805825da76410c181273ba90b1	2026-10-05T06:59:35.8467877Z Removing includeIf entries pointing to credentials config files
verify	Run actions/checkout@3d3c42e5aac5ba805825da76410c181273ba90b1	2026-10-05T06:59:35.8471033Z [command]/usr/bin/git config --local --name-only --get-regexp ^includeIf\.gitdir:
verify	Run actions/checkout@3d3c42e5aac5ba805825da76410c181273ba90b1	2026-10-05T06:59:35.8492565Z includeif.gitdir:/home/runner/work/gekichin/gekichin/.git.path
verify	Run actions/checkout@3d3c42e5aac5ba805825da76410c181273ba90b1	2026-10-05T06:59:35.8495869Z includeif.gitdir:/home/runner/work/gekichin/gekichin/.git/worktrees/*.path
verify	Run actions/checkout@3d3c42e5aac5ba805825da76410c181273ba90b1	2026-10-05T06:59:35.8498428Z includeif.gitdir:/github/workspace/.git.path
verify	Run actions/checkout@3d3c42e5aac5ba805825da76410c181273ba90b1	2026-10-05T06:59:35.8500553Z includeif.gitdir:/github/workspace/.git/worktrees/*.path
verify	Run actions/checkout@3d3c42e5aac5ba805825da76410c181273ba90b1	2026-10-05T06:59:35.8505676Z [command]/usr/bin/git config --local --get-all includeif.gitdir:/home/runner/work/gekichin/gekichin/.git.path
verify	Run actions/checkout@3d3c42e5aac5ba805825da76410c181273ba90b1	2026-10-05T06:59:35.8518173Z /home/runner/work/_temp/git-credentials-41f9efe1-3237-4491-a1a0-a04dd3adf715.config
verify	Run actions/checkout@3d3c42e5aac5ba805825da76410c181273ba90b1	2026-10-05T06:59:35.8527811Z [command]/usr/bin/git config --local --unset includeif.gitdir:/home/runner/work/gekichin/gekichin/.git.path \/home\/runner\/work\/_temp\/git\-credentials\-41f9efe1\-3237\-4491\-a1a0\-a04dd3adf715\.config
verify	Run actions/checkout@3d3c42e5aac5ba805825da76410c181273ba90b1	2026-10-05T06:59:35.8560305Z [command]/usr/bin/git config --local --get-all includeif.gitdir:/home/runner/work/gekichin/gekichin/.git/worktrees/*.path
verify	Run actions/checkout@3d3c42e5aac5ba805825da76410c181273ba90b1	2026-10-05T06:59:35.8579195Z /home/runner/work/_temp/git-credentials-41f9efe1-3237-4491-a1a0-a04dd3adf715.config
verify	Run actions/checkout@3d3c42e5aac5ba805825da76410c181273ba90b1	2026-10-05T06:59:35.8586143Z [command]/usr/bin/git config --local --unset includeif.gitdir:/home/runner/work/gekichin/gekichin/.git/worktrees/*.path \/home\/runner\/work\/_temp\/git\-credentials\-41f9efe1\-3237\-4491\-a1a0\-a04dd3adf715\.config
verify	Run actions/checkout@3d3c42e5aac5ba805825da76410c181273ba90b1	2026-10-05T06:59:35.8623043Z [command]/usr/bin/git config --local --get-all includeif.gitdir:/github/workspace/.git.path
verify	Run actions/checkout@3d3c42e5aac5ba805825da76410c181273ba90b1	2026-10-05T06:59:35.8650455Z /github/runner_temp/git-credentials-41f9efe1-3237-4491-a1a0-a04dd3adf715.config
verify	Run actions/checkout@3d3c42e5aac5ba805825da76410c181273ba90b1	2026-10-05T06:59:35.8658052Z [command]/usr/bin/git config --local --unset includeif.gitdir:/github/workspace/.git.path \/github\/runner_temp\/git\-credentials\-41f9efe1\-3237\-4491\-a1a0\-a04dd3adf715\.config
verify	Run actions/checkout@3d3c42e5aac5ba805825da76410c181273ba90b1	2026-10-05T06:59:35.8697616Z [command]/usr/bin/git config --local --get-all includeif.gitdir:/github/workspace/.git/worktrees/*.path
verify	Run actions/checkout@3d3c42e5aac5ba805825da76410c181273ba90b1	2026-10-05T06:59:35.8717016Z /github/runner_temp/git-credentials-41f9efe1-3237-4491-a1a0-a04dd3adf715.config
verify	Run actions/checkout@3d3c42e5aac5ba805825da76410c181273ba90b1	2026-10-05T06:59:35.8725227Z [command]/usr/bin/git config --local --unset includeif.gitdir:/github/workspace/.git/worktrees/*.path \/github\/runner_temp\/git\-credentials\-41f9efe1\-3237\-4491\-a1a0\-a04dd3adf715\.config
verify	Run actions/checkout@3d3c42e5aac5ba805825da76410c181273ba90b1	2026-10-05T06:59:35.8756595Z [command]/usr/bin/git submodule foreach --recursive git config --local --show-origin --name-only --get-regexp remote.origin.url
verify	Run actions/checkout@3d3c42e5aac5ba805825da76410c181273ba90b1	2026-10-05T06:59:35.8923216Z Removing credentials config '/home/runner/work/_temp/git-credentials-41f9efe1-3237-4491-a1a0-a04dd3adf715.config'
verify	Run actions/checkout@3d3c42e5aac5ba805825da76410c181273ba90b1	2026-10-05T06:59:35.8931731Z ##[endgroup]
verify	Run actions/setup-node@v4	﻿2026-10-05T06:59:35.9269013Z ##[group]Run actions/setup-node@v4
verify	Run actions/setup-node@v4	2026-10-05T06:59:35.9270322Z with:
verify	Run actions/setup-node@v4	2026-10-05T06:59:35.9271177Z   node-version: 24
verify	Run actions/setup-node@v4	2026-10-05T06:59:35.9272183Z   cache: npm
verify	Run actions/setup-node@v4	2026-10-05T06:59:35.9273081Z   always-auth: false
verify	Run actions/setup-node@v4	2026-10-05T06:59:35.9274124Z   check-latest: false
verify	Run actions/setup-node@v4	2026-10-05T06:59:35.9282833Z   token: ***
verify	Run actions/setup-node@v4	2026-10-05T06:59:35.9283733Z ##[endgroup]
verify	Run actions/setup-node@v4	2026-10-05T06:59:36.0679594Z Found in cache @ /opt/hostedtoolcache/node/24.21.0/x64
verify	Run actions/setup-node@v4	2026-10-05T06:59:36.0684400Z (node:2451) [DEP0040] DeprecationWarning: The `punycode` module is deprecated. Please use a userland alternative instead.
verify	Run actions/setup-node@v4	2026-10-05T06:59:36.0687293Z (Use `node --trace-deprecation ...` to show where the warning was created)
verify	Run actions/setup-node@v4	2026-10-05T06:59:36.0689921Z ##[group]Environment details
verify	Run actions/setup-node@v4	2026-10-05T06:59:36.4556976Z node: v24.21.0
verify	Run actions/setup-node@v4	2026-10-05T06:59:36.4557550Z npm: 11.19.0
verify	Run actions/setup-node@v4	2026-10-05T06:59:36.4558048Z yarn: 1.22.22
verify	Run actions/setup-node@v4	2026-10-05T06:59:36.4560305Z ##[endgroup]
verify	Run actions/setup-node@v4	2026-10-05T06:59:36.4575322Z [command]/opt/hostedtoolcache/node/24.21.0/x64/bin/npm config get cache
verify	Run actions/setup-node@v4	2026-10-05T06:59:36.5615117Z /home/runner/.npm
verify	Run actions/setup-node@v4	2026-10-05T06:59:36.7744869Z Cache hit for: node-cache-Linux-x64-npm-6daa055a9f390972a62517bdf89cc7faf62242687fb9edaf4ddbd1a35171a1f5
verify	Run actions/setup-node@v4	2026-10-05T06:59:36.7842280Z (node:2451) [DEP0169] DeprecationWarning: `url.parse()` behavior is not standardized and prone to errors that have security implications. Use the WHATWG URL API instead. CVEs are not issued for `url.parse()` vulnerabilities.
verify	Run actions/setup-node@v4	2026-10-05T06:59:38.0033089Z Received 37941081 of 46329689 (81.9%), 36.2 MBs/sec
verify	Run actions/setup-node@v4	2026-10-05T06:59:38.6239233Z Received 46329689 of 46329689 (100.0%), 27.3 MBs/sec
verify	Run actions/setup-node@v4	2026-10-05T06:59:38.6240355Z Cache Size: ~44 MB (46329689 B)
verify	Run actions/setup-node@v4	2026-10-05T06:59:38.6267460Z [command]/usr/bin/tar -xf /home/runner/work/_temp/61257c55-88f2-4b41-9c21-76f5083b4aa1/cache.tzst -P -C /home/runner/work/gekichin/gekichin --use-compress-program unzstd
verify	Run actions/setup-node@v4	2026-10-05T06:59:38.6805391Z Cache restored successfully
verify	Run actions/setup-node@v4	2026-10-05T06:59:38.6827562Z Cache restored from key: node-cache-Linux-x64-npm-6daa055a9f390972a62517bdf89cc7faf62242687fb9edaf4ddbd1a35171a1f5
verify	Run npm ci	﻿2026-10-05T06:59:38.6975639Z ##[group]Run npm ci
verify	Run npm ci	2026-10-05T06:59:38.6976243Z [36;1mnpm ci[0m
verify	Run npm ci	2026-10-05T06:59:38.7241625Z shell: /usr/bin/bash -e {0}
verify	Run npm ci	2026-10-05T06:59:38.7242076Z ##[endgroup]
verify	Run npm ci	2026-10-05T06:59:40.7531682Z 
verify	Run npm ci	2026-10-05T06:59:40.7539562Z added 35 packages, and audited 36 packages in 2s
verify	Run npm ci	2026-10-05T06:59:40.7540008Z 
verify	Run npm ci	2026-10-05T06:59:40.7540294Z 11 packages are looking for funding
verify	Run npm ci	2026-10-05T06:59:40.7540742Z   run `npm fund` for details
verify	Run npm ci	2026-10-05T06:59:40.7567792Z 
verify	Run npm ci	2026-10-05T06:59:40.7568196Z 1 low severity vulnerability
verify	Run npm ci	2026-10-05T06:59:40.7568676Z 
verify	Run npm ci	2026-10-05T06:59:40.7568997Z To address all issues, run:
verify	Run npm ci	2026-10-05T06:59:40.7569516Z   npm audit fix
verify	Run npm ci	2026-10-05T06:59:40.7569729Z 
verify	Run npm ci	2026-10-05T06:59:40.7569930Z Run `npm audit` for details.
verify	Run npm ci	2026-10-05T06:59:40.7577771Z npm warn install-scripts 1 package has install scripts not yet covered by allowScripts:
verify	Run npm ci	2026-10-05T06:59:40.7578847Z npm warn install-scripts   esbuild@0.27.7 (postinstall: node install.js)
verify	Run npm ci	2026-10-05T06:59:40.7579479Z npm warn install-scripts
verify	Run npm ci	2026-10-05T06:59:40.7580350Z npm warn install-scripts Run `npm install-scripts ls` to review, or `npm install-scripts approve <pkg>` to allow.
verify	Run npm test	﻿2026-10-05T06:59:40.7867157Z ##[group]Run npm test
verify	Run npm test	2026-10-05T06:59:40.7867593Z [36;1mnpm test[0m
verify	Run npm test	2026-10-05T06:59:40.7911744Z shell: /usr/bin/bash -e {0}
verify	Run npm test	2026-10-05T06:59:40.7912166Z ##[endgroup]
verify	Run npm test	2026-10-05T06:59:40.8813601Z 
verify	Run npm test	2026-10-05T06:59:40.8814423Z > gekichin@0.1.0 test
verify	Run npm test	2026-10-05T06:59:40.8815069Z > node --import tsx --test tests/*.test.ts
verify	Run npm test	2026-10-05T06:59:40.8815434Z 
verify	Run npm test	2026-10-05T06:59:41.1732066Z ✔ return arrows guide inward/outward and left/right using the inherited flight yaw (1.118458ms)
verify	Run npm test	2026-10-05T06:59:44.4269745Z ✔ initial eight plus forty-two and simultaneous deaths conserve fifty distinct tokens (4.773242ms)
verify	Run npm test	2026-10-05T06:59:44.4271873Z ✔ the only reserve goes to the player even if the player loss is recorded last (4.490805ms)
verify	Run npm test	2026-10-05T06:59:44.4273372Z ✔ handoff at exactly180ticks keeps HP, position, magazines and reload clocks (11.963834ms)
verify	Run npm test	2026-10-05T06:59:44.4275128Z ✔ Q-only survivors recheck handoff after their first deployment rather than losing the mission (2.227058ms)
verify	Run npm test	2026-10-05T06:59:44.4276876Z ✔ a blocked reservation consumes no extra token and reports exactlyfive seconds of continuous failure (9.466879ms)
verify	Run npm test	2026-10-05T06:59:44.4278395Z ✔ player and wingman barrels use exact5/15 and17/57tick intervals (2.258574ms)
verify	Run npm test	2026-10-05T06:59:44.4279795Z ✔ both empty initiates common360tick reload and no empty shot changes ammunition or N (0.447777ms)
verify	Run npm test	2026-10-05T06:59:44.4281293Z ✔ atomic volleys preserve64 player slots and saturation does not consume ammunition or IDs (2.624204ms)
verify	Run npm test	2026-10-05T06:59:44.4282604Z ✔ all source distances use far-side200/500/800 boundaries with integer mHP (0.950527ms)
verify	Run npm test	2026-10-05T06:59:44.4283888Z ✔ shot affiliation survives death/handoff and the90tick half-open lifetime is exact (0.431616ms)
verify	Run npm test	2026-10-05T06:59:44.4317930Z ✔ normal launch is the tick-start physical nose despite simultaneous turning and acceleration (228.814398ms)
verify	Run npm test	2026-10-05T06:59:44.4330977Z ✔ moving-sphere sweep resolves crossing trajectories within one tick (0.174305ms)
verify	Run npm test	2026-10-05T06:59:44.4332856Z ✔ 160000-point example floors only once, preserves negatives and distinguishes N0 (0.377352ms)
verify	Run npm test	2026-10-05T06:59:44.4334229Z ✔ overkill, duplicate events and wingman final blows retain actual damage and one hit (1.223258ms)
verify	Run npm test	2026-10-05T06:59:44.4335618Z ✔ best records are victory-only, mode/version-separated, tied records retain the earlier record (1.23898ms)
verify	Run npm test	2026-10-05T06:59:44.4337193Z ✔ corrupt or future best formats and failed writes never damage an existing record (0.675981ms)
verify	Run npm test	2026-10-05T06:59:44.4338787Z ✔ same-tick final turret and final ally losses produce mutual defeat before any respawn (55.209212ms)
verify	Run npm test	2026-10-05T06:59:44.4340540Z ✔ victory freezes flying bullets, unhit shots stay in N, and every result component is immutable (57.315765ms)
verify	Run npm test	2026-10-05T06:59:44.4351422Z ✔ an integrated timezero turret destruction cancels its genuine due warning shot before allocation (49.830838ms)
verify	Run npm test	2026-10-05T06:59:44.4353819Z ✔ a destruction during the warning releases its reservation and visual warning immediately without erasing older shots (43.604101ms)
verify	Run npm test	2026-10-05T06:59:44.4356072Z ✔ the last lifetime endpoint is excluded while the immediately earlier contact is valid (351.621789ms)
verify	Run npm test	2026-10-05T06:59:44.4357697Z ✔ boundary grace uses600 active ticks, resets on return, and never teleports an aircraft (214.382377ms)
verify	Run npm test	2026-10-05T06:59:44.4359381Z ✔ a timezero hull/sea collision cancels the player shot and gives no turret damage (275.081657ms)
verify	Run npm test	2026-10-05T06:59:44.4361222Z ✔ Normal player bullets damage friendly aircraft; Easy and wingman shots stop at protected contact (532.437126ms)
verify	Run npm test	2026-10-05T06:59:44.4362957Z ✔ main direct24HP never also deals splash to that plane, while colocated exposed allies receive12HP once (189.408108ms)
verify	Run npm test	2026-10-05T06:59:44.4364552Z ✔ main splash excludes the20m boundary and cannot cross a canonical turret shield (550.52143ms)
verify	Run npm test	2026-10-05T06:59:44.4366245Z ✔ synthetic15minute all-eight-guns fixture has no allocation failures and bounded live damage IDs (296.030486ms)
verify	Run npm test	2026-10-05T06:59:44.4606649Z ✔ intercept includes the fixed warning delay, chooses a positive root, and rejects an unreachable target (3.84216ms)
verify	Run npm test	2026-10-05T06:59:44.4612843Z ✔ the integrated tick-start warning uses actual moving-aircraft velocity after previous is reset (1600.661345ms)
verify	Run npm test	2026-10-05T06:59:44.4614572Z ✔ main warning lasts sixty ticks, keeps its physical aim fixed, and fires one 400m/s shot (5.345976ms)
verify	Run npm test	2026-10-05T06:59:44.4616105Z ✔ MG fires F, F+6, … F+54, then releases its reservation for 120ticks after the last shot (3.135741ms)
verify	Run npm test	2026-10-05T06:59:44.4618021Z ✔ MG cancellation after two real shots reloads from the last shot; target generation changes cancel pending shots (1.754007ms)
verify	Run npm test	2026-10-05T06:59:44.4619933Z ✔ a turret destroyed by an earlier contact cannot commit its same-tick pending shot (1.052766ms)
verify	Run npm test	2026-10-05T06:59:44.4640200Z ✔ main finite tracking does not exceed its turn speed and times out after 120ticks (2.335475ms)
verify	Run npm test	2026-10-05T06:59:44.4658221Z ✔ mg finite tracking does not exceed its turn speed and times out after 120ticks (3.220435ms)
verify	Run npm test	2026-10-05T06:59:44.4659993Z ✔ local yaw/pitch limits reject internal and off-axis targets on every exterior face (1.049757ms)
verify	Run npm test	2026-10-05T06:59:44.4661336Z ✔ active and per-aircraft caps are enforced, and unused IDs precede recently released reservations (6.504534ms)
verify	Run npm test	2026-10-05T06:59:44.4662838Z ✔ a full enemy pool defers every remaining burst slot by one tick and pauses after sixty consecutive failures (5.469373ms)
verify	Run npm test	2026-10-05T06:59:44.4664713Z ✔ wingmen assign at most two pilots to the final turret, release dead assignments, and keep flight updates external (34.442052ms)
verify	Run npm test	2026-10-05T06:59:44.4666132Z ✔ a real finite-flight wingman reaches and destroys a last top turret with ordinary scattered bullets (121.479632ms)
verify	Run npm test	2026-10-05T06:59:44.4667536Z ✔ a real finite-flight wingman reaches and destroys a last bottom turret with ordinary scattered bullets (99.351918ms)
verify	Run npm test	2026-10-05T06:59:44.4669131Z ✔ a real finite-flight wingman reaches and destroys a last left turret with ordinary scattered bullets (84.557578ms)
verify	Run npm test	2026-10-05T06:59:44.4670668Z ✔ a real finite-flight wingman reaches and destroys a last right turret with ordinary scattered bullets (89.208067ms)
verify	Run npm test	2026-10-05T06:59:44.4672158Z ✔ a real finite-flight wingman reaches and destroys a last front turret with ordinary scattered bullets (66.734993ms)
verify	Run npm test	2026-10-05T06:59:44.4673545Z ✔ a real finite-flight wingman reaches and destroys a last rear turret with ordinary scattered bullets (88.138474ms)
verify	Run npm test	2026-10-05T06:59:46.6725344Z ✔ A12/R45 inspection fixture compares ordinary evasion with no evasion through the real projectile sweep (4936.816251ms)
verify	Run npm test	2026-10-05T06:59:56.3999062Z ✔ fixed source flight and camera tuning remain unchanged (2.535341ms)
verify	Run npm test	2026-10-05T06:59:56.4021034Z ✔ right turn, climb and throttle preserve physical signs and bounded speed (2.574745ms)
verify	Run npm test	2026-10-05T06:59:56.4022548Z ✔ five second loop ends once and new steering interrupts without teleportation (5.540261ms)
verify	Run npm test	2026-10-05T06:59:56.4024375Z ✔ no P1 placeholder target pulls steering; hidden/dead targets are rejected and shot correction is finite (0.504079ms)
verify	Run npm test	2026-10-05T06:59:56.4026365Z ✔ preparation, pause, report and stale callbacks keep one authoritative operation (718.863649ms)
verify	Run npm test	2026-10-05T06:59:56.4027883Z ✔ accepted fixed-tick inputs produce the same final flight at 30/60/120Hz rendering (11535.806903ms)
verify	Run npm test	2026-10-05T06:59:56.4029309Z ✔ keyboard schema exposes nine actions and rejects invalid or duplicate settings (0.941922ms)
verify	Run npm test	2026-10-05T07:00:09.5777975Z ✔ layout data fixes 100 unique turrets, six face counts, unit axes, HP and approach intervals (14.033478ms)
verify	Run npm test	2026-10-05T07:00:09.5780196Z ✔ synthetic finite-fleet fixture preserves all 50 identities through simultaneous losses and respawns (25.744678ms)
verify	Run npm test	2026-10-05T07:00:09.5783272Z ✔ scoring preserves the fixed 160,000 example, time monotonicity, negative totals and N=0 semantics (0.436243ms)
verify	Run npm test	2026-10-05T07:00:09.5794994Z ✔ score events are idempotent and retain shooter ownership across the finishing hit (0.660065ms)
verify	Run npm test	2026-10-05T07:00:09.5808302Z ✔ mode-specific best records accept only valid victories and preserve future envelopes (1.133848ms)
verify	Run npm test	2026-10-05T07:00:09.5810466Z ✔ ordinary combat inputs preserve the same logical snapshot at 30, 60 and 120 Hz (24704.992665ms)
verify	Run npm test	2026-10-05T07:00:09.6044947Z ✔ canonical layout has fixed100 unique IDs, six-face20/80 distribution and24,000HP (8.387223ms)
verify	Run npm test	2026-10-05T07:00:09.6046668Z ✔ every turret has a350m ordinary-flight approach with aircraft radius+10m clearance and first-contact firing access (37.756134ms)
verify	Run npm test	2026-10-05T07:00:09.6048398Z ✔ spawn and return corridor candidates satisfy all real muzzle range margins and30m separation (11.350513ms)
verify	Run npm test	2026-10-05T07:00:09.6050073Z ✔ the exterior network connects above/below/front/rear and sides without hull shortcuts (28.645895ms)
verify	Run npm test	2026-10-05T07:00:09.6051551Z ✔ shared first-contact geometry blocks opposite faces but keeps visible armor gaps open (19.141531ms)
verify	Run npm test	2026-10-05T07:00:09.6053072Z ✔ rounded-box sweeps catch tunnelling, reject inflated-box corner false positives and handle rotated boxes (0.62753ms)
verify	Run npm test	2026-10-05T07:00:09.6054626Z ✔ spatial grid returns the same nearest collision as all canonical parts, including changing barrels (117.714877ms)
verify	Run npm test	2026-10-05T07:00:09.6056196Z ✔ camera casts use the same first contact, and moving aircraft / sea sweeps find real crossings (2.910201ms)
verify	Run npm test	2026-10-05T07:00:09.6057516Z ✔ integer damage clamps overkill, damage stages have exact thresholds, attack IDs resolve once (1.19049ms)
verify	Run npm test	2026-10-05T07:00:09.6059730Z ✔ destroyed turrets retain a low canonical wreck and final destruction time / freeze are stable (2.039375ms)
verify	Run npm test	2026-10-05T07:00:09.6060963Z ✔ retired numeric attack IDs remain rejected while retained de-dup state stays bounded by live IDs (5.459501ms)
verify	Run npm test	2026-10-05T07:00:09.6062031Z ✔ pointercancel releases its own steering and button owners while preserving another active pointer (5.023551ms)
verify	Run npm test	2026-10-05T07:00:09.6062931Z ✔ resize and blur clear held pointer and keyboard state so stale input cannot resume flight (1.980241ms)
verify	Run npm test	2026-10-05T07:00:09.6063747Z ✔ settings writes roll back earlier keys after a later write fails (0.68232ms)
verify	Run npm test	2026-10-05T07:00:09.6064528Z ✔ future settings versions block the whole save without touching any stored value (0.28675ms)
verify	Run npm test	2026-10-05T07:00:09.6065431Z ✔ a wall-clock gap of two seconds discards accumulated time and needs a later fresh frame (232.259425ms)
verify	Run npm test	2026-10-05T07:00:09.6066328Z ✔ respawn clears held throttle 0.65 for the first control tick and accepts the next fresh axis (940.592902ms)
verify	Run npm test	2026-10-05T07:00:09.6067196Z ✔ respawn clears held throttle -0.75 for the first control tick and accepts the next fresh axis (575.942807ms)
verify	Run npm test	2026-10-05T07:00:09.6068094Z ✔ handoff clears held throttle 0.65 for the first control tick and accepts the next fresh axis (606.176235ms)
verify	Run npm test	2026-10-05T07:00:09.6069425Z ✔ handoff clears held throttle -0.75 for the first control tick and accepts the next fresh axis (598.11113ms)
verify	Run npm test	2026-10-05T07:00:09.6070383Z ✔ real adapter owns one lever pointer independently from steering/fire and clears only its owner (9.97883ms)
verify	Run npm test	2026-10-05T07:00:09.6071619Z ✔ focused short commands survive zero-tick frames, consume once, cancel safely, and coexist with pointer (2.875079ms)
verify	Run npm test	2026-10-05T07:00:09.6072568Z ✔ v1 custom migration is pure, preserves peers and uses rectangular safe placement in both orientations (4.372669ms)
verify	Run npm test	2026-10-05T07:00:09.6073556Z ✔ rollback failure retains a bounded raw recovery snapshot, read-only reload and future-write protection (0.954889ms)
verify	Run npm test	2026-10-05T07:00:09.6074421Z ✔ v2 Save leaves v1 bytes unchanged and refuses future legacy or current versions (0.499ms)
verify	Run npm test	2026-10-05T07:00:09.6075237Z ✔ actual fixed-step recorded input replays one short pulse once across catchup ticks (467.067367ms)
verify	Run npm test	2026-10-05T07:00:09.6076068Z ✔ malformed or future recovery journals cannot restore or read foreign keys (0.703732ms)
verify	Run npm test	2026-10-05T07:00:09.6076750Z ✔ three independent sources add before the single final clamp (1.738572ms)
verify	Run npm test	2026-10-05T07:00:09.6077568Z ✔ measured peers replace nominal rectangles without blocking a clear nondefault lever position (1.079411ms)
verify	Run npm test	2026-10-05T07:00:09.6078745Z ✔ utility rectangles displace only the lever and focused keyboard transfer preserves live pointers (2.298675ms)
verify	Run npm test	2026-10-05T07:00:09.6079694Z ✔ every shared rate-lever fixture is connected to actual throttle integration (1.443692ms)
verify	Run npm test	2026-10-05T07:00:09.6080595Z ✔ invalid axes fail neutral, boundaries are continuous, and explicit analog zero overrides legacy input (0.394736ms)
verify	Run npm test	2026-10-05T07:00:09.6081576Z ✔ release holds adjusted target, maximum lever equals legacy keys, Easy ignores the lever (2.757775ms)
verify	Run npm test	2026-10-05T07:00:09.6082471Z ✔ Save verifies its journal before changing any setting (1.897203ms)
verify	Run npm test	2026-10-05T07:00:09.6083328Z ✔ Save detects a silent settings write and restores the full batch (0.557495ms)
verify	Run npm test	2026-10-05T07:00:09.6084354Z ✔ silent rollback failure preserves recoverable raw and read-only old settings (0.569683ms)
verify	Run npm test	2026-10-05T07:00:09.6085292Z ✔ silent journal cleanup is not success and remains safely reloadable (0.408346ms)
verify	Run npm test	2026-10-05T07:00:09.6086258Z ✔ duplicate Save entries are rejected without overwriting a recovery record (0.178408ms)
verify	Run npm test	2026-10-05T07:00:09.6087134Z ✔ a changed value between journal and write is preserved (0.285306ms)
verify	Run npm test	2026-10-05T07:00:09.6088087Z ✔ focused configured speed keys clear on focusout and Escape without releasing independent touch (4.530057ms)
verify	Run npm test	2026-10-05T07:00:09.6089267Z ✔ zoomed visible handle endpoints produce full continuous throttle (1.281481ms)
verify	Run npm test	2026-10-05T07:00:09.6090207Z ✔ dialog viewport height uses layout units at CSS zoom without double scaling (1.572502ms)
verify	Run npm test	2026-10-05T07:00:09.6091351Z ℹ tests 102
verify	Run npm test	2026-10-05T07:00:09.6091788Z ℹ suites 0
verify	Run npm test	2026-10-05T07:00:09.6092143Z ℹ pass 102
verify	Run npm test	2026-10-05T07:00:09.6092532Z ℹ fail 0
verify	Run npm test	2026-10-05T07:00:09.6092978Z ℹ cancelled 0
verify	Run npm test	2026-10-05T07:00:09.6093497Z ℹ skipped 0
verify	Run npm test	2026-10-05T07:00:09.6093965Z ℹ todo 0
verify	Run npm test	2026-10-05T07:00:09.6094580Z ℹ duration_ms 28692.580893
verify	Run npm run build	﻿2026-10-05T07:00:09.6200631Z ##[group]Run npm run build
verify	Run npm run build	2026-10-05T07:00:09.6201037Z [36;1mnpm run build[0m
verify	Run npm run build	2026-10-05T07:00:09.6242318Z shell: /usr/bin/bash -e {0}
verify	Run npm run build	2026-10-05T07:00:09.6242763Z ##[endgroup]
verify	Run npm run build	2026-10-05T07:00:09.7107949Z 
verify	Run npm run build	2026-10-05T07:00:09.7108465Z > gekichin@0.1.0 build
verify	Run npm run build	2026-10-05T07:00:09.7109120Z > tsc --noEmit && vite build
verify	Run npm run build	2026-10-05T07:00:09.7109461Z 
verify	Run npm run build	2026-10-05T07:00:11.5361263Z [36mvite v8.3.1 [32mbuilding client environment for production...[36m[39m
verify	Run npm run build	2026-10-05T07:00:11.5442734Z transforming...
verify	Run npm run build	2026-10-05T07:00:11.6766446Z ✓ 33 modules transformed.
verify	Run npm run build	2026-10-05T07:00:11.7147715Z rendering chunks...
verify	Run npm run build	2026-10-05T07:00:11.7869811Z computing gzip size...
verify	Run npm run build	2026-10-05T07:00:11.7976252Z dist/index.html                   0.61 kB │ gzip:   0.40 kB
verify	Run npm run build	2026-10-05T07:00:11.7977169Z dist/assets/index-BufJBCcE.css   23.65 kB │ gzip:   5.78 kB
verify	Run npm run build	2026-10-05T07:00:11.7977869Z dist/assets/index-Ca9XU86d.js   751.19 kB │ gzip: 200.45 kB
verify	Run npm run build	2026-10-05T07:00:11.7978351Z 
verify	Run npm run build	2026-10-05T07:00:11.7979026Z [32m✓ built in 261ms[39m
verify	Run npm run build	2026-10-05T07:00:11.7985232Z [33m[plugin builtin:vite-reporter] 
verify	Run npm run build	2026-10-05T07:00:11.7986177Z (!) Some chunks are larger than 500 kB after minification. Consider:
verify	Run npm run build	2026-10-05T07:00:11.7986976Z - Using dynamic import() to code-split the application
verify	Run npm run build	2026-10-05T07:00:11.7988341Z - Use build.rolldownOptions.output.codeSplitting to improve chunking: https://rolldown.rs/reference/OutputOptions.codeSplitting
verify	Run npm run build	2026-10-05T07:00:11.7989819Z - Adjust chunk size limit for this warning via build.chunkSizeWarningLimit.[39m
verify	Run npx playwright install --with-deps chromium webkit	﻿2026-10-05T07:00:11.8178465Z ##[group]Run npx playwright install --with-deps chromium webkit
verify	Run npx playwright install --with-deps chromium webkit	2026-10-05T07:00:11.8179339Z [36;1mnpx playwright install --with-deps chromium webkit[0m
verify	Run npx playwright install --with-deps chromium webkit	2026-10-05T07:00:11.8221179Z shell: /usr/bin/bash -e {0}
verify	Run npx playwright install --with-deps chromium webkit	2026-10-05T07:00:11.8221649Z ##[endgroup]
verify	Run npx playwright install --with-deps chromium webkit	2026-10-05T07:00:12.4981340Z Installing dependencies...
verify	Run npx playwright install --with-deps chromium webkit	2026-10-05T07:00:12.5051399Z Switching to root user to install dependencies...
verify	Run npx playwright install --with-deps chromium webkit	2026-10-05T07:00:12.5910394Z Get:1 file:/etc/apt/apt-mirrors.txt Mirrorlist [144 B]
verify	Run npx playwright install --with-deps chromium webkit	2026-10-05T07:00:12.6365710Z Hit:2 http://azure.archive.ubuntu.com/ubuntu noble InRelease
verify	Run npx playwright install --with-deps chromium webkit	2026-10-05T07:00:12.6370214Z Get:6 https://packages.microsoft.com/ubuntu/24.04/prod noble InRelease [3600 B]
verify	Run npx playwright install --with-deps chromium webkit	2026-10-05T07:00:12.6400753Z Get:3 http://azure.archive.ubuntu.com/ubuntu noble-updates InRelease [126 kB]
verify	Run npx playwright install --with-deps chromium webkit	2026-10-05T07:00:12.6455755Z Get:4 http://azure.archive.ubuntu.com/ubuntu noble-backports InRelease [126 kB]
verify	Run npx playwright install --with-deps chromium webkit	2026-10-05T07:00:12.6470203Z Get:5 http://azure.archive.ubuntu.com/ubuntu noble-security InRelease [126 kB]
verify	Run npx playwright install --with-deps chromium webkit	2026-10-05T07:00:12.7392852Z Get:7 https://packages.microsoft.com/ubuntu/24.04/prod noble/main armhf Packages [12.6 kB]
verify	Run npx playwright install --with-deps chromium webkit	2026-10-05T07:00:12.7469789Z Get:8 https://packages.microsoft.com/ubuntu/24.04/prod noble/main arm64 Packages [458 kB]
verify	Run npx playwright install --with-deps chromium webkit	2026-10-05T07:00:12.7517811Z Get:9 https://packages.microsoft.com/ubuntu/24.04/prod noble/main amd64 Packages [511 kB]
verify	Run npx playwright install --with-deps chromium webkit	2026-10-05T07:00:12.7782118Z Get:10 http://azure.archive.ubuntu.com/ubuntu noble-updates/main amd64 Packages [1364 kB]
verify	Run npx playwright install --with-deps chromium webkit	2026-10-05T07:00:12.7855522Z Get:11 http://azure.archive.ubuntu.com/ubuntu noble-updates/main Translation-en [304 kB]
verify	Run npx playwright install --with-deps chromium webkit	2026-10-05T07:00:12.7881183Z Get:12 http://azure.archive.ubuntu.com/ubuntu noble-updates/main amd64 Components [181 kB]
verify	Run npx playwright install --with-deps chromium webkit	2026-10-05T07:00:12.7919847Z Get:13 http://azure.archive.ubuntu.com/ubuntu noble-updates/universe amd64 Packages [1699 kB]
verify	Run npx playwright install --with-deps chromium webkit	2026-10-05T07:00:12.7990035Z Get:14 http://azure.archive.ubuntu.com/ubuntu noble-updates/universe Translation-en [341 kB]
verify	Run npx playwright install --with-deps chromium webkit	2026-10-05T07:00:12.8006409Z Get:15 http://azure.archive.ubuntu.com/ubuntu noble-updates/universe amd64 Components [388 kB]
verify	Run npx playwright install --with-deps chromium webkit	2026-10-05T07:00:12.8034148Z Get:16 http://azure.archive.ubuntu.com/ubuntu noble-updates/restricted amd64 Packages [1720 kB]
verify	Run npx playwright install --with-deps chromium webkit	2026-10-05T07:00:12.8134622Z Get:17 http://azure.archive.ubuntu.com/ubuntu noble-updates/restricted Translation-en [394 kB]
verify	Run npx playwright install --with-deps chromium webkit	2026-10-05T07:00:12.8142629Z Get:18 http://azure.archive.ubuntu.com/ubuntu noble-updates/multiverse amd64 Components [940 B]
verify	Run npx playwright install --with-deps chromium webkit	2026-10-05T07:00:12.8406068Z Get:19 http://azure.archive.ubuntu.com/ubuntu noble-backports/main amd64 Components [5776 B]
verify	Run npx playwright install --with-deps chromium webkit	2026-10-05T07:00:12.8844206Z Get:20 http://azure.archive.ubuntu.com/ubuntu noble-backports/universe amd64 Components [12.6 kB]
verify	Run npx playwright install --with-deps chromium webkit	2026-10-05T07:00:12.8949777Z Get:21 http://azure.archive.ubuntu.com/ubuntu noble-security/main amd64 Packages [1069 kB]
verify	Run npx playwright install --with-deps chromium webkit	2026-10-05T07:00:12.9002462Z Get:22 http://azure.archive.ubuntu.com/ubuntu noble-security/main Translation-en [221 kB]
verify	Run npx playwright install --with-deps chromium webkit	2026-10-05T07:00:12.9019838Z Get:23 http://azure.archive.ubuntu.com/ubuntu noble-security/main amd64 Components [46.4 kB]
verify	Run npx playwright install --with-deps chromium webkit	2026-10-05T07:00:12.9031995Z Get:24 http://azure.archive.ubuntu.com/ubuntu noble-security/universe amd64 Packages [1216 kB]
verify	Run npx playwright install --with-deps chromium webkit	2026-10-05T07:00:12.9086189Z Get:25 http://azure.archive.ubuntu.com/ubuntu noble-security/universe Translation-en [244 kB]
verify	Run npx playwright install --with-deps chromium webkit	2026-10-05T07:00:12.9105931Z Get:26 http://azure.archive.ubuntu.com/ubuntu noble-security/universe amd64 Components [76.4 kB]
verify	Run npx playwright install --with-deps chromium webkit	2026-10-05T07:00:12.9118902Z Get:27 http://azure.archive.ubuntu.com/ubuntu noble-security/restricted amd64 Packages [1566 kB]
verify	Run npx playwright install --with-deps chromium webkit	2026-10-05T07:00:12.9187011Z Get:28 http://azure.archive.ubuntu.com/ubuntu noble-security/restricted Translation-en [361 kB]
verify	Run npx playwright install --with-deps chromium webkit	2026-10-05T07:00:17.1205970Z Fetched 12.6 MB in 1s (8983 kB/s)
verify	Run npx playwright install --with-deps chromium webkit	2026-10-05T07:00:17.9080552Z Reading package lists...
verify	Run npx playwright install --with-deps chromium webkit	2026-10-05T07:00:17.9340132Z Reading package lists...
verify	Run npx playwright install --with-deps chromium webkit	2026-10-05T07:00:18.0799273Z Building dependency tree...
verify	Run npx playwright install --with-deps chromium webkit	2026-10-05T07:00:18.0805428Z Reading state information...
verify	Run npx playwright install --with-deps chromium webkit	2026-10-05T07:00:18.0959919Z libasound2t64 is already the newest version (1.2.11-1ubuntu0.3).
verify	Run npx playwright install --with-deps chromium webkit	2026-10-05T07:00:18.0961627Z libasound2t64 set to manually installed.
verify	Run npx playwright install --with-deps chromium webkit	2026-10-05T07:00:18.0962566Z libatk-bridge2.0-0t64 is already the newest version (2.52.0-1build1).
verify	Run npx playwright install --with-deps chromium webkit	2026-10-05T07:00:18.0963497Z libatk-bridge2.0-0t64 set to manually installed.
verify	Run npx playwright install --with-deps chromium webkit	2026-10-05T07:00:18.0964488Z libatk1.0-0t64 is already the newest version (2.52.0-1build1).
verify	Run npx playwright install --with-deps chromium webkit	2026-10-05T07:00:18.0965308Z libatk1.0-0t64 set to manually installed.
verify	Run npx playwright install --with-deps chromium webkit	2026-10-05T07:00:18.0966167Z libatspi2.0-0t64 is already the newest version (2.52.0-1build1).
verify	Run npx playwright install --with-deps chromium webkit	2026-10-05T07:00:18.0966964Z libatspi2.0-0t64 set to manually installed.
verify	Run npx playwright install --with-deps chromium webkit	2026-10-05T07:00:18.0967711Z libcairo2 is already the newest version (1.18.0-3build1).
verify	Run npx playwright install --with-deps chromium webkit	2026-10-05T07:00:18.0968408Z libcairo2 set to manually installed.
verify	Run npx playwright install --with-deps chromium webkit	2026-10-05T07:00:18.0969313Z libcups2t64 is already the newest version (2.4.7-1.2ubuntu7.14).
verify	Run npx playwright install --with-deps chromium webkit	2026-10-05T07:00:18.0970097Z libcups2t64 set to manually installed.
verify	Run npx playwright install --with-deps chromium webkit	2026-10-05T07:00:18.0970863Z libdbus-1-3 is already the newest version (1.14.10-4ubuntu4.1).
verify	Run npx playwright install --with-deps chromium webkit	2026-10-05T07:00:18.0971573Z libdbus-1-3 set to manually installed.
verify	Run npx playwright install --with-deps chromium webkit	2026-10-05T07:00:18.0972383Z libdrm2 is already the newest version (2.4.125-1ubuntu0.1~24.04.2).
verify	Run npx playwright install --with-deps chromium webkit	2026-10-05T07:00:18.0973075Z libdrm2 set to manually installed.
verify	Run npx playwright install --with-deps chromium webkit	2026-10-05T07:00:18.0973839Z libglib2.0-0t64 is already the newest version (2.80.0-6ubuntu3.9).
verify	Run npx playwright install --with-deps chromium webkit	2026-10-05T07:00:18.0974637Z libglib2.0-0t64 set to manually installed.
verify	Run npx playwright install --with-deps chromium webkit	2026-10-05T07:00:18.0975388Z libnspr4 is already the newest version (2:4.35-1.1build1).
verify	Run npx playwright install --with-deps chromium webkit	2026-10-05T07:00:18.0976203Z libnspr4 set to manually installed.
verify	Run npx playwright install --with-deps chromium webkit	2026-10-05T07:00:18.0976941Z libnss3 is already the newest version (2:3.98-1ubuntu0.2).
verify	Run npx playwright install --with-deps chromium webkit	2026-10-05T07:00:18.0977662Z libnss3 set to manually installed.
verify	Run npx playwright install --with-deps chromium webkit	2026-10-05T07:00:18.0978385Z libpango-1.0-0 is already the newest version (1.52.1+ds-1build1).
verify	Run npx playwright install --with-deps chromium webkit	2026-10-05T07:00:18.0979308Z libpango-1.0-0 set to manually installed.
verify	Run npx playwright install --with-deps chromium webkit	2026-10-05T07:00:18.0980008Z libx11-6 is already the newest version (2:1.8.7-1build1).
verify	Run npx playwright install --with-deps chromium webkit	2026-10-05T07:00:18.0980674Z libx11-6 set to manually installed.
verify	Run npx playwright install --with-deps chromium webkit	2026-10-05T07:00:18.0981406Z libxcb1 is already the newest version (1.15-1ubuntu2).
verify	Run npx playwright install --with-deps chromium webkit	2026-10-05T07:00:18.0982042Z libxcb1 set to manually installed.
verify	Run npx playwright install --with-deps chromium webkit	2026-10-05T07:00:18.0982796Z libxcomposite1 is already the newest version (1:0.4.5-1build3).
verify	Run npx playwright install --with-deps chromium webkit	2026-10-05T07:00:18.0983562Z libxcomposite1 set to manually installed.
verify	Run npx playwright install --with-deps chromium webkit	2026-10-05T07:00:18.0984313Z libxdamage1 is already the newest version (1:1.1.6-1build1).
verify	Run npx playwright install --with-deps chromium webkit	2026-10-05T07:00:18.0985034Z libxdamage1 set to manually installed.
verify	Run npx playwright install --with-deps chromium webkit	2026-10-05T07:00:18.0985779Z libxext6 is already the newest version (2:1.3.4-1build2).
verify	Run npx playwright install --with-deps chromium webkit	2026-10-05T07:00:18.0986463Z libxext6 set to manually installed.
verify	Run npx playwright install --with-deps chromium webkit	2026-10-05T07:00:18.0987150Z libxfixes3 is already the newest version (1:6.0.0-2build1).
verify	Run npx playwright install --with-deps chromium webkit	2026-10-05T07:00:18.0987921Z libxfixes3 set to manually installed.
verify	Run npx playwright install --with-deps chromium webkit	2026-10-05T07:00:18.0988930Z libxkbcommon0 is already the newest version (1.6.0-1build1).
verify	Run npx playwright install --with-deps chromium webkit	2026-10-05T07:00:18.0989667Z libxkbcommon0 set to manually installed.
verify	Run npx playwright install --with-deps chromium webkit	2026-10-05T07:00:18.0990444Z libxrandr2 is already the newest version (2:1.5.2-2build1).
verify	Run npx playwright install --with-deps chromium webkit	2026-10-05T07:00:18.0991110Z libxrandr2 set to manually installed.
verify	Run npx playwright install --with-deps chromium webkit	2026-10-05T07:00:18.0991892Z xvfb is already the newest version (2:21.1.12-1ubuntu1.8).
verify	Run npx playwright install --with-deps chromium webkit	2026-10-05T07:00:18.0992846Z fonts-noto-color-emoji is already the newest version (2.047-0ubuntu0.24.04.1).
verify	Run npx playwright install --with-deps chromium webkit	2026-10-05T07:00:18.0993805Z libfontconfig1 is already the newest version (2.15.0-1.1ubuntu2).
verify	Run npx playwright install --with-deps chromium webkit	2026-10-05T07:00:18.0994529Z libfontconfig1 set to manually installed.
verify	Run npx playwright install --with-deps chromium webkit	2026-10-05T07:00:18.0995350Z libfreetype6 is already the newest version (2.13.2+dfsg-1ubuntu0.1).
verify	Run npx playwright install --with-deps chromium webkit	2026-10-05T07:00:18.0996129Z libfreetype6 set to manually installed.
verify	Run npx playwright install --with-deps chromium webkit	2026-10-05T07:00:18.0997051Z fonts-liberation is already the newest version (1:2.1.5-3).
verify	Run npx playwright install --with-deps chromium webkit	2026-10-05T07:00:18.0997830Z fonts-liberation set to manually installed.
verify	Run npx playwright install --with-deps chromium webkit	2026-10-05T07:00:18.0998707Z libicu74 is already the newest version (74.2-1ubuntu3.1).
verify	Run npx playwright install --with-deps chromium webkit	2026-10-05T07:00:18.0999582Z libatomic1 is already the newest version (14.2.0-4ubuntu2~24.04.1).
verify	Run npx playwright install --with-deps chromium webkit	2026-10-05T07:00:18.1000352Z libatomic1 set to manually installed.
verify	Run npx playwright install --with-deps chromium webkit	2026-10-05T07:00:18.1001078Z libcairo-gobject2 is already the newest version (1.18.0-3build1).
verify	Run npx playwright install --with-deps chromium webkit	2026-10-05T07:00:18.1001994Z libcairo-gobject2 set to manually installed.
verify	Run npx playwright install --with-deps chromium webkit	2026-10-05T07:00:18.1002834Z libenchant-2-2 is already the newest version (2.3.3-2build2).
verify	Run npx playwright install --with-deps chromium webkit	2026-10-05T07:00:18.1003662Z libenchant-2-2 set to manually installed.
verify	Run npx playwright install --with-deps chromium webkit	2026-10-05T07:00:18.1004379Z libepoxy0 is already the newest version (1.5.10-1build1).
verify	Run npx playwright install --with-deps chromium webkit	2026-10-05T07:00:18.1005081Z libepoxy0 set to manually installed.
verify	Run npx playwright install --with-deps chromium webkit	2026-10-05T07:00:18.1005990Z libgdk-pixbuf-2.0-0 is already the newest version (2.42.10+dfsg-3ubuntu3.3).
verify	Run npx playwright install --with-deps chromium webkit	2026-10-05T07:00:18.1007050Z libgdk-pixbuf-2.0-0 set to manually installed.
verify	Run npx playwright install --with-deps chromium webkit	2026-10-05T07:00:18.1008067Z libgstreamer1.0-0 is already the newest version (1.24.2-1ubuntu0.1).
verify	Run npx playwright install --with-deps chromium webkit	2026-10-05T07:00:18.1009070Z libgstreamer1.0-0 set to manually installed.
verify	Run npx playwright install --with-deps chromium webkit	2026-10-05T07:00:18.1009894Z libharfbuzz0b is already the newest version (8.3.0-2build2).
verify	Run npx playwright install --with-deps chromium webkit	2026-10-05T07:00:18.1010763Z libharfbuzz0b set to manually installed.
verify	Run npx playwright install --with-deps chromium webkit	2026-10-05T07:00:18.1011575Z libjpeg-turbo8 is already the newest version (2.1.5-2ubuntu2).
verify	Run npx playwright install --with-deps chromium webkit	2026-10-05T07:00:18.1012429Z libjpeg-turbo8 set to manually installed.
verify	Run npx playwright install --with-deps chromium webkit	2026-10-05T07:00:18.1013308Z liblcms2-2 is already the newest version (2.14-2ubuntu0.1).
verify	Run npx playwright install --with-deps chromium webkit	2026-10-05T07:00:18.1014929Z liblcms2-2 set to manually installed.
verify	Run npx playwright install --with-deps chromium webkit	2026-10-05T07:00:18.1015773Z libpangocairo-1.0-0 is already the newest version (1.52.1+ds-1build1).
verify	Run npx playwright install --with-deps chromium webkit	2026-10-05T07:00:18.1016706Z libpangocairo-1.0-0 set to manually installed.
verify	Run npx playwright install --with-deps chromium webkit	2026-10-05T07:00:18.1017540Z libpng16-16t64 is already the newest version (1.6.43-5ubuntu0.6).
verify	Run npx playwright install --with-deps chromium webkit	2026-10-05T07:00:18.1018336Z libpng16-16t64 set to manually installed.
verify	Run npx playwright install --with-deps chromium webkit	2026-10-05T07:00:18.1019450Z libwayland-client0 is already the newest version (1.22.0-2.1build1).
verify	Run npx playwright install --with-deps chromium webkit	2026-10-05T07:00:18.1020380Z libwayland-client0 set to manually installed.
verify	Run npx playwright install --with-deps chromium webkit	2026-10-05T07:00:18.1021246Z libwayland-egl1 is already the newest version (1.22.0-2.1build1).
verify	Run npx playwright install --with-deps chromium webkit	2026-10-05T07:00:18.1022121Z libwayland-egl1 set to manually installed.
verify	Run npx playwright install --with-deps chromium webkit	2026-10-05T07:00:18.1022901Z libwebp7 is already the newest version (1.3.2-0.4build3).
verify	Run npx playwright install --with-deps chromium webkit	2026-10-05T07:00:18.1023721Z libwebp7 set to manually installed.
verify	Run npx playwright install --with-deps chromium webkit	2026-10-05T07:00:18.2384030Z libwebpdemux2 is already the newest version (1.3.2-0.4build3).
verify	Run npx playwright install --with-deps chromium webkit	2026-10-05T07:00:18.2385552Z libwebpdemux2 set to manually installed.
verify	Run npx playwright install --with-deps chromium webkit	2026-10-05T07:00:18.2386593Z libxml2 is already the newest version (2.9.14+dfsg-1.3ubuntu3.9).
verify	Run npx playwright install --with-deps chromium webkit	2026-10-05T07:00:18.2387593Z libxml2 set to manually installed.
verify	Run npx playwright install --with-deps chromium webkit	2026-10-05T07:00:18.2388798Z libxslt1.1 is already the newest version (1.1.39-0exp1ubuntu0.24.04.3).
verify	Run npx playwright install --with-deps chromium webkit	2026-10-05T07:00:18.2389863Z libxslt1.1 set to manually installed.
verify	Run npx playwright install --with-deps chromium webkit	2026-10-05T07:00:18.2390776Z The following additional packages will be installed:
verify	Run npx playwright install --with-deps chromium webkit	2026-10-05T07:00:18.2391693Z   glib-networking glib-networking-common glib-networking-services
verify	Run npx playwright install --with-deps chromium webkit	2026-10-05T07:00:18.2392892Z   gsettings-desktop-schemas libaa1 libabsl20220623t64 libass9 libasyncns0
verify	Run npx playwright install --with-deps chromium webkit	2026-10-05T07:00:18.2393969Z   libavc1394-0 libavcodec60 libavfilter9 libavformat60 libavtp0 libavutil58
verify	Run npx playwright install --with-deps chromium webkit	2026-10-05T07:00:18.2395189Z   libblas3 libbluray2 libbs2b0 libcaca0 libcairo-script-interpreter2
verify	Run npx playwright install --with-deps chromium webkit	2026-10-05T07:00:18.2396236Z   libcdparanoia0 libchromaprint1 libcjson1 libcodec2-1.2 libdav1d7
verify	Run npx playwright install --with-deps chromium webkit	2026-10-05T07:00:18.2397370Z   libdc1394-25 libdca0 libde265-0 libdecor-0-0 libdirectfb-1.7-7t64 libdv4t64
verify	Run npx playwright install --with-deps chromium webkit	2026-10-05T07:00:18.2398663Z   libdvdnav4 libdvdread8t64 libegl-mesa0 libegl1 libevent-core-2.1-7t64
verify	Run npx playwright install --with-deps chromium webkit	2026-10-05T07:00:18.2399582Z   libevent-pthreads-2.1-7t64 libfaad2 libflac12t64 libfluidsynth3 libfreeaptx0
verify	Run npx playwright install --with-deps chromium webkit	2026-10-05T07:00:18.2400397Z   libgav1-1 libgl1-mesa-dri libglx-mesa0 libgme0 libgraphene-1.0-0 libgsm1
verify	Run npx playwright install --with-deps chromium webkit	2026-10-05T07:00:18.2401139Z   libgssdp-1.6-0 libgstreamer-plugins-good1.0-0 libgtk-4-common libgupnp-1.6-0
verify	Run npx playwright install --with-deps chromium webkit	2026-10-05T07:00:18.2402017Z   libgupnp-igd-1.6-0 libhwy1t64 libiec61883-0 libimath-3-1-29t64
verify	Run npx playwright install --with-deps chromium webkit	2026-10-05T07:00:18.2402553Z   libinstpatch-1.0-2 libjack-jackd2-0 libjxl0.7 liblapack3 liblc3-1
verify	Run npx playwright install --with-deps chromium webkit	2026-10-05T07:00:18.2403324Z   libldacbt-enc2 liblilv-0-0 liblrdf0 libltc11 libmbedcrypto7t64 libmfx1
verify	Run npx playwright install --with-deps chromium webkit	2026-10-05T07:00:18.2404010Z   libmjpegutils-2.1-0t64 libmodplug1 libmp3lame0 libmpcdec6
verify	Run npx playwright install --with-deps chromium webkit	2026-10-05T07:00:18.2404541Z   libmpeg2encpp-2.1-0t64 libmpg123-0t64 libmplex2-2.1-0t64 libmysofa1
verify	Run npx playwright install --with-deps chromium webkit	2026-10-05T07:00:18.2405269Z   libneon27t64 libnice10 libopenal-data libopenal1 libopenexr-3-1-30
verify	Run npx playwright install --with-deps chromium webkit	2026-10-05T07:00:18.2405978Z   libopenh264-7 libopenmpt0t64 libopenni2-0 liborc-0.4-0t64
verify	Run npx playwright install --with-deps chromium webkit	2026-10-05T07:00:18.2406516Z   libpipewire-0.3-0t64 libplacebo338 libpocketsphinx3 libpostproc57
verify	Run npx playwright install --with-deps chromium webkit	2026-10-05T07:00:18.2407167Z   libproxy1v5 libpulse0 libqrencode4 libraptor2-0 librav1e0 libraw1394-11
verify	Run npx playwright install --with-deps chromium webkit	2026-10-05T07:00:18.2407882Z   librist4 librsvg2-2 librubberband2 libsamplerate0 libsbc1 libsdl2-2.0-0
verify	Run npx playwright install --with-deps chromium webkit	2026-10-05T07:00:18.2408908Z   libsecret-common libserd-0-0 libshine3 libshout3 libsndfile1 libsndio7.0
verify	Run npx playwright install --with-deps chromium webkit	2026-10-05T07:00:18.2409740Z   libsord-0-0 libsoundtouch1 libsoup-3.0-0 libsoup-3.0-common libsoxr0
verify	Run npx playwright install --with-deps chromium webkit	2026-10-05T07:00:18.2410601Z   libspa-0.2-modules libspandsp2t64 libspeex1 libsphinxbase3t64 libsratom-0-0
verify	Run npx playwright install --with-deps chromium webkit	2026-10-05T07:00:18.2411234Z   libsrt1.5-gnutls libsrtp2-1 libssh-gcrypt-4 libsvtav1enc1d1 libswresample4
verify	Run npx playwright install --with-deps chromium webkit	2026-10-05T07:00:18.2411857Z   libswscale7 libtag1v5 libtag1v5-vanilla libtheora0 libtwolame0 libudfread0
verify	Run npx playwright install --with-deps chromium webkit	2026-10-05T07:00:18.2412453Z   libunibreak5 libv4l-0t64 libv4lconvert0t64 libva-drm2 libva-x11-2 libva2
verify	Run npx playwright install --with-deps chromium webkit	2026-10-05T07:00:18.2413100Z   libvdpau1 libvidstab1.1 libvisual-0.4-0 libvo-aacenc0 libvo-amrwbenc0
verify	Run npx playwright install --with-deps chromium webkit	2026-10-05T07:00:18.2414095Z   libvorbisenc2 libvpl2 libwavpack1 libwebrtc-audio-processing1 libwildmidi2
verify	Run npx playwright install --with-deps chromium webkit	2026-10-05T07:00:18.2414950Z   libx265-199 libxcb-xkb1 libxkbcommon-x11-0 libxvidcore4 libyuv0 libzbar0t64
verify	Run npx playwright install --with-deps chromium webkit	2026-10-05T07:00:18.2415589Z   libzimg2 libzix-0-0 libzvbi-common libzvbi0t64 libzxing3 mesa-libgallium
verify	Run npx playwright install --with-deps chromium webkit	2026-10-05T07:00:18.2416191Z   ocl-icd-libopencl1 session-migration timgm6mb-soundfont xfonts-encodings
verify	Run npx playwright install --with-deps chromium webkit	2026-10-05T07:00:18.2416781Z   xfonts-utils
verify	Run npx playwright install --with-deps chromium webkit	2026-10-05T07:00:18.2417255Z Suggested packages:
verify	Run npx playwright install --with-deps chromium webkit	2026-10-05T07:00:18.2418032Z   frei0r-plugins gvfs libcuda1 libnvcuvid1 libnvidia-encode1 libbluray-bdj
verify	Run npx playwright install --with-deps chromium webkit	2026-10-05T07:00:18.2419241Z   libdirectfb-extra libdv-bin oss-compat libdvdcss2 libvisual-0.4-plugins
verify	Run npx playwright install --with-deps chromium webkit	2026-10-05T07:00:18.2420176Z   jackd2 liblrdf0-dev libportaudio2 opus-tools pipewire pulseaudio
verify	Run npx playwright install --with-deps chromium webkit	2026-10-05T07:00:18.2421034Z   raptor2-utils libraw1394-doc librsvg2-bin serdi sndiod sordi speex
verify	Run npx playwright install --with-deps chromium webkit	2026-10-05T07:00:18.2421859Z   libwildmidi-config opencl-icd fluid-soundfont-gm
verify	Run npx playwright install --with-deps chromium webkit	2026-10-05T07:00:18.2422418Z Recommended packages:
verify	Run npx playwright install --with-deps chromium webkit	2026-10-05T07:00:18.2423060Z   fonts-ipafont-mincho fonts-tlwg-loma gstreamer1.0-x libaacs0
verify	Run npx playwright install --with-deps chromium webkit	2026-10-05T07:00:18.2423896Z   default-libdecor-0-plugin-1 | libdecor-0-plugin-1 gstreamer1.0-gl
verify	Run npx playwright install --with-deps chromium webkit	2026-10-05T07:00:18.2424791Z   libgtk-4-bin librsvg2-common libgtk-4-media-gstreamer libpipewire-0.3-common
verify	Run npx playwright install --with-deps chromium webkit	2026-10-05T07:00:18.2425723Z   pocketsphinx-en-us va-driver-all | va-driver vdpau-driver-all | vdpau-driver
verify	Run npx playwright install --with-deps chromium webkit	2026-10-05T07:00:18.2426452Z   libmagickcore-6.q16-7-extra
verify	Run npx playwright install --with-deps chromium webkit	2026-10-05T07:00:18.2862997Z The following NEW packages will be installed:
verify	Run npx playwright install --with-deps chromium webkit	2026-10-05T07:00:18.2864013Z   fonts-freefont-ttf fonts-ipafont-gothic fonts-tlwg-loma-otf fonts-unifont
verify	Run npx playwright install --with-deps chromium webkit	2026-10-05T07:00:18.2865121Z   fonts-wqy-zenhei glib-networking glib-networking-common
verify	Run npx playwright install --with-deps chromium webkit	2026-10-05T07:00:18.2866096Z   glib-networking-services gsettings-desktop-schemas gstreamer1.0-libav
verify	Run npx playwright install --with-deps chromium webkit	2026-10-05T07:00:18.2867336Z   gstreamer1.0-plugins-bad gstreamer1.0-plugins-base gstreamer1.0-plugins-good
verify	Run npx playwright install --with-deps chromium webkit	2026-10-05T07:00:18.2868349Z   libaa1 libabsl20220623t64 libass9 libasyncns0 libavc1394-0 libavcodec60
verify	Run npx playwright install --with-deps chromium webkit	2026-10-05T07:00:18.2869501Z   libavfilter9 libavformat60 libavif16 libavtp0 libavutil58 libblas3
verify	Run npx playwright install --with-deps chromium webkit	2026-10-05T07:00:18.2870428Z   libbluray2 libbs2b0 libcaca0 libcairo-script-interpreter2 libcdparanoia0
verify	Run npx playwright install --with-deps chromium webkit	2026-10-05T07:00:18.2871512Z   libchromaprint1 libcjson1 libcodec2-1.2 libdav1d7 libdc1394-25 libdca0
verify	Run npx playwright install --with-deps chromium webkit	2026-10-05T07:00:18.2872357Z   libde265-0 libdecor-0-0 libdirectfb-1.7-7t64 libdv4t64 libdvdnav4
verify	Run npx playwright install --with-deps chromium webkit	2026-10-05T07:00:18.2873311Z   libdvdread8t64 libegl-mesa0 libegl1 libevent-2.1-7t64 libfaad2 libflac12t64
verify	Run npx playwright install --with-deps chromium webkit	2026-10-05T07:00:18.2874334Z   libflite1 libfluidsynth3 libfreeaptx0 libgav1-1 libgles2 libgme0
verify	Run npx playwright install --with-deps chromium webkit	2026-10-05T07:00:18.2875288Z   libgraphene-1.0-0 libgsm1 libgssdp-1.6-0 libgstreamer-gl1.0-0
verify	Run npx playwright install --with-deps chromium webkit	2026-10-05T07:00:18.2876193Z   libgstreamer-plugins-bad1.0-0 libgstreamer-plugins-base1.0-0
verify	Run npx playwright install --with-deps chromium webkit	2026-10-05T07:00:18.2877359Z   libgstreamer-plugins-good1.0-0 libgtk-4-1 libgtk-4-common libgupnp-1.6-0
verify	Run npx playwright install --with-deps chromium webkit	2026-10-05T07:00:18.2878342Z   libgupnp-igd-1.6-0 libharfbuzz-icu0 libhwy1t64 libhyphen0 libiec61883-0
verify	Run npx playwright install --with-deps chromium webkit	2026-10-05T07:00:18.2879545Z   libimath-3-1-29t64 libinstpatch-1.0-2 libjack-jackd2-0 libjxl0.7 liblapack3
verify	Run npx playwright install --with-deps chromium webkit	2026-10-05T07:00:18.2880524Z   liblc3-1 libldacbt-enc2 liblilv-0-0 liblrdf0 libltc11 libmanette-0.2-0
verify	Run npx playwright install --with-deps chromium webkit	2026-10-05T07:00:18.2881635Z   libmbedcrypto7t64 libmfx1 libmjpegutils-2.1-0t64 libmodplug1 libmp3lame0
verify	Run npx playwright install --with-deps chromium webkit	2026-10-05T07:00:18.2882618Z   libmpcdec6 libmpeg2encpp-2.1-0t64 libmpg123-0t64 libmplex2-2.1-0t64
verify	Run npx playwright install --with-deps chromium webkit	2026-10-05T07:00:18.2883470Z   libmysofa1 libneon27t64 libnice10 libopenal-data libopenal1
verify	Run npx playwright install --with-deps chromium webkit	2026-10-05T07:00:18.2884467Z   libopenexr-3-1-30 libopenh264-7 libopenmpt0t64 libopenni2-0 libopus0
verify	Run npx playwright install --with-deps chromium webkit	2026-10-05T07:00:18.2885330Z   liborc-0.4-0t64 libpipewire-0.3-0t64 libplacebo338 libpocketsphinx3
verify	Run npx playwright install --with-deps chromium webkit	2026-10-05T07:00:18.2886369Z   libpostproc57 libproxy1v5 libpulse0 libqrencode4 libraptor2-0 librav1e0
verify	Run npx playwright install --with-deps chromium webkit	2026-10-05T07:00:18.2887362Z   libraw1394-11 librist4 librsvg2-2 librubberband2 libsamplerate0 libsbc1
verify	Run npx playwright install --with-deps chromium webkit	2026-10-05T07:00:18.2888394Z   libsdl2-2.0-0 libsecret-1-0 libsecret-common libserd-0-0 libshine3 libshout3
verify	Run npx playwright install --with-deps chromium webkit	2026-10-05T07:00:18.2889665Z   libsndfile1 libsndio7.0 libsord-0-0 libsoundtouch1 libsoup-3.0-0
verify	Run npx playwright install --with-deps chromium webkit	2026-10-05T07:00:18.2890631Z   libsoup-3.0-common libsoxr0 libspa-0.2-modules libspandsp2t64 libspeex1
verify	Run npx playwright install --with-deps chromium webkit	2026-10-05T07:00:18.2891778Z   libsphinxbase3t64 libsratom-0-0 libsrt1.5-gnutls libsrtp2-1 libssh-gcrypt-4
verify	Run npx playwright install --with-deps chromium webkit	2026-10-05T07:00:18.2892855Z   libsvtav1enc1d1 libswresample4 libswscale7 libtag1v5 libtag1v5-vanilla
verify	Run npx playwright install --with-deps chromium webkit	2026-10-05T07:00:18.2893832Z   libtheora0 libtwolame0 libudfread0 libunibreak5 libv4l-0t64
verify	Run npx playwright install --with-deps chromium webkit	2026-10-05T07:00:18.2894699Z   libv4lconvert0t64 libva-drm2 libva-x11-2 libva2 libvdpau1 libvidstab1.1
verify	Run npx playwright install --with-deps chromium webkit	2026-10-05T07:00:18.2895752Z   libvisual-0.4-0 libvo-aacenc0 libvo-amrwbenc0 libvorbisenc2 libvpl2 libvpx9
verify	Run npx playwright install --with-deps chromium webkit	2026-10-05T07:00:18.2896760Z   libwavpack1 libwayland-server0 libwebrtc-audio-processing1 libwildmidi2
verify	Run npx playwright install --with-deps chromium webkit	2026-10-05T07:00:18.2897752Z   libwoff1 libx264-164 libx265-199 libxcb-xkb1 libxkbcommon-x11-0 libxvidcore4
verify	Run npx playwright install --with-deps chromium webkit	2026-10-05T07:00:18.2898941Z   libyuv0 libzbar0t64 libzimg2 libzix-0-0 libzvbi-common libzvbi0t64 libzxing3
verify	Run npx playwright install --with-deps chromium webkit	2026-10-05T07:00:18.2899940Z   ocl-icd-libopencl1 session-migration timgm6mb-soundfont xfonts-cyrillic
verify	Run npx playwright install --with-deps chromium webkit	2026-10-05T07:00:18.2900845Z   xfonts-encodings xfonts-scalable xfonts-utils
verify	Run npx playwright install --with-deps chromium webkit	2026-10-05T07:00:18.2901545Z The following packages will be upgraded:
verify	Run npx playwright install --with-deps chromium webkit	2026-10-05T07:00:18.2902366Z   libevent-core-2.1-7t64 libevent-pthreads-2.1-7t64 libgbm1 libgl1-mesa-dri
verify	Run npx playwright install --with-deps chromium webkit	2026-10-05T07:00:18.2903213Z   libglx-mesa0 mesa-libgallium
verify	Run npx playwright install --with-deps chromium webkit	2026-10-05T07:00:18.3063928Z 6 upgraded, 181 newly installed, 0 to remove and 19 not upgraded.
verify	Run npx playwright install --with-deps chromium webkit	2026-10-05T07:00:18.3064941Z Need to get 125 MB of archives.
verify	Run npx playwright install --with-deps chromium webkit	2026-10-05T07:00:18.3065797Z After this operation, 364 MB of additional disk space will be used.
verify	Run npx playwright install --with-deps chromium webkit	2026-10-05T07:00:18.3066713Z Get:1 file:/etc/apt/apt-mirrors.txt Mirrorlist [144 B]
verify	Run npx playwright install --with-deps chromium webkit	2026-10-05T07:00:18.3762749Z Get:2 http://azure.archive.ubuntu.com/ubuntu noble/universe amd64 fonts-ipafont-gothic all 00303-21ubuntu1 [3513 kB]
verify	Run npx playwright install --with-deps chromium webkit	2026-10-05T07:00:18.4755432Z Get:3 http://azure.archive.ubuntu.com/ubuntu noble/main amd64 fonts-freefont-ttf all 20211204+svn4273-2 [5641 kB]
verify	Run npx playwright install --with-deps chromium webkit	2026-10-05T07:00:18.6043904Z Get:4 http://azure.archive.ubuntu.com/ubuntu noble/universe amd64 fonts-tlwg-loma-otf all 1:0.7.3-1 [107 kB]
verify	Run npx playwright install --with-deps chromium webkit	2026-10-05T07:00:18.6523969Z Get:5 http://azure.archive.ubuntu.com/ubuntu noble/universe amd64 fonts-unifont all 1:15.1.01-1build1 [2993 kB]
verify	Run npx playwright install --with-deps chromium webkit	2026-10-05T07:00:18.7415341Z Get:6 http://azure.archive.ubuntu.com/ubuntu noble/universe amd64 fonts-wqy-zenhei all 0.9.45-8 [7472 kB]
verify	Run npx playwright install --with-deps chromium webkit	2026-10-05T07:00:18.8972972Z Get:7 http://azure.archive.ubuntu.com/ubuntu noble/main amd64 libproxy1v5 amd64 0.5.4-4build1 [26.5 kB]
verify	Run npx playwright install --with-deps chromium webkit	2026-10-05T07:00:18.9442603Z Get:8 http://azure.archive.ubuntu.com/ubuntu noble/main amd64 glib-networking-common all 2.80.0-1build1 [6702 B]
verify	Run npx playwright install --with-deps chromium webkit	2026-10-05T07:00:18.9910312Z Get:9 http://azure.archive.ubuntu.com/ubuntu noble/main amd64 glib-networking-services amd64 2.80.0-1build1 [12.8 kB]
verify	Run npx playwright install --with-deps chromium webkit	2026-10-05T07:00:19.0379346Z Get:10 http://azure.archive.ubuntu.com/ubuntu noble/main amd64 session-migration amd64 0.3.9build1 [9034 B]
verify	Run npx playwright install --with-deps chromium webkit	2026-10-05T07:00:19.0850762Z Get:11 http://azure.archive.ubuntu.com/ubuntu noble-updates/main amd64 gsettings-desktop-schemas all 46.1-0ubuntu1 [35.6 kB]
verify	Run npx playwright install --with-deps chromium webkit	2026-10-05T07:00:19.1321764Z Get:12 http://azure.archive.ubuntu.com/ubuntu noble/main amd64 glib-networking amd64 2.80.0-1build1 [64.1 kB]
verify	Run npx playwright install --with-deps chromium webkit	2026-10-05T07:00:19.1799013Z Get:13 http://azure.archive.ubuntu.com/ubuntu noble-updates/universe amd64 libva2 amd64 2.20.0-2ubuntu0.2 [66.4 kB]
verify	Run npx playwright install --with-deps chromium webkit	2026-10-05T07:00:19.2283455Z Get:14 http://azure.archive.ubuntu.com/ubuntu noble-updates/universe amd64 libva-drm2 amd64 2.20.0-2ubuntu0.2 [7124 B]
verify	Run npx playwright install --with-deps chromium webkit	2026-10-05T07:00:19.2749472Z Get:15 http://azure.archive.ubuntu.com/ubuntu noble-updates/universe amd64 libva-x11-2 amd64 2.20.0-2ubuntu0.2 [12.0 kB]
verify	Run npx playwright install --with-deps chromium webkit	2026-10-05T07:00:19.3220624Z Get:16 http://azure.archive.ubuntu.com/ubuntu noble/main amd64 libvdpau1 amd64 1.5-2build1 [27.8 kB]
verify	Run npx playwright install --with-deps chromium webkit	2026-10-05T07:00:19.3692098Z Get:17 http://azure.archive.ubuntu.com/ubuntu noble/universe amd64 libvpl2 amd64 2023.3.0-1build1 [99.8 kB]
verify	Run npx playwright install --with-deps chromium webkit	2026-10-05T07:00:19.4165901Z Get:18 http://azure.archive.ubuntu.com/ubuntu noble/universe amd64 ocl-icd-libopencl1 amd64 2.3.2-1build1 [38.5 kB]
verify	Run npx playwright install --with-deps chromium webkit	2026-10-05T07:00:19.4638084Z Get:19 http://azure.archive.ubuntu.com/ubuntu noble/universe amd64 libavutil58 amd64 7:6.1.1-3ubuntu5 [401 kB]
verify	Run npx playwright install --with-deps chromium webkit	2026-10-05T07:00:19.5164348Z Get:20 http://azure.archive.ubuntu.com/ubuntu noble/universe amd64 libcodec2-1.2 amd64 1.2.0-2build1 [8998 kB]
verify	Run npx playwright install --with-deps chromium webkit	2026-10-05T07:00:19.6923162Z Get:21 http://azure.archive.ubuntu.com/ubuntu noble/universe amd64 libdav1d7 amd64 1.4.1-1build1 [604 kB]
verify	Run npx playwright install --with-deps chromium webkit	2026-10-05T07:00:19.7469738Z Get:22 http://azure.archive.ubuntu.com/ubuntu noble/universe amd64 libgsm1 amd64 1.0.22-1build1 [27.8 kB]
verify	Run npx playwright install --with-deps chromium webkit	2026-10-05T07:00:19.7936952Z Get:23 http://azure.archive.ubuntu.com/ubuntu noble/universe amd64 libhwy1t64 amd64 1.0.7-8.1build1 [584 kB]
verify	Run npx playwright install --with-deps chromium webkit	2026-10-05T07:00:19.8478495Z Get:24 http://azure.archive.ubuntu.com/ubuntu noble-updates/universe amd64 libjxl0.7 amd64 0.7.0-10.2ubuntu6.1 [1001 kB]
verify	Run npx playwright install --with-deps chromium webkit	2026-10-05T07:00:19.9081971Z Get:25 http://azure.archive.ubuntu.com/ubuntu noble/main amd64 libmp3lame0 amd64 3.100-6build1 [142 kB]
verify	Run npx playwright install --with-deps chromium webkit	2026-10-05T07:00:19.9561998Z Get:26 http://azure.archive.ubuntu.com/ubuntu noble/main amd64 libopus0 amd64 1.4-1build1 [208 kB]
verify	Run npx playwright install --with-deps chromium webkit	2026-10-05T07:00:20.0044107Z Get:27 http://azure.archive.ubuntu.com/ubuntu noble/universe amd64 librav1e0 amd64 0.7.1-2 [1022 kB]
verify	Run npx playwright install --with-deps chromium webkit	2026-10-05T07:00:20.0647469Z Get:28 http://azure.archive.ubuntu.com/ubuntu noble/main amd64 librsvg2-2 amd64 2.58.0+dfsg-1build1 [2135 kB]
verify	Run npx playwright install --with-deps chromium webkit	2026-10-05T07:00:20.1412236Z Get:29 http://azure.archive.ubuntu.com/ubuntu noble/universe amd64 libshine3 amd64 3.1.1-2build1 [23.2 kB]
verify	Run npx playwright install --with-deps chromium webkit	2026-10-05T07:00:20.1880610Z Get:30 http://azure.archive.ubuntu.com/ubuntu noble-updates/main amd64 libspeex1 amd64 1.2.1-2ubuntu2.24.04.1 [59.6 kB]
verify	Run npx playwright install --with-deps chromium webkit	2026-10-05T07:00:20.2349494Z Get:31 http://azure.archive.ubuntu.com/ubuntu noble/universe amd64 libsvtav1enc1d1 amd64 1.7.0+dfsg-2build1 [2425 kB]
verify	Run npx playwright install --with-deps chromium webkit	2026-10-05T07:00:20.3157032Z Get:32 http://azure.archive.ubuntu.com/ubuntu noble/universe amd64 libsoxr0 amd64 0.1.3-4build3 [80.0 kB]
verify	Run npx playwright install --with-deps chromium webkit	2026-10-05T07:00:20.3628174Z Get:33 http://azure.archive.ubuntu.com/ubuntu noble/universe amd64 libswresample4 amd64 7:6.1.1-3ubuntu5 [63.8 kB]
verify	Run npx playwright install --with-deps chromium webkit	2026-10-05T07:00:20.4097013Z Get:34 http://azure.archive.ubuntu.com/ubuntu noble/main amd64 libtheora0 amd64 1.1.1+dfsg.1-16.1build3 [211 kB]
verify	Run npx playwright install --with-deps chromium webkit	2026-10-05T07:00:20.4589022Z Get:35 http://azure.archive.ubuntu.com/ubuntu noble/main amd64 libtwolame0 amd64 0.4.0-2build3 [52.3 kB]
verify	Run npx playwright install --with-deps chromium webkit	2026-10-05T07:00:20.5061553Z Get:36 http://azure.archive.ubuntu.com/ubuntu noble/main amd64 libvorbisenc2 amd64 1.3.7-1build3 [80.8 kB]
verify	Run npx playwright install --with-deps chromium webkit	2026-10-05T07:00:20.5532629Z Get:37 http://azure.archive.ubuntu.com/ubuntu noble-updates/main amd64 libvpx9 amd64 1.14.0-1ubuntu2.3 [1143 kB]
verify	Run npx playwright install --with-deps chromium webkit	2026-10-05T07:00:20.6211345Z Get:38 http://azure.archive.ubuntu.com/ubuntu noble/universe amd64 libx264-164 amd64 2:0.164.3108+git31e19f9-1 [604 kB]
verify	Run npx playwright install --with-deps chromium webkit	2026-10-05T07:00:20.6761468Z Get:39 http://azure.archive.ubuntu.com/ubuntu noble/universe amd64 libx265-199 amd64 3.5-2build1 [1226 kB]
verify	Run npx playwright install --with-deps chromium webkit	2026-10-05T07:00:20.7434283Z Get:40 http://azure.archive.ubuntu.com/ubuntu noble/universe amd64 libxvidcore4 amd64 2:1.3.7-1build1 [219 kB]
verify	Run npx playwright install --with-deps chromium webkit	2026-10-05T07:00:20.7927982Z Get:41 http://azure.archive.ubuntu.com/ubuntu noble/universe amd64 libzvbi-common all 0.2.42-2 [42.4 kB]
verify	Run npx playwright install --with-deps chromium webkit	2026-10-05T07:00:20.8401674Z Get:42 http://azure.archive.ubuntu.com/ubuntu noble/universe amd64 libzvbi0t64 amd64 0.2.42-2 [261 kB]
verify	Run npx playwright install --with-deps chromium webkit	2026-10-05T07:00:20.8925138Z Get:43 http://azure.archive.ubuntu.com/ubuntu noble/universe amd64 libavcodec60 amd64 7:6.1.1-3ubuntu5 [5851 kB]
verify	Run npx playwright install --with-deps chromium webkit	2026-10-05T07:00:21.0388791Z Get:44 http://azure.archive.ubuntu.com/ubuntu noble/universe amd64 libunibreak5 amd64 5.1-2build1 [25.0 kB]
verify	Run npx playwright install --with-deps chromium webkit	2026-10-05T07:00:21.0858435Z Get:45 http://azure.archive.ubuntu.com/ubuntu noble/universe amd64 libass9 amd64 1:0.17.1-2build1 [104 kB]
verify	Run npx playwright install --with-deps chromium webkit	2026-10-05T07:00:21.1331866Z Get:46 http://azure.archive.ubuntu.com/ubuntu noble/universe amd64 libudfread0 amd64 1.1.2-1build1 [19.0 kB]
verify	Run npx playwright install --with-deps chromium webkit	2026-10-05T07:00:21.1804365Z Get:47 http://azure.archive.ubuntu.com/ubuntu noble/universe amd64 libbluray2 amd64 1:1.3.4-1build1 [159 kB]
verify	Run npx playwright install --with-deps chromium webkit	2026-10-05T07:00:21.2282708Z Get:48 http://azure.archive.ubuntu.com/ubuntu noble/universe amd64 libchromaprint1 amd64 1.5.1-5 [30.5 kB]
verify	Run npx playwright install --with-deps chromium webkit	2026-10-05T07:00:21.2754641Z Get:49 http://azure.archive.ubuntu.com/ubuntu noble/universe amd64 libgme0 amd64 0.6.3-7build1 [134 kB]
verify	Run npx playwright install --with-deps chromium webkit	2026-10-05T07:00:21.3249028Z Get:50 http://azure.archive.ubuntu.com/ubuntu noble-updates/main amd64 libmpg123-0t64 amd64 1.32.5-1ubuntu1.1 [169 kB]
verify	Run npx playwright install --with-deps chromium webkit	2026-10-05T07:00:21.3758938Z Get:51 http://azure.archive.ubuntu.com/ubuntu noble/universe amd64 libopenmpt0t64 amd64 0.7.3-1.1build3 [647 kB]
verify	Run npx playwright install --with-deps chromium webkit	2026-10-05T07:00:21.4328974Z Get:52 http://azure.archive.ubuntu.com/ubuntu noble/universe amd64 libcjson1 amd64 1.7.17-1 [24.8 kB]
verify	Run npx playwright install --with-deps chromium webkit	2026-10-05T07:00:21.4807113Z Get:53 http://azure.archive.ubuntu.com/ubuntu noble/universe amd64 libmbedcrypto7t64 amd64 2.28.8-1 [209 kB]
verify	Run npx playwright install --with-deps chromium webkit	2026-10-05T07:00:21.5307525Z Get:54 http://azure.archive.ubuntu.com/ubuntu noble/universe amd64 librist4 amd64 0.2.10+dfsg-2 [74.9 kB]
verify	Run npx playwright install --with-deps chromium webkit	2026-10-05T07:00:21.5783957Z Get:55 http://azure.archive.ubuntu.com/ubuntu noble/universe amd64 libsrt1.5-gnutls amd64 1.5.3-1build2 [316 kB]
verify	Run npx playwright install --with-deps chromium webkit	2026-10-05T07:00:21.6303114Z Get:56 http://azure.archive.ubuntu.com/ubuntu noble-updates/main amd64 libssh-gcrypt-4 amd64 0.10.6-2ubuntu0.5 [226 kB]
verify	Run npx playwright install --with-deps chromium webkit	2026-10-05T07:00:21.6801732Z Get:57 http://azure.archive.ubuntu.com/ubuntu noble/universe amd64 libavformat60 amd64 7:6.1.1-3ubuntu5 [1153 kB]
verify	Run npx playwright install --with-deps chromium webkit	2026-10-05T07:00:21.7436030Z Get:58 http://azure.archive.ubuntu.com/ubuntu noble/universe amd64 libbs2b0 amd64 3.1.0+dfsg-7build1 [10.6 kB]
verify	Run npx playwright install --with-deps chromium webkit	2026-10-05T07:00:21.7908301Z Get:59 http://azure.archive.ubuntu.com/ubuntu noble/universe amd64 libflite1 amd64 2.2-6build3 [13.6 MB]
verify	Run npx playwright install --with-deps chromium webkit	2026-10-05T07:00:22.0410882Z Get:60 http://azure.archive.ubuntu.com/ubuntu noble/universe amd64 libserd-0-0 amd64 0.32.2-1 [43.6 kB]
verify	Run npx playwright install --with-deps chromium webkit	2026-10-05T07:00:22.0881829Z Get:61 http://azure.archive.ubuntu.com/ubuntu noble/universe amd64 libzix-0-0 amd64 0.4.2-2build1 [23.6 kB]
verify	Run npx playwright install --with-deps chromium webkit	2026-10-05T07:00:22.1349315Z Get:62 http://azure.archive.ubuntu.com/ubuntu noble/universe amd64 libsord-0-0 amd64 0.16.16-2build1 [15.8 kB]
verify	Run npx playwright install --with-deps chromium webkit	2026-10-05T07:00:22.1817933Z Get:63 http://azure.archive.ubuntu.com/ubuntu noble/universe amd64 libsratom-0-0 amd64 0.6.16-1build1 [17.3 kB]
verify	Run npx playwright install --with-deps chromium webkit	2026-10-05T07:00:22.2289874Z Get:64 http://azure.archive.ubuntu.com/ubuntu noble/universe amd64 liblilv-0-0 amd64 0.24.22-1build1 [41.0 kB]
verify	Run npx playwright install --with-deps chromium webkit	2026-10-05T07:00:22.2766111Z Get:65 http://azure.archive.ubuntu.com/ubuntu noble/universe amd64 libmysofa1 amd64 1.3.2+dfsg-2ubuntu2 [1158 kB]
verify	Run npx playwright install --with-deps chromium webkit	2026-10-05T07:00:22.3394932Z Get:66 http://azure.archive.ubuntu.com/ubuntu noble/universe amd64 libplacebo338 amd64 6.338.2-2build1 [2654 kB]
verify	Run npx playwright install --with-deps chromium webkit	2026-10-05T07:00:22.4264223Z Get:67 http://azure.archive.ubuntu.com/ubuntu noble-updates/main amd64 libblas3 amd64 3.12.0-3build1.1 [238 kB]
verify	Run npx playwright install --with-deps chromium webkit	2026-10-05T07:00:22.4755330Z Get:68 http://azure.archive.ubuntu.com/ubuntu noble-updates/main amd64 liblapack3 amd64 3.12.0-3build1.1 [2646 kB]
verify	Run npx playwright install --with-deps chromium webkit	2026-10-05T07:00:22.5633714Z Get:69 http://azure.archive.ubuntu.com/ubuntu noble/main amd64 libasyncns0 amd64 0.8-6build4 [11.3 kB]
verify	Run npx playwright install --with-deps chromium webkit	2026-10-05T07:00:22.6101893Z Get:70 http://azure.archive.ubuntu.com/ubuntu noble/main amd64 libflac12t64 amd64 1.4.3+ds-2.1ubuntu2 [197 kB]
verify	Run npx playwright install --with-deps chromium webkit	2026-10-05T07:00:22.6589455Z Get:71 http://azure.archive.ubuntu.com/ubuntu noble-updates/main amd64 libsndfile1 amd64 1.2.2-1ubuntu5.24.04.1 [209 kB]
verify	Run npx playwright install --with-deps chromium webkit	2026-10-05T07:00:22.7078640Z Get:72 http://azure.archive.ubuntu.com/ubuntu noble-updates/main amd64 libpulse0 amd64 1:16.1+dfsg1-2ubuntu10.1 [292 kB]
verify	Run npx playwright install --with-deps chromium webkit	2026-10-05T07:00:22.7580969Z Get:73 http://azure.archive.ubuntu.com/ubuntu noble/universe amd64 libsphinxbase3t64 amd64 0.8+5prealpha+1-17build2 [126 kB]
verify	Run npx playwright install --with-deps chromium webkit	2026-10-05T07:00:22.8064112Z Get:74 http://azure.archive.ubuntu.com/ubuntu noble/universe amd64 libpocketsphinx3 amd64 0.8.0+real5prealpha+1-15ubuntu5 [133 kB]
verify	Run npx playwright install --with-deps chromium webkit	2026-10-05T07:00:22.8542798Z Get:75 http://azure.archive.ubuntu.com/ubuntu noble/universe amd64 libpostproc57 amd64 7:6.1.1-3ubuntu5 [49.9 kB]
verify	Run npx playwright install --with-deps chromium webkit	2026-10-05T07:00:22.9482428Z Get:76 http://azure.archive.ubuntu.com/ubuntu noble/main amd64 libsamplerate0 amd64 0.2.2-4build1 [1344 kB]
verify	Run npx playwright install --with-deps chromium webkit	2026-10-05T07:00:23.3133475Z Get:77 http://azure.archive.ubuntu.com/ubuntu noble/universe amd64 librubberband2 amd64 3.3.0+dfsg-2build1 [130 kB]
verify	Run npx playwright install --with-deps chromium webkit	2026-10-05T07:00:23.3621804Z Get:78 http://azure.archive.ubuntu.com/ubuntu noble/universe amd64 libswscale7 amd64 7:6.1.1-3ubuntu5 [193 kB]
verify	Run npx playwright install --with-deps chromium webkit	2026-10-05T07:00:23.4121013Z Get:79 http://azure.archive.ubuntu.com/ubuntu noble/universe amd64 libvidstab1.1 amd64 1.1.0-2build1 [38.5 kB]
verify	Run npx playwright install --with-deps chromium webkit	2026-10-05T07:00:23.4592180Z Get:80 http://azure.archive.ubuntu.com/ubuntu noble/universe amd64 libzimg2 amd64 3.0.5+ds1-1build1 [254 kB]
verify	Run npx playwright install --with-deps chromium webkit	2026-10-05T07:00:23.5113539Z Get:81 http://azure.archive.ubuntu.com/ubuntu noble/universe amd64 libavfilter9 amd64 7:6.1.1-3ubuntu5 [4235 kB]
verify	Run npx playwright install --with-deps chromium webkit	2026-10-05T07:00:23.6587265Z Get:82 http://azure.archive.ubuntu.com/ubuntu noble-updates/main amd64 liborc-0.4-0t64 amd64 1:0.4.38-1ubuntu0.1 [207 kB]
verify	Run npx playwright install --with-deps chromium webkit	2026-10-05T07:00:23.7068075Z Get:83 http://azure.archive.ubuntu.com/ubuntu noble-updates/main amd64 libgstreamer-plugins-base1.0-0 amd64 1.24.2-1ubuntu0.5 [862 kB]
verify	Run npx playwright install --with-deps chromium webkit	2026-10-05T07:00:23.7627629Z Get:84 http://azure.archive.ubuntu.com/ubuntu noble/universe amd64 gstreamer1.0-libav amd64 1.24.1-1build1 [103 kB]
verify	Run npx playwright install --with-deps chromium webkit	2026-10-05T07:00:23.8108082Z Get:85 http://azure.archive.ubuntu.com/ubuntu noble/main amd64 libcdparanoia0 amd64 3.10.2+debian-14build3 [48.5 kB]
verify	Run npx playwright install --with-deps chromium webkit	2026-10-05T07:00:23.8585177Z Get:86 http://azure.archive.ubuntu.com/ubuntu noble/main amd64 libvisual-0.4-0 amd64 0.4.2-2build1 [115 kB]
verify	Run npx playwright install --with-deps chromium webkit	2026-10-05T07:00:23.9084090Z Get:87 http://azure.archive.ubuntu.com/ubuntu noble-updates/main amd64 gstreamer1.0-plugins-base amd64 1.24.2-1ubuntu0.5 [721 kB]
verify	Run npx playwright install --with-deps chromium webkit	2026-10-05T07:00:23.9622646Z Get:88 http://azure.archive.ubuntu.com/ubuntu noble/main amd64 libaa1 amd64 1.4p5-51.1 [49.9 kB]
verify	Run npx playwright install --with-deps chromium webkit	2026-10-05T07:00:24.0095402Z Get:89 http://azure.archive.ubuntu.com/ubuntu noble/main amd64 libraw1394-11 amd64 2.1.2-2build3 [26.2 kB]
verify	Run npx playwright install --with-deps chromium webkit	2026-10-05T07:00:24.0574633Z Get:90 http://azure.archive.ubuntu.com/ubuntu noble/main amd64 libavc1394-0 amd64 0.5.4-5build3 [15.4 kB]
verify	Run npx playwright install --with-deps chromium webkit	2026-10-05T07:00:24.1048654Z Get:91 http://azure.archive.ubuntu.com/ubuntu noble-updates/main amd64 libcaca0 amd64 0.99.beta20-4ubuntu0.2 [209 kB]
verify	Run npx playwright install --with-deps chromium webkit	2026-10-05T07:00:24.1562574Z Get:92 http://azure.archive.ubuntu.com/ubuntu noble/main amd64 libdv4t64 amd64 1.0.0-17.1build1 [63.2 kB]
verify	Run npx playwright install --with-deps chromium webkit	2026-10-05T07:00:24.2032819Z Get:93 http://azure.archive.ubuntu.com/ubuntu noble-updates/main amd64 libgstreamer-plugins-good1.0-0 amd64 1.24.2-1ubuntu1.8 [34.3 kB]
verify	Run npx playwright install --with-deps chromium webkit	2026-10-05T07:00:24.2502570Z Get:94 http://azure.archive.ubuntu.com/ubuntu noble/main amd64 libiec61883-0 amd64 1.2.0-6build1 [24.5 kB]
verify	Run npx playwright install --with-deps chromium webkit	2026-10-05T07:00:24.2984780Z Get:95 http://azure.archive.ubuntu.com/ubuntu noble/main amd64 libshout3 amd64 2.4.6-1build2 [50.3 kB]
verify	Run npx playwright install --with-deps chromium webkit	2026-10-05T07:00:24.3474129Z Get:96 http://azure.archive.ubuntu.com/ubuntu noble/main amd64 libtag1v5-vanilla amd64 1.13.1-1build1 [326 kB]
verify	Run npx playwright install --with-deps chromium webkit	2026-10-05T07:00:24.3966479Z Get:97 http://azure.archive.ubuntu.com/ubuntu noble/main amd64 libtag1v5 amd64 1.13.1-1build1 [11.7 kB]
verify	Run npx playwright install --with-deps chromium webkit	2026-10-05T07:00:24.4439494Z Get:98 http://azure.archive.ubuntu.com/ubuntu noble/main amd64 libv4lconvert0t64 amd64 1.26.1-4build3 [87.6 kB]
verify	Run npx playwright install --with-deps chromium webkit	2026-10-05T07:00:24.4919590Z Get:99 http://azure.archive.ubuntu.com/ubuntu noble/main amd64 libv4l-0t64 amd64 1.26.1-4build3 [46.9 kB]
verify	Run npx playwright install --with-deps chromium webkit	2026-10-05T07:00:24.5390780Z Get:100 http://azure.archive.ubuntu.com/ubuntu noble/main amd64 libwavpack1 amd64 5.6.0-1build1 [84.6 kB]
verify	Run npx playwright install --with-deps chromium webkit	2026-10-05T07:00:24.5875037Z Get:101 http://azure.archive.ubuntu.com/ubuntu noble-updates/main amd64 libsoup-3.0-common all 3.4.4-5ubuntu0.8 [11.7 kB]
verify	Run npx playwright install --with-deps chromium webkit	2026-10-05T07:00:24.6343575Z Get:102 http://azure.archive.ubuntu.com/ubuntu noble-updates/main amd64 libsoup-3.0-0 amd64 3.4.4-5ubuntu0.8 [290 kB]
verify	Run npx playwright install --with-deps chromium webkit	2026-10-05T07:00:24.6957652Z Get:103 http://azure.archive.ubuntu.com/ubuntu noble-updates/main amd64 gstreamer1.0-plugins-good amd64 1.24.2-1ubuntu1.8 [2236 kB]
verify	Run npx playwright install --with-deps chromium webkit	2026-10-05T07:00:24.7740953Z Get:104 http://azure.archive.ubuntu.com/ubuntu noble-updates/main amd64 libabsl20220623t64 amd64 20220623.1-3.1ubuntu3.2 [423 kB]
verify	Run npx playwright install --with-deps chromium webkit	2026-10-05T07:00:24.8261774Z Get:105 http://azure.archive.ubuntu.com/ubuntu noble/universe amd64 libgav1-1 amd64 0.18.0-1build3 [357 kB]
verify	Run npx playwright install --with-deps chromium webkit	2026-10-05T07:00:24.8775020Z Get:106 http://azure.archive.ubuntu.com/ubuntu noble/universe amd64 libyuv0 amd64 0.0~git202401110.af6ac82-1 [178 kB]
verify	Run npx playwright install --with-deps chromium webkit	2026-10-05T07:00:24.9259030Z Get:107 http://azure.archive.ubuntu.com/ubuntu noble/universe amd64 libavif16 amd64 1.0.4-1ubuntu3 [91.2 kB]
verify	Run npx playwright install --with-deps chromium webkit	2026-10-05T07:00:24.9729741Z Get:108 http://azure.archive.ubuntu.com/ubuntu noble/universe amd64 libavtp0 amd64 0.2.0-1build1 [6414 B]
verify	Run npx playwright install --with-deps chromium webkit	2026-10-05T07:00:25.0199638Z Get:109 http://azure.archive.ubuntu.com/ubuntu noble/main amd64 libcairo-script-interpreter2 amd64 1.18.0-3build1 [60.3 kB]
verify	Run npx playwright install --with-deps chromium webkit	2026-10-05T07:00:25.0672712Z Get:110 http://azure.archive.ubuntu.com/ubuntu noble/universe amd64 libdc1394-25 amd64 2.2.6-4build1 [90.1 kB]
verify	Run npx playwright install --with-deps chromium webkit	2026-10-05T07:00:25.1144812Z Get:111 http://azure.archive.ubuntu.com/ubuntu noble-updates/main amd64 libde265-0 amd64 1.0.15-1ubuntu0.1 [167 kB]
verify	Run npx playwright install --with-deps chromium webkit	2026-10-05T07:00:25.1649286Z Get:112 http://azure.archive.ubuntu.com/ubuntu noble/main amd64 libdecor-0-0 amd64 0.2.2-1build2 [16.5 kB]
verify	Run npx playwright install --with-deps chromium webkit	2026-10-05T07:00:25.2117648Z Get:113 http://azure.archive.ubuntu.com/ubuntu noble/main amd64 libgles2 amd64 1.7.0-1build1 [17.1 kB]
verify	Run npx playwright install --with-deps chromium webkit	2026-10-05T07:00:25.2586337Z Get:114 http://azure.archive.ubuntu.com/ubuntu noble/universe amd64 libdirectfb-1.7-7t64 amd64 1.7.7-11.1ubuntu2 [1035 kB]
verify	Run npx playwright install --with-deps chromium webkit	2026-10-05T07:00:25.3193213Z Get:115 http://azure.archive.ubuntu.com/ubuntu noble/universe amd64 libdvdread8t64 amd64 6.1.3-1.1build1 [54.7 kB]
verify	Run npx playwright install --with-deps chromium webkit	2026-10-05T07:00:25.3669892Z Get:116 http://azure.archive.ubuntu.com/ubuntu noble/universe amd64 libdvdnav4 amd64 6.1.1-3build1 [39.5 kB]
verify	Run npx playwright install --with-deps chromium webkit	2026-10-05T07:00:25.4141073Z Get:117 http://azure.archive.ubuntu.com/ubuntu noble-updates/main amd64 libgl1-mesa-dri amd64 25.2.8-0ubuntu0.24.04.4 [38.0 kB]
verify	Run npx playwright install --with-deps chromium webkit	2026-10-05T07:00:25.4613900Z Get:118 http://azure.archive.ubuntu.com/ubuntu noble-updates/main amd64 libglx-mesa0 amd64 25.2.8-0ubuntu0.24.04.4 [110 kB]
verify	Run npx playwright install --with-deps chromium webkit	2026-10-05T07:00:25.5088689Z Get:119 http://azure.archive.ubuntu.com/ubuntu noble-updates/main amd64 libgbm1 amd64 25.2.8-0ubuntu0.24.04.4 [34.2 kB]
verify	Run npx playwright install --with-deps chromium webkit	2026-10-05T07:00:25.5575400Z Get:120 http://azure.archive.ubuntu.com/ubuntu noble-updates/main amd64 mesa-libgallium amd64 25.2.8-0ubuntu0.24.04.4 [10.8 MB]
verify	Run npx playwright install --with-deps chromium webkit	2026-10-05T07:00:25.7611469Z Get:121 http://azure.archive.ubuntu.com/ubuntu noble-updates/main amd64 libegl-mesa0 amd64 25.2.8-0ubuntu0.24.04.4 [117 kB]
verify	Run npx playwright install --with-deps chromium webkit	2026-10-05T07:00:25.8086617Z Get:122 http://azure.archive.ubuntu.com/ubuntu noble-updates/main amd64 libevent-2.1-7t64 amd64 2.1.12-stable-9ubuntu2.2 [146 kB]
verify	Run npx playwright install --with-deps chromium webkit	2026-10-05T07:00:25.8578804Z Get:123 http://azure.archive.ubuntu.com/ubuntu noble-updates/main amd64 libevent-pthreads-2.1-7t64 amd64 2.1.12-stable-9ubuntu2.2 [7988 B]
verify	Run npx playwright install --with-deps chromium webkit	2026-10-05T07:00:25.9046274Z Get:124 http://azure.archive.ubuntu.com/ubuntu noble-updates/main amd64 libevent-core-2.1-7t64 amd64 2.1.12-stable-9ubuntu2.2 [91.9 kB]
verify	Run npx playwright install --with-deps chromium webkit	2026-10-05T07:00:25.9523189Z Get:125 http://azure.archive.ubuntu.com/ubuntu noble/universe amd64 libfaad2 amd64 2.11.1-1build1 [207 kB]
verify	Run npx playwright install --with-deps chromium webkit	2026-10-05T07:00:26.0011199Z Get:126 http://azure.archive.ubuntu.com/ubuntu noble/universe amd64 libinstpatch-1.0-2 amd64 1.1.6-1build2 [251 kB]
verify	Run npx playwright install --with-deps chromium webkit	2026-10-05T07:00:26.0503173Z Get:127 http://azure.archive.ubuntu.com/ubuntu noble/main amd64 libjack-jackd2-0 amd64 1.9.21~dfsg-3ubuntu3 [289 kB]
verify	Run npx playwright install --with-deps chromium webkit	2026-10-05T07:00:26.1001705Z Get:128 http://azure.archive.ubuntu.com/ubuntu noble/main amd64 libwebrtc-audio-processing1 amd64 0.3.1-0ubuntu6 [290 kB]
verify	Run npx playwright install --with-deps chromium webkit	2026-10-05T07:00:26.1500030Z Get:129 http://azure.archive.ubuntu.com/ubuntu noble-updates/main amd64 libspa-0.2-modules amd64 1.0.5-1ubuntu3.3 [628 kB]
verify	Run npx playwright install --with-deps chromium webkit	2026-10-05T07:00:26.2048336Z Get:130 http://azure.archive.ubuntu.com/ubuntu noble-updates/main amd64 libpipewire-0.3-0t64 amd64 1.0.5-1ubuntu3.3 [252 kB]
verify	Run npx playwright install --with-deps chromium webkit	2026-10-05T07:00:26.2539186Z Get:131 http://azure.archive.ubuntu.com/ubuntu noble-updates/main amd64 libsdl2-2.0-0 amd64 2.30.0+dfsg-1ubuntu3.1 [686 kB]
verify	Run npx playwright install --with-deps chromium webkit	2026-10-05T07:00:26.3095497Z Get:132 http://azure.archive.ubuntu.com/ubuntu noble/universe amd64 timgm6mb-soundfont all 1.3-5 [5427 kB]
verify	Run npx playwright install --with-deps chromium webkit	2026-10-05T07:00:26.4340895Z Get:133 http://azure.archive.ubuntu.com/ubuntu noble/universe amd64 libfluidsynth3 amd64 2.3.4-1build3 [249 kB]
verify	Run npx playwright install --with-deps chromium webkit	2026-10-05T07:00:26.4832522Z Get:134 http://azure.archive.ubuntu.com/ubuntu noble/main amd64 libfreeaptx0 amd64 0.1.1-2build1 [13.5 kB]
verify	Run npx playwright install --with-deps chromium webkit	2026-10-05T07:00:26.5309944Z Get:135 http://azure.archive.ubuntu.com/ubuntu noble/main amd64 libgraphene-1.0-0 amd64 1.10.8-3build2 [46.2 kB]
verify	Run npx playwright install --with-deps chromium webkit	2026-10-05T07:00:26.5834897Z Get:136 http://azure.archive.ubuntu.com/ubuntu noble/main amd64 libgssdp-1.6-0 amd64 1.6.3-1build3 [40.4 kB]
verify	Run npx playwright install --with-deps chromium webkit	2026-10-05T07:00:26.6310582Z Get:137 http://azure.archive.ubuntu.com/ubuntu noble/main amd64 libegl1 amd64 1.7.0-1build1 [28.7 kB]
verify	Run npx playwright install --with-deps chromium webkit	2026-10-05T07:00:26.6787589Z Get:138 http://azure.archive.ubuntu.com/ubuntu noble-updates/main amd64 libgstreamer-gl1.0-0 amd64 1.24.2-1ubuntu0.5 [214 kB]
verify	Run npx playwright install --with-deps chromium webkit	2026-10-05T07:00:26.7287683Z Get:139 http://azure.archive.ubuntu.com/ubuntu noble-updates/main amd64 libgtk-4-common all 4.14.5+ds-0ubuntu0.10 [1497 kB]
verify	Run npx playwright install --with-deps chromium webkit	2026-10-05T07:00:26.7971548Z Get:140 http://azure.archive.ubuntu.com/ubuntu noble-updates/main amd64 libgtk-4-1 amd64 4.14.5+ds-0ubuntu0.10 [3295 kB]
verify	Run npx playwright install --with-deps chromium webkit	2026-10-05T07:00:26.8914956Z Get:141 http://azure.archive.ubuntu.com/ubuntu noble/main amd64 libgupnp-1.6-0 amd64 1.6.6-1build3 [92.7 kB]
verify	Run npx playwright install --with-deps chromium webkit	2026-10-05T07:00:26.9392402Z Get:142 http://azure.archive.ubuntu.com/ubuntu noble/universe amd64 libgupnp-igd-1.6-0 amd64 1.6.0-3build3 [16.5 kB]
verify	Run npx playwright install --with-deps chromium webkit	2026-10-05T07:00:26.9866304Z Get:143 http://azure.archive.ubuntu.com/ubuntu noble/main amd64 libharfbuzz-icu0 amd64 8.3.0-2build2 [13.3 kB]
verify	Run npx playwright install --with-deps chromium webkit	2026-10-05T07:00:27.0342207Z Get:144 http://azure.archive.ubuntu.com/ubuntu noble/main amd64 libhyphen0 amd64 2.8.8-7build3 [26.5 kB]
verify	Run npx playwright install --with-deps chromium webkit	2026-10-05T07:00:27.0812420Z Get:145 http://azure.archive.ubuntu.com/ubuntu noble/universe amd64 libimath-3-1-29t64 amd64 3.1.9-3.1ubuntu2 [72.2 kB]
verify	Run npx playwright install --with-deps chromium webkit	2026-10-05T07:00:27.1284885Z Get:146 http://azure.archive.ubuntu.com/ubuntu noble/main amd64 liblc3-1 amd64 1.0.4-3build1 [69.7 kB]
verify	Run npx playwright install --with-deps chromium webkit	2026-10-05T07:00:27.1757968Z Get:147 http://azure.archive.ubuntu.com/ubuntu noble/main amd64 libldacbt-enc2 amd64 2.0.2.3+git20200429+ed310a0-4ubuntu2 [27.1 kB]
verify	Run npx playwright install --with-deps chromium webkit	2026-10-05T07:00:27.2227335Z Get:148 http://azure.archive.ubuntu.com/ubuntu noble-updates/main amd64 libraptor2-0 amd64 2.0.16-3ubuntu0.1 [165 kB]
verify	Run npx playwright install --with-deps chromium webkit	2026-10-05T07:00:27.2710436Z Get:149 http://azure.archive.ubuntu.com/ubuntu noble/universe amd64 liblrdf0 amd64 0.6.1-4build1 [18.5 kB]
verify	Run npx playwright install --with-deps chromium webkit	2026-10-05T07:00:27.3180318Z Get:150 http://azure.archive.ubuntu.com/ubuntu noble/universe amd64 libltc11 amd64 1.3.2-1build1 [13.0 kB]
verify	Run npx playwright install --with-deps chromium webkit	2026-10-05T07:00:27.3651812Z Get:151 http://azure.archive.ubuntu.com/ubuntu noble/main amd64 libmanette-0.2-0 amd64 0.2.7-1build2 [30.6 kB]
verify	Run npx playwright install --with-deps chromium webkit	2026-10-05T07:00:27.4125958Z Get:152 http://azure.archive.ubuntu.com/ubuntu noble/universe amd64 libmfx1 amd64 22.5.4-1 [3124 kB]
verify	Run npx playwright install --with-deps chromium webkit	2026-10-05T07:00:27.5035688Z Get:153 http://azure.archive.ubuntu.com/ubuntu noble/universe amd64 libmjpegutils-2.1-0t64 amd64 1:2.1.0+debian-8.1build1 [25.5 kB]
verify	Run npx playwright install --with-deps chromium webkit	2026-10-05T07:00:27.5505230Z Get:154 http://azure.archive.ubuntu.com/ubuntu noble/universe amd64 libmodplug1 amd64 1:0.8.9.0-3build1 [166 kB]
verify	Run npx playwright install --with-deps chromium webkit	2026-10-05T07:00:27.5986122Z Get:155 http://azure.archive.ubuntu.com/ubuntu noble/universe amd64 libmpcdec6 amd64 2:0.1~r495-2build1 [32.7 kB]
verify	Run npx playwright install --with-deps chromium webkit	2026-10-05T07:00:27.6458797Z Get:156 http://azure.archive.ubuntu.com/ubuntu noble/universe amd64 libmpeg2encpp-2.1-0t64 amd64 1:2.1.0+debian-8.1build1 [75.6 kB]
verify	Run npx playwright install --with-deps chromium webkit	2026-10-05T07:00:27.6938135Z Get:157 http://azure.archive.ubuntu.com/ubuntu noble/universe amd64 libmplex2-2.1-0t64 amd64 1:2.1.0+debian-8.1build1 [46.1 kB]
verify	Run npx playwright install --with-deps chromium webkit	2026-10-05T07:00:27.7409554Z Get:158 http://azure.archive.ubuntu.com/ubuntu noble/universe amd64 libneon27t64 amd64 0.33.0-1.1build3 [102 kB]
verify	Run npx playwright install --with-deps chromium webkit	2026-10-05T07:00:27.7919021Z Get:159 http://azure.archive.ubuntu.com/ubuntu noble/universe amd64 libnice10 amd64 0.1.21-2build3 [157 kB]
verify	Run npx playwright install --with-deps chromium webkit	2026-10-05T07:00:27.8395504Z Get:160 http://azure.archive.ubuntu.com/ubuntu noble/universe amd64 libopenal-data all 1:1.23.1-4build1 [161 kB]
verify	Run npx playwright install --with-deps chromium webkit	2026-10-05T07:00:27.8879258Z Get:161 http://azure.archive.ubuntu.com/ubuntu noble/universe amd64 libopenexr-3-1-30 amd64 3.1.5-5.1build3 [1004 kB]
verify	Run npx playwright install --with-deps chromium webkit	2026-10-05T07:00:27.9482384Z Get:162 http://azure.archive.ubuntu.com/ubuntu noble/universe amd64 libopenh264-7 amd64 2.4.1+dfsg-1 [409 kB]
verify	Run npx playwright install --with-deps chromium webkit	2026-10-05T07:00:27.9999957Z Get:163 http://azure.archive.ubuntu.com/ubuntu noble/universe amd64 libopenni2-0 amd64 2.2.0.33+dfsg-18 [370 kB]
verify	Run npx playwright install --with-deps chromium webkit	2026-10-05T07:00:28.0508227Z Get:164 http://azure.archive.ubuntu.com/ubuntu noble/universe amd64 libqrencode4 amd64 4.1.1-1build2 [25.0 kB]
verify	Run npx playwright install --with-deps chromium webkit	2026-10-05T07:00:28.0976786Z Get:165 http://azure.archive.ubuntu.com/ubuntu noble/main amd64 libsecret-common all 0.21.4-1build3 [4962 B]
verify	Run npx playwright install --with-deps chromium webkit	2026-10-05T07:00:28.1468767Z Get:166 http://azure.archive.ubuntu.com/ubuntu noble/main amd64 libsecret-1-0 amd64 0.21.4-1build3 [116 kB]
verify	Run npx playwright install --with-deps chromium webkit	2026-10-05T07:00:28.1943444Z Get:167 http://azure.archive.ubuntu.com/ubuntu noble/universe amd64 libsndio7.0 amd64 1.9.0-0.3build3 [29.6 kB]
verify	Run npx playwright install --with-deps chromium webkit	2026-10-05T07:00:28.2412593Z Get:168 http://azure.archive.ubuntu.com/ubuntu noble/universe amd64 libsoundtouch1 amd64 2.3.2+ds1-1build1 [60.5 kB]
verify	Run npx playwright install --with-deps chromium webkit	2026-10-05T07:00:28.2885002Z Get:169 http://azure.archive.ubuntu.com/ubuntu noble/universe amd64 libspandsp2t64 amd64 0.0.6+dfsg-2.1build1 [311 kB]
verify	Run npx playwright install --with-deps chromium webkit	2026-10-05T07:00:28.3389356Z Get:170 http://azure.archive.ubuntu.com/ubuntu noble/universe amd64 libsrtp2-1 amd64 2.5.0-3build1 [41.9 kB]
verify	Run npx playwright install --with-deps chromium webkit	2026-10-05T07:00:28.3875390Z Get:171 http://azure.archive.ubuntu.com/ubuntu noble/main amd64 libwayland-server0 amd64 1.22.0-2.1build1 [33.9 kB]
verify	Run npx playwright install --with-deps chromium webkit	2026-10-05T07:00:28.4347555Z Get:172 http://azure.archive.ubuntu.com/ubuntu noble/universe amd64 libwildmidi2 amd64 0.4.3-1build3 [68.5 kB]
verify	Run npx playwright install --with-deps chromium webkit	2026-10-05T07:00:28.4818884Z Get:173 http://azure.archive.ubuntu.com/ubuntu noble/main amd64 libwoff1 amd64 1.0.2-2build1 [45.3 kB]
verify	Run npx playwright install --with-deps chromium webkit	2026-10-05T07:00:28.5287040Z Get:174 http://azure.archive.ubuntu.com/ubuntu noble/main amd64 libxcb-xkb1 amd64 1.15-1ubuntu2 [32.3 kB]
verify	Run npx playwright install --with-deps chromium webkit	2026-10-05T07:00:28.5755872Z Get:175 http://azure.archive.ubuntu.com/ubuntu noble/main amd64 libxkbcommon-x11-0 amd64 1.6.0-1build1 [14.5 kB]
verify	Run npx playwright install --with-deps chromium webkit	2026-10-05T07:00:28.6230889Z Get:176 http://azure.archive.ubuntu.com/ubuntu noble/universe amd64 libzbar0t64 amd64 0.23.93-4build3 [123 kB]
verify	Run npx playwright install --with-deps chromium webkit	2026-10-05T07:00:28.6722212Z Get:177 http://azure.archive.ubuntu.com/ubuntu noble/universe amd64 libzxing3 amd64 2.2.1-3 [583 kB]
verify	Run npx playwright install --with-deps chromium webkit	2026-10-05T07:00:28.9125306Z Get:178 http://azure.archive.ubuntu.com/ubuntu noble/main amd64 xfonts-encodings all 1:1.0.5-0ubuntu2 [578 kB]
verify	Run npx playwright install --with-deps chromium webkit	2026-10-05T07:00:28.9884540Z Get:179 http://azure.archive.ubuntu.com/ubuntu noble/main amd64 xfonts-utils amd64 1:7.7+6build3 [94.4 kB]
verify	Run npx playwright install --with-deps chromium webkit	2026-10-05T07:00:29.0397704Z Get:180 http://azure.archive.ubuntu.com/ubuntu noble/universe amd64 xfonts-cyrillic all 1:1.0.5+nmu1 [384 kB]
verify	Run npx playwright install --with-deps chromium webkit	2026-10-05T07:00:29.1028255Z Get:181 http://azure.archive.ubuntu.com/ubuntu noble/main amd64 xfonts-scalable all 1:1.0.3-1.3 [304 kB]
verify	Run npx playwright install --with-deps chromium webkit	2026-10-05T07:00:29.1620841Z Get:182 http://azure.archive.ubuntu.com/ubuntu noble/universe amd64 libgstreamer-plugins-bad1.0-0 amd64 1.24.2-1ubuntu4 [797 kB]
verify	Run npx playwright install --with-deps chromium webkit	2026-10-05T07:00:29.2432530Z Get:183 http://azure.archive.ubuntu.com/ubuntu noble/universe amd64 libdca0 amd64 0.0.7-2build1 [93.8 kB]
verify	Run npx playwright install --with-deps chromium webkit	2026-10-05T07:00:29.2922564Z Get:184 http://azure.archive.ubuntu.com/ubuntu noble/universe amd64 libopenal1 amd64 1:1.23.1-4build1 [540 kB]
verify	Run npx playwright install --with-deps chromium webkit	2026-10-05T07:00:29.3568285Z Get:185 http://azure.archive.ubuntu.com/ubuntu noble/main amd64 libsbc1 amd64 2.0-1build1 [33.9 kB]
verify	Run npx playwright install --with-deps chromium webkit	2026-10-05T07:00:29.4043121Z Get:186 http://azure.archive.ubuntu.com/ubuntu noble/universe amd64 libvo-aacenc0 amd64 0.1.3-2build1 [67.8 kB]
verify	Run npx playwright install --with-deps chromium webkit	2026-10-05T07:00:29.4523307Z Get:187 http://azure.archive.ubuntu.com/ubuntu noble/universe amd64 libvo-amrwbenc0 amd64 0.1.3-2build1 [76.7 kB]
verify	Run npx playwright install --with-deps chromium webkit	2026-10-05T07:00:29.5009950Z Get:188 http://azure.archive.ubuntu.com/ubuntu noble/universe amd64 gstreamer1.0-plugins-bad amd64 1.24.2-1ubuntu4 [3081 kB]
verify	Run npx playwright install --with-deps chromium webkit	2026-10-05T07:00:29.9323104Z Fetched 125 MB in 11s (11.1 MB/s)
verify	Run npx playwright install --with-deps chromium webkit	2026-10-05T07:00:29.9660115Z Selecting previously unselected package fonts-ipafont-gothic.
verify	Run npx playwright install --with-deps chromium webkit	2026-10-05T07:00:29.9871651Z (Reading database ... 
verify	Run npx playwright install --with-deps chromium webkit	2026-10-05T07:00:29.9872102Z (Reading database ... 5%
verify	Run npx playwright install --with-deps chromium webkit	2026-10-05T07:00:29.9872605Z (Reading database ... 10%
verify	Run npx playwright install --with-deps chromium webkit	2026-10-05T07:00:29.9873001Z (Reading database ... 15%
verify	Run npx playwright install --with-deps chromium webkit	2026-10-05T07:00:29.9873408Z (Reading database ... 20%
verify	Run npx playwright install --with-deps chromium webkit	2026-10-05T07:00:29.9873853Z (Reading database ... 25%
verify	Run npx playwright install --with-deps chromium webkit	2026-10-05T07:00:29.9874275Z (Reading database ... 30%
verify	Run npx playwright install --with-deps chromium webkit	2026-10-05T07:00:29.9874705Z (Reading database ... 35%
verify	Run npx playwright install --with-deps chromium webkit	2026-10-05T07:00:29.9875082Z (Reading database ... 40%
verify	Run npx playwright install --with-deps chromium webkit	2026-10-05T07:00:29.9875394Z (Reading database ... 45%
verify	Run npx playwright install --with-deps chromium webkit	2026-10-05T07:00:29.9875749Z (Reading database ... 50%
verify	Run npx playwright install --with-deps chromium webkit	2026-10-05T07:00:29.9906586Z (Reading database ... 55%
verify	Run npx playwright install --with-deps chromium webkit	2026-10-05T07:00:30.0701377Z (Reading database ... 60%
verify	Run npx playwright install --with-deps chromium webkit	2026-10-05T07:00:30.3154271Z (Reading database ... 65%
verify	Run npx playwright install --with-deps chromium webkit	2026-10-05T07:00:30.5049831Z (Reading database ... 70%
verify	Run npx playwright install --with-deps chromium webkit	2026-10-05T07:00:30.6633859Z (Reading database ... 75%
verify	Run npx playwright install --with-deps chromium webkit	2026-10-05T07:00:30.8070497Z (Reading database ... 80%
verify	Run npx playwright install --with-deps chromium webkit	2026-10-05T07:00:30.9599833Z (Reading database ... 85%
verify	Run npx playwright install --with-deps chromium webkit	2026-10-05T07:00:31.0744883Z (Reading database ... 90%
verify	Run npx playwright install --with-deps chromium webkit	2026-10-05T07:00:31.1870605Z (Reading database ... 95%
verify	Run npx playwright install --with-deps chromium webkit	2026-10-05T07:00:31.1871663Z (Reading database ... 100%
verify	Run npx playwright install --with-deps chromium webkit	2026-10-05T07:00:31.1872604Z (Reading database ... 202296 files and directories currently installed.)
verify	Run npx playwright install --with-deps chromium webkit	2026-10-05T07:00:31.1914772Z Preparing to unpack .../000-fonts-ipafont-gothic_00303-21ubuntu1_all.deb ...
verify	Run npx playwright install --with-deps chromium webkit	2026-10-05T07:00:31.2009312Z Unpacking fonts-ipafont-gothic (00303-21ubuntu1) ...
verify	Run npx playwright install --with-deps chromium webkit	2026-10-05T07:00:31.4797282Z Selecting previously unselected package fonts-freefont-ttf.
verify	Run npx playwright install --with-deps chromium webkit	2026-10-05T07:00:31.4916876Z Preparing to unpack .../001-fonts-freefont-ttf_20211204+svn4273-2_all.deb ...
verify	Run npx playwright install --with-deps chromium webkit	2026-10-05T07:00:31.4929807Z Unpacking fonts-freefont-ttf (20211204+svn4273-2) ...
verify	Run npx playwright install --with-deps chromium webkit	2026-10-05T07:00:31.6080325Z Selecting previously unselected package fonts-tlwg-loma-otf.
verify	Run npx playwright install --with-deps chromium webkit	2026-10-05T07:00:31.6200541Z Preparing to unpack .../002-fonts-tlwg-loma-otf_1%3a0.7.3-1_all.deb ...
verify	Run npx playwright install --with-deps chromium webkit	2026-10-05T07:00:31.6212452Z Unpacking fonts-tlwg-loma-otf (1:0.7.3-1) ...
verify	Run npx playwright install --with-deps chromium webkit	2026-10-05T07:00:31.6381632Z Selecting previously unselected package fonts-unifont.
verify	Run npx playwright install --with-deps chromium webkit	2026-10-05T07:00:31.6499441Z Preparing to unpack .../003-fonts-unifont_1%3a15.1.01-1build1_all.deb ...
verify	Run npx playwright install --with-deps chromium webkit	2026-10-05T07:00:31.6509641Z Unpacking fonts-unifont (1:15.1.01-1build1) ...
verify	Run npx playwright install --with-deps chromium webkit	2026-10-05T07:00:31.8819530Z Selecting previously unselected package fonts-wqy-zenhei.
verify	Run npx playwright install --with-deps chromium webkit	2026-10-05T07:00:31.8943858Z Preparing to unpack .../004-fonts-wqy-zenhei_0.9.45-8_all.deb ...
verify	Run npx playwright install --with-deps chromium webkit	2026-10-05T07:00:31.9031690Z Unpacking fonts-wqy-zenhei (0.9.45-8) ...
verify	Run npx playwright install --with-deps chromium webkit	2026-10-05T07:00:32.4817373Z Selecting previously unselected package libproxy1v5:amd64.
verify	Run npx playwright install --with-deps chromium webkit	2026-10-05T07:00:32.4938388Z Preparing to unpack .../005-libproxy1v5_0.5.4-4build1_amd64.deb ...
verify	Run npx playwright install --with-deps chromium webkit	2026-10-05T07:00:32.4960814Z Unpacking libproxy1v5:amd64 (0.5.4-4build1) ...
verify	Run npx playwright install --with-deps chromium webkit	2026-10-05T07:00:32.5132740Z Selecting previously unselected package glib-networking-common.
verify	Run npx playwright install --with-deps chromium webkit	2026-10-05T07:00:32.5252593Z Preparing to unpack .../006-glib-networking-common_2.80.0-1build1_all.deb ...
verify	Run npx playwright install --with-deps chromium webkit	2026-10-05T07:00:32.5263212Z Unpacking glib-networking-common (2.80.0-1build1) ...
verify	Run npx playwright install --with-deps chromium webkit	2026-10-05T07:00:32.5582676Z Selecting previously unselected package glib-networking-services.
verify	Run npx playwright install --with-deps chromium webkit	2026-10-05T07:00:32.5693300Z Preparing to unpack .../007-glib-networking-services_2.80.0-1build1_amd64.deb ...
verify	Run npx playwright install --with-deps chromium webkit	2026-10-05T07:00:32.5703071Z Unpacking glib-networking-services (2.80.0-1build1) ...
verify	Run npx playwright install --with-deps chromium webkit	2026-10-05T07:00:32.5879730Z Selecting previously unselected package session-migration.
verify	Run npx playwright install --with-deps chromium webkit	2026-10-05T07:00:32.5983602Z Preparing to unpack .../008-session-migration_0.3.9build1_amd64.deb ...
verify	Run npx playwright install --with-deps chromium webkit	2026-10-05T07:00:32.5993269Z Unpacking session-migration (0.3.9build1) ...
verify	Run npx playwright install --with-deps chromium webkit	2026-10-05T07:00:32.6175901Z Selecting previously unselected package gsettings-desktop-schemas.
verify	Run npx playwright install --with-deps chromium webkit	2026-10-05T07:00:32.6277739Z Preparing to unpack .../009-gsettings-desktop-schemas_46.1-0ubuntu1_all.deb ...
verify	Run npx playwright install --with-deps chromium webkit	2026-10-05T07:00:32.6287296Z Unpacking gsettings-desktop-schemas (46.1-0ubuntu1) ...
verify	Run npx playwright install --with-deps chromium webkit	2026-10-05T07:00:32.6489554Z Selecting previously unselected package glib-networking:amd64.
verify	Run npx playwright install --with-deps chromium webkit	2026-10-05T07:00:32.6591444Z Preparing to unpack .../010-glib-networking_2.80.0-1build1_amd64.deb ...
verify	Run npx playwright install --with-deps chromium webkit	2026-10-05T07:00:32.6600997Z Unpacking glib-networking:amd64 (2.80.0-1build1) ...
verify	Run npx playwright install --with-deps chromium webkit	2026-10-05T07:00:32.6779772Z Selecting previously unselected package libva2:amd64.
verify	Run npx playwright install --with-deps chromium webkit	2026-10-05T07:00:32.6881341Z Preparing to unpack .../011-libva2_2.20.0-2ubuntu0.2_amd64.deb ...
verify	Run npx playwright install --with-deps chromium webkit	2026-10-05T07:00:32.6890846Z Unpacking libva2:amd64 (2.20.0-2ubuntu0.2) ...
verify	Run npx playwright install --with-deps chromium webkit	2026-10-05T07:00:32.7060506Z Selecting previously unselected package libva-drm2:amd64.
verify	Run npx playwright install --with-deps chromium webkit	2026-10-05T07:00:32.7165148Z Preparing to unpack .../012-libva-drm2_2.20.0-2ubuntu0.2_amd64.deb ...
verify	Run npx playwright install --with-deps chromium webkit	2026-10-05T07:00:32.7176264Z Unpacking libva-drm2:amd64 (2.20.0-2ubuntu0.2) ...
verify	Run npx playwright install --with-deps chromium webkit	2026-10-05T07:00:32.7344542Z Selecting previously unselected package libva-x11-2:amd64.
verify	Run npx playwright install --with-deps chromium webkit	2026-10-05T07:00:32.7450096Z Preparing to unpack .../013-libva-x11-2_2.20.0-2ubuntu0.2_amd64.deb ...
verify	Run npx playwright install --with-deps chromium webkit	2026-10-05T07:00:32.7462582Z Unpacking libva-x11-2:amd64 (2.20.0-2ubuntu0.2) ...
verify	Run npx playwright install --with-deps chromium webkit	2026-10-05T07:00:32.7632367Z Selecting previously unselected package libvdpau1:amd64.
verify	Run npx playwright install --with-deps chromium webkit	2026-10-05T07:00:32.7735932Z Preparing to unpack .../014-libvdpau1_1.5-2build1_amd64.deb ...
verify	Run npx playwright install --with-deps chromium webkit	2026-10-05T07:00:32.7776961Z Unpacking libvdpau1:amd64 (1.5-2build1) ...
verify	Run npx playwright install --with-deps chromium webkit	2026-10-05T07:00:32.7950733Z Selecting previously unselected package libvpl2.
verify	Run npx playwright install --with-deps chromium webkit	2026-10-05T07:00:32.8055036Z Preparing to unpack .../015-libvpl2_2023.3.0-1build1_amd64.deb ...
verify	Run npx playwright install --with-deps chromium webkit	2026-10-05T07:00:32.8066767Z Unpacking libvpl2 (2023.3.0-1build1) ...
verify	Run npx playwright install --with-deps chromium webkit	2026-10-05T07:00:32.8247990Z Selecting previously unselected package ocl-icd-libopencl1:amd64.
verify	Run npx playwright install --with-deps chromium webkit	2026-10-05T07:00:32.8353972Z Preparing to unpack .../016-ocl-icd-libopencl1_2.3.2-1build1_amd64.deb ...
verify	Run npx playwright install --with-deps chromium webkit	2026-10-05T07:00:32.8364493Z Unpacking ocl-icd-libopencl1:amd64 (2.3.2-1build1) ...
verify	Run npx playwright install --with-deps chromium webkit	2026-10-05T07:00:32.8542855Z Selecting previously unselected package libavutil58:amd64.
verify	Run npx playwright install --with-deps chromium webkit	2026-10-05T07:00:32.8648215Z Preparing to unpack .../017-libavutil58_7%3a6.1.1-3ubuntu5_amd64.deb ...
verify	Run npx playwright install --with-deps chromium webkit	2026-10-05T07:00:32.8659265Z Unpacking libavutil58:amd64 (7:6.1.1-3ubuntu5) ...
verify	Run npx playwright install --with-deps chromium webkit	2026-10-05T07:00:32.8859500Z Selecting previously unselected package libcodec2-1.2:amd64.
verify	Run npx playwright install --with-deps chromium webkit	2026-10-05T07:00:32.8961237Z Preparing to unpack .../018-libcodec2-1.2_1.2.0-2build1_amd64.deb ...
verify	Run npx playwright install --with-deps chromium webkit	2026-10-05T07:00:32.8970271Z Unpacking libcodec2-1.2:amd64 (1.2.0-2build1) ...
verify	Run npx playwright install --with-deps chromium webkit	2026-10-05T07:00:33.0722615Z Selecting previously unselected package libdav1d7:amd64.
verify	Run npx playwright install --with-deps chromium webkit	2026-10-05T07:00:33.0838981Z Preparing to unpack .../019-libdav1d7_1.4.1-1build1_amd64.deb ...
verify	Run npx playwright install --with-deps chromium webkit	2026-10-05T07:00:33.0848467Z Unpacking libdav1d7:amd64 (1.4.1-1build1) ...
verify	Run npx playwright install --with-deps chromium webkit	2026-10-05T07:00:33.1077727Z Selecting previously unselected package libgsm1:amd64.
verify	Run npx playwright install --with-deps chromium webkit	2026-10-05T07:00:33.1192368Z Preparing to unpack .../020-libgsm1_1.0.22-1build1_amd64.deb ...
verify	Run npx playwright install --with-deps chromium webkit	2026-10-05T07:00:33.1200686Z Unpacking libgsm1:amd64 (1.0.22-1build1) ...
verify	Run npx playwright install --with-deps chromium webkit	2026-10-05T07:00:33.1361883Z Selecting previously unselected package libhwy1t64:amd64.
verify	Run npx playwright install --with-deps chromium webkit	2026-10-05T07:00:33.1466951Z Preparing to unpack .../021-libhwy1t64_1.0.7-8.1build1_amd64.deb ...
verify	Run npx playwright install --with-deps chromium webkit	2026-10-05T07:00:33.1474566Z Unpacking libhwy1t64:amd64 (1.0.7-8.1build1) ...
verify	Run npx playwright install --with-deps chromium webkit	2026-10-05T07:00:33.1809653Z Selecting previously unselected package libjxl0.7:amd64.
verify	Run npx playwright install --with-deps chromium webkit	2026-10-05T07:00:33.1917664Z Preparing to unpack .../022-libjxl0.7_0.7.0-10.2ubuntu6.1_amd64.deb ...
verify	Run npx playwright install --with-deps chromium webkit	2026-10-05T07:00:33.1925691Z Unpacking libjxl0.7:amd64 (0.7.0-10.2ubuntu6.1) ...
verify	Run npx playwright install --with-deps chromium webkit	2026-10-05T07:00:33.2329386Z Selecting previously unselected package libmp3lame0:amd64.
verify	Run npx playwright install --with-deps chromium webkit	2026-10-05T07:00:33.2437461Z Preparing to unpack .../023-libmp3lame0_3.100-6build1_amd64.deb ...
verify	Run npx playwright install --with-deps chromium webkit	2026-10-05T07:00:33.2446419Z Unpacking libmp3lame0:amd64 (3.100-6build1) ...
verify	Run npx playwright install --with-deps chromium webkit	2026-10-05T07:00:33.2617601Z Selecting previously unselected package libopus0:amd64.
verify	Run npx playwright install --with-deps chromium webkit	2026-10-05T07:00:33.2724654Z Preparing to unpack .../024-libopus0_1.4-1build1_amd64.deb ...
verify	Run npx playwright install --with-deps chromium webkit	2026-10-05T07:00:33.2785613Z Unpacking libopus0:amd64 (1.4-1build1) ...
verify	Run npx playwright install --with-deps chromium webkit	2026-10-05T07:00:33.2966180Z Selecting previously unselected package librav1e0:amd64.
verify	Run npx playwright install --with-deps chromium webkit	2026-10-05T07:00:33.3068718Z Preparing to unpack .../025-librav1e0_0.7.1-2_amd64.deb ...
verify	Run npx playwright install --with-deps chromium webkit	2026-10-05T07:00:33.3080542Z Unpacking librav1e0:amd64 (0.7.1-2) ...
verify	Run npx playwright install --with-deps chromium webkit	2026-10-05T07:00:33.3407019Z Selecting previously unselected package librsvg2-2:amd64.
verify	Run npx playwright install --with-deps chromium webkit	2026-10-05T07:00:33.3510334Z Preparing to unpack .../026-librsvg2-2_2.58.0+dfsg-1build1_amd64.deb ...
verify	Run npx playwright install --with-deps chromium webkit	2026-10-05T07:00:33.3518973Z Unpacking librsvg2-2:amd64 (2.58.0+dfsg-1build1) ...
verify	Run npx playwright install --with-deps chromium webkit	2026-10-05T07:00:33.4110467Z Selecting previously unselected package libshine3:amd64.
verify	Run npx playwright install --with-deps chromium webkit	2026-10-05T07:00:33.4216801Z Preparing to unpack .../027-libshine3_3.1.1-2build1_amd64.deb ...
verify	Run npx playwright install --with-deps chromium webkit	2026-10-05T07:00:33.4226161Z Unpacking libshine3:amd64 (3.1.1-2build1) ...
verify	Run npx playwright install --with-deps chromium webkit	2026-10-05T07:00:33.4377630Z Selecting previously unselected package libspeex1:amd64.
verify	Run npx playwright install --with-deps chromium webkit	2026-10-05T07:00:33.4484097Z Preparing to unpack .../028-libspeex1_1.2.1-2ubuntu2.24.04.1_amd64.deb ...
verify	Run npx playwright install --with-deps chromium webkit	2026-10-05T07:00:33.4492569Z Unpacking libspeex1:amd64 (1.2.1-2ubuntu2.24.04.1) ...
verify	Run npx playwright install --with-deps chromium webkit	2026-10-05T07:00:33.4650751Z Selecting previously unselected package libsvtav1enc1d1:amd64.
verify	Run npx playwright install --with-deps chromium webkit	2026-10-05T07:00:33.4755046Z Preparing to unpack .../029-libsvtav1enc1d1_1.7.0+dfsg-2build1_amd64.deb ...
verify	Run npx playwright install --with-deps chromium webkit	2026-10-05T07:00:33.4764760Z Unpacking libsvtav1enc1d1:amd64 (1.7.0+dfsg-2build1) ...
verify	Run npx playwright install --with-deps chromium webkit	2026-10-05T07:00:33.5571815Z Selecting previously unselected package libsoxr0:amd64.
verify	Run npx playwright install --with-deps chromium webkit	2026-10-05T07:00:33.5684544Z Preparing to unpack .../030-libsoxr0_0.1.3-4build3_amd64.deb ...
verify	Run npx playwright install --with-deps chromium webkit	2026-10-05T07:00:33.5695212Z Unpacking libsoxr0:amd64 (0.1.3-4build3) ...
verify	Run npx playwright install --with-deps chromium webkit	2026-10-05T07:00:33.5860430Z Selecting previously unselected package libswresample4:amd64.
verify	Run npx playwright install --with-deps chromium webkit	2026-10-05T07:00:33.5971862Z Preparing to unpack .../031-libswresample4_7%3a6.1.1-3ubuntu5_amd64.deb ...
verify	Run npx playwright install --with-deps chromium webkit	2026-10-05T07:00:33.5981234Z Unpacking libswresample4:amd64 (7:6.1.1-3ubuntu5) ...
verify	Run npx playwright install --with-deps chromium webkit	2026-10-05T07:00:33.6146667Z Selecting previously unselected package libtheora0:amd64.
verify	Run npx playwright install --with-deps chromium webkit	2026-10-05T07:00:33.6250649Z Preparing to unpack .../032-libtheora0_1.1.1+dfsg.1-16.1build3_amd64.deb ...
verify	Run npx playwright install --with-deps chromium webkit	2026-10-05T07:00:33.6261354Z Unpacking libtheora0:amd64 (1.1.1+dfsg.1-16.1build3) ...
verify	Run npx playwright install --with-deps chromium webkit	2026-10-05T07:00:33.6445873Z Selecting previously unselected package libtwolame0:amd64.
verify	Run npx playwright install --with-deps chromium webkit	2026-10-05T07:00:33.6549008Z Preparing to unpack .../033-libtwolame0_0.4.0-2build3_amd64.deb ...
verify	Run npx playwright install --with-deps chromium webkit	2026-10-05T07:00:33.6557150Z Unpacking libtwolame0:amd64 (0.4.0-2build3) ...
verify	Run npx playwright install --with-deps chromium webkit	2026-10-05T07:00:33.6743937Z Selecting previously unselected package libvorbisenc2:amd64.
verify	Run npx playwright install --with-deps chromium webkit	2026-10-05T07:00:33.6845525Z Preparing to unpack .../034-libvorbisenc2_1.3.7-1build3_amd64.deb ...
verify	Run npx playwright install --with-deps chromium webkit	2026-10-05T07:00:33.6853795Z Unpacking libvorbisenc2:amd64 (1.3.7-1build3) ...
verify	Run npx playwright install --with-deps chromium webkit	2026-10-05T07:00:33.7032670Z Selecting previously unselected package libvpx9:amd64.
verify	Run npx playwright install --with-deps chromium webkit	2026-10-05T07:00:33.7133589Z Preparing to unpack .../035-libvpx9_1.14.0-1ubuntu2.3_amd64.deb ...
verify	Run npx playwright install --with-deps chromium webkit	2026-10-05T07:00:33.7286355Z Unpacking libvpx9:amd64 (1.14.0-1ubuntu2.3) ...
verify	Run npx playwright install --with-deps chromium webkit	2026-10-05T07:00:33.7602782Z Selecting previously unselected package libx264-164:amd64.
verify	Run npx playwright install --with-deps chromium webkit	2026-10-05T07:00:33.7704319Z Preparing to unpack .../036-libx264-164_2%3a0.164.3108+git31e19f9-1_amd64.deb ...
verify	Run npx playwright install --with-deps chromium webkit	2026-10-05T07:00:33.7713921Z Unpacking libx264-164:amd64 (2:0.164.3108+git31e19f9-1) ...
verify	Run npx playwright install --with-deps chromium webkit	2026-10-05T07:00:33.8008398Z Selecting previously unselected package libx265-199:amd64.
verify	Run npx playwright install --with-deps chromium webkit	2026-10-05T07:00:33.8111375Z Preparing to unpack .../037-libx265-199_3.5-2build1_amd64.deb ...
verify	Run npx playwright install --with-deps chromium webkit	2026-10-05T07:00:33.8122838Z Unpacking libx265-199:amd64 (3.5-2build1) ...
verify	Run npx playwright install --with-deps chromium webkit	2026-10-05T07:00:33.9748053Z Selecting previously unselected package libxvidcore4:amd64.
verify	Run npx playwright install --with-deps chromium webkit	2026-10-05T07:00:33.9862703Z Preparing to unpack .../038-libxvidcore4_2%3a1.3.7-1build1_amd64.deb ...
verify	Run npx playwright install --with-deps chromium webkit	2026-10-05T07:00:33.9873159Z Unpacking libxvidcore4:amd64 (2:1.3.7-1build1) ...
verify	Run npx playwright install --with-deps chromium webkit	2026-10-05T07:00:34.0047105Z Selecting previously unselected package libzvbi-common.
verify	Run npx playwright install --with-deps chromium webkit	2026-10-05T07:00:34.0160176Z Preparing to unpack .../039-libzvbi-common_0.2.42-2_all.deb ...
verify	Run npx playwright install --with-deps chromium webkit	2026-10-05T07:00:34.0167688Z Unpacking libzvbi-common (0.2.42-2) ...
verify	Run npx playwright install --with-deps chromium webkit	2026-10-05T07:00:34.0440947Z Selecting previously unselected package libzvbi0t64:amd64.
verify	Run npx playwright install --with-deps chromium webkit	2026-10-05T07:00:34.0547598Z Preparing to unpack .../040-libzvbi0t64_0.2.42-2_amd64.deb ...
verify	Run npx playwright install --with-deps chromium webkit	2026-10-05T07:00:34.0555278Z Unpacking libzvbi0t64:amd64 (0.2.42-2) ...
verify	Run npx playwright install --with-deps chromium webkit	2026-10-05T07:00:34.0746641Z Selecting previously unselected package libavcodec60:amd64.
verify	Run npx playwright install --with-deps chromium webkit	2026-10-05T07:00:34.0853323Z Preparing to unpack .../041-libavcodec60_7%3a6.1.1-3ubuntu5_amd64.deb ...
verify	Run npx playwright install --with-deps chromium webkit	2026-10-05T07:00:34.0861732Z Unpacking libavcodec60:amd64 (7:6.1.1-3ubuntu5) ...
verify	Run npx playwright install --with-deps chromium webkit	2026-10-05T07:00:34.2711126Z Selecting previously unselected package libunibreak5:amd64.
verify	Run npx playwright install --with-deps chromium webkit	2026-10-05T07:00:34.2827699Z Preparing to unpack .../042-libunibreak5_5.1-2build1_amd64.deb ...
verify	Run npx playwright install --with-deps chromium webkit	2026-10-05T07:00:34.2838142Z Unpacking libunibreak5:amd64 (5.1-2build1) ...
verify	Run npx playwright install --with-deps chromium webkit	2026-10-05T07:00:34.3003246Z Selecting previously unselected package libass9:amd64.
verify	Run npx playwright install --with-deps chromium webkit	2026-10-05T07:00:34.3118149Z Preparing to unpack .../043-libass9_1%3a0.17.1-2build1_amd64.deb ...
verify	Run npx playwright install --with-deps chromium webkit	2026-10-05T07:00:34.3129818Z Unpacking libass9:amd64 (1:0.17.1-2build1) ...
verify	Run npx playwright install --with-deps chromium webkit	2026-10-05T07:00:34.3315939Z Selecting previously unselected package libudfread0:amd64.
verify	Run npx playwright install --with-deps chromium webkit	2026-10-05T07:00:34.3420460Z Preparing to unpack .../044-libudfread0_1.1.2-1build1_amd64.deb ...
verify	Run npx playwright install --with-deps chromium webkit	2026-10-05T07:00:34.3428971Z Unpacking libudfread0:amd64 (1.1.2-1build1) ...
verify	Run npx playwright install --with-deps chromium webkit	2026-10-05T07:00:34.3587012Z Selecting previously unselected package libbluray2:amd64.
verify	Run npx playwright install --with-deps chromium webkit	2026-10-05T07:00:34.3691400Z Preparing to unpack .../045-libbluray2_1%3a1.3.4-1build1_amd64.deb ...
verify	Run npx playwright install --with-deps chromium webkit	2026-10-05T07:00:34.3704432Z Unpacking libbluray2:amd64 (1:1.3.4-1build1) ...
verify	Run npx playwright install --with-deps chromium webkit	2026-10-05T07:00:34.3877746Z Selecting previously unselected package libchromaprint1:amd64.
verify	Run npx playwright install --with-deps chromium webkit	2026-10-05T07:00:34.3982662Z Preparing to unpack .../046-libchromaprint1_1.5.1-5_amd64.deb ...
verify	Run npx playwright install --with-deps chromium webkit	2026-10-05T07:00:34.3993253Z Unpacking libchromaprint1:amd64 (1.5.1-5) ...
verify	Run npx playwright install --with-deps chromium webkit	2026-10-05T07:00:34.4151687Z Selecting previously unselected package libgme0:amd64.
verify	Run npx playwright install --with-deps chromium webkit	2026-10-05T07:00:34.4256118Z Preparing to unpack .../047-libgme0_0.6.3-7build1_amd64.deb ...
verify	Run npx playwright install --with-deps chromium webkit	2026-10-05T07:00:34.4265184Z Unpacking libgme0:amd64 (0.6.3-7build1) ...
verify	Run npx playwright install --with-deps chromium webkit	2026-10-05T07:00:34.4435234Z Selecting previously unselected package libmpg123-0t64:amd64.
verify	Run npx playwright install --with-deps chromium webkit	2026-10-05T07:00:34.4538031Z Preparing to unpack .../048-libmpg123-0t64_1.32.5-1ubuntu1.1_amd64.deb ...
verify	Run npx playwright install --with-deps chromium webkit	2026-10-05T07:00:34.4546824Z Unpacking libmpg123-0t64:amd64 (1.32.5-1ubuntu1.1) ...
verify	Run npx playwright install --with-deps chromium webkit	2026-10-05T07:00:34.4889567Z Selecting previously unselected package libopenmpt0t64:amd64.
verify	Run npx playwright install --with-deps chromium webkit	2026-10-05T07:00:34.4997699Z Preparing to unpack .../049-libopenmpt0t64_0.7.3-1.1build3_amd64.deb ...
verify	Run npx playwright install --with-deps chromium webkit	2026-10-05T07:00:34.5006391Z Unpacking libopenmpt0t64:amd64 (0.7.3-1.1build3) ...
verify	Run npx playwright install --with-deps chromium webkit	2026-10-05T07:00:34.5227846Z Selecting previously unselected package libcjson1:amd64.
verify	Run npx playwright install --with-deps chromium webkit	2026-10-05T07:00:34.5332871Z Preparing to unpack .../050-libcjson1_1.7.17-1_amd64.deb ...
verify	Run npx playwright install --with-deps chromium webkit	2026-10-05T07:00:34.5343267Z Unpacking libcjson1:amd64 (1.7.17-1) ...
verify	Run npx playwright install --with-deps chromium webkit	2026-10-05T07:00:34.5503384Z Selecting previously unselected package libmbedcrypto7t64:amd64.
verify	Run npx playwright install --with-deps chromium webkit	2026-10-05T07:00:34.5607659Z Preparing to unpack .../051-libmbedcrypto7t64_2.28.8-1_amd64.deb ...
verify	Run npx playwright install --with-deps chromium webkit	2026-10-05T07:00:34.5618247Z Unpacking libmbedcrypto7t64:amd64 (2.28.8-1) ...
verify	Run npx playwright install --with-deps chromium webkit	2026-10-05T07:00:34.5795289Z Selecting previously unselected package librist4:amd64.
verify	Run npx playwright install --with-deps chromium webkit	2026-10-05T07:00:34.5896157Z Preparing to unpack .../052-librist4_0.2.10+dfsg-2_amd64.deb ...
verify	Run npx playwright install --with-deps chromium webkit	2026-10-05T07:00:34.5905838Z Unpacking librist4:amd64 (0.2.10+dfsg-2) ...
verify	Run npx playwright install --with-deps chromium webkit	2026-10-05T07:00:34.6067976Z Selecting previously unselected package libsrt1.5-gnutls:amd64.
verify	Run npx playwright install --with-deps chromium webkit	2026-10-05T07:00:34.6170304Z Preparing to unpack .../053-libsrt1.5-gnutls_1.5.3-1build2_amd64.deb ...
verify	Run npx playwright install --with-deps chromium webkit	2026-10-05T07:00:34.6179538Z Unpacking libsrt1.5-gnutls:amd64 (1.5.3-1build2) ...
verify	Run npx playwright install --with-deps chromium webkit	2026-10-05T07:00:34.6367900Z Selecting previously unselected package libssh-gcrypt-4:amd64.
verify	Run npx playwright install --with-deps chromium webkit	2026-10-05T07:00:34.6470354Z Preparing to unpack .../054-libssh-gcrypt-4_0.10.6-2ubuntu0.5_amd64.deb ...
verify	Run npx playwright install --with-deps chromium webkit	2026-10-05T07:00:34.6479943Z Unpacking libssh-gcrypt-4:amd64 (0.10.6-2ubuntu0.5) ...
verify	Run npx playwright install --with-deps chromium webkit	2026-10-05T07:00:34.6661073Z Selecting previously unselected package libavformat60:amd64.
verify	Run npx playwright install --with-deps chromium webkit	2026-10-05T07:00:34.6762457Z Preparing to unpack .../055-libavformat60_7%3a6.1.1-3ubuntu5_amd64.deb ...
verify	Run npx playwright install --with-deps chromium webkit	2026-10-05T07:00:34.6773645Z Unpacking libavformat60:amd64 (7:6.1.1-3ubuntu5) ...
verify	Run npx playwright install --with-deps chromium webkit	2026-10-05T07:00:34.7276536Z Selecting previously unselected package libbs2b0:amd64.
verify	Run npx playwright install --with-deps chromium webkit	2026-10-05T07:00:34.7380563Z Preparing to unpack .../056-libbs2b0_3.1.0+dfsg-7build1_amd64.deb ...
verify	Run npx playwright install --with-deps chromium webkit	2026-10-05T07:00:34.7391119Z Unpacking libbs2b0:amd64 (3.1.0+dfsg-7build1) ...
verify	Run npx playwright install --with-deps chromium webkit	2026-10-05T07:00:34.7570678Z Selecting previously unselected package libflite1:amd64.
verify	Run npx playwright install --with-deps chromium webkit	2026-10-05T07:00:34.7674459Z Preparing to unpack .../057-libflite1_2.2-6build3_amd64.deb ...
verify	Run npx playwright install --with-deps chromium webkit	2026-10-05T07:00:34.7685776Z Unpacking libflite1:amd64 (2.2-6build3) ...
verify	Run npx playwright install --with-deps chromium webkit	2026-10-05T07:00:34.9583978Z Selecting previously unselected package libserd-0-0:amd64.
verify	Run npx playwright install --with-deps chromium webkit	2026-10-05T07:00:34.9703192Z Preparing to unpack .../058-libserd-0-0_0.32.2-1_amd64.deb ...
verify	Run npx playwright install --with-deps chromium webkit	2026-10-05T07:00:34.9713744Z Unpacking libserd-0-0:amd64 (0.32.2-1) ...
verify	Run npx playwright install --with-deps chromium webkit	2026-10-05T07:00:34.9877474Z Selecting previously unselected package libzix-0-0:amd64.
verify	Run npx playwright install --with-deps chromium webkit	2026-10-05T07:00:34.9995257Z Preparing to unpack .../059-libzix-0-0_0.4.2-2build1_amd64.deb ...
verify	Run npx playwright install --with-deps chromium webkit	2026-10-05T07:00:35.0006089Z Unpacking libzix-0-0:amd64 (0.4.2-2build1) ...
verify	Run npx playwright install --with-deps chromium webkit	2026-10-05T07:00:35.0902529Z Selecting previously unselected package libsord-0-0:amd64.
verify	Run npx playwright install --with-deps chromium webkit	2026-10-05T07:00:35.1015057Z Preparing to unpack .../060-libsord-0-0_0.16.16-2build1_amd64.deb ...
verify	Run npx playwright install --with-deps chromium webkit	2026-10-05T07:00:35.1025488Z Unpacking libsord-0-0:amd64 (0.16.16-2build1) ...
verify	Run npx playwright install --with-deps chromium webkit	2026-10-05T07:00:35.1182416Z Selecting previously unselected package libsratom-0-0:amd64.
verify	Run npx playwright install --with-deps chromium webkit	2026-10-05T07:00:35.1294572Z Preparing to unpack .../061-libsratom-0-0_0.6.16-1build1_amd64.deb ...
verify	Run npx playwright install --with-deps chromium webkit	2026-10-05T07:00:35.1302574Z Unpacking libsratom-0-0:amd64 (0.6.16-1build1) ...
verify	Run npx playwright install --with-deps chromium webkit	2026-10-05T07:00:35.1460753Z Selecting previously unselected package liblilv-0-0:amd64.
verify	Run npx playwright install --with-deps chromium webkit	2026-10-05T07:00:35.1565466Z Preparing to unpack .../062-liblilv-0-0_0.24.22-1build1_amd64.deb ...
verify	Run npx playwright install --with-deps chromium webkit	2026-10-05T07:00:35.1671244Z Unpacking liblilv-0-0:amd64 (0.24.22-1build1) ...
verify	Run npx playwright install --with-deps chromium webkit	2026-10-05T07:00:35.1833347Z Selecting previously unselected package libmysofa1:amd64.
verify	Run npx playwright install --with-deps chromium webkit	2026-10-05T07:00:35.1936555Z Preparing to unpack .../063-libmysofa1_1.3.2+dfsg-2ubuntu2_amd64.deb ...
verify	Run npx playwright install --with-deps chromium webkit	2026-10-05T07:00:35.1944393Z Unpacking libmysofa1:amd64 (1.3.2+dfsg-2ubuntu2) ...
verify	Run npx playwright install --with-deps chromium webkit	2026-10-05T07:00:35.2169428Z Selecting previously unselected package libplacebo338:amd64.
verify	Run npx playwright install --with-deps chromium webkit	2026-10-05T07:00:35.2277302Z Preparing to unpack .../064-libplacebo338_6.338.2-2build1_amd64.deb ...
verify	Run npx playwright install --with-deps chromium webkit	2026-10-05T07:00:35.2289131Z Unpacking libplacebo338:amd64 (6.338.2-2build1) ...
verify	Run npx playwright install --with-deps chromium webkit	2026-10-05T07:00:35.3222362Z Selecting previously unselected package libblas3:amd64.
verify	Run npx playwright install --with-deps chromium webkit	2026-10-05T07:00:35.3335809Z Preparing to unpack .../065-libblas3_3.12.0-3build1.1_amd64.deb ...
verify	Run npx playwright install --with-deps chromium webkit	2026-10-05T07:00:35.3362983Z Unpacking libblas3:amd64 (3.12.0-3build1.1) ...
verify	Run npx playwright install --with-deps chromium webkit	2026-10-05T07:00:35.3562856Z Selecting previously unselected package liblapack3:amd64.
verify	Run npx playwright install --with-deps chromium webkit	2026-10-05T07:00:35.3667712Z Preparing to unpack .../066-liblapack3_3.12.0-3build1.1_amd64.deb ...
verify	Run npx playwright install --with-deps chromium webkit	2026-10-05T07:00:35.3694847Z Unpacking liblapack3:amd64 (3.12.0-3build1.1) ...
verify	Run npx playwright install --with-deps chromium webkit	2026-10-05T07:00:35.4463880Z Selecting previously unselected package libasyncns0:amd64.
verify	Run npx playwright install --with-deps chromium webkit	2026-10-05T07:00:35.4577686Z Preparing to unpack .../067-libasyncns0_0.8-6build4_amd64.deb ...
verify	Run npx playwright install --with-deps chromium webkit	2026-10-05T07:00:35.4589489Z Unpacking libasyncns0:amd64 (0.8-6build4) ...
verify	Run npx playwright install --with-deps chromium webkit	2026-10-05T07:00:35.4752391Z Selecting previously unselected package libflac12t64:amd64.
verify	Run npx playwright install --with-deps chromium webkit	2026-10-05T07:00:35.4863806Z Preparing to unpack .../068-libflac12t64_1.4.3+ds-2.1ubuntu2_amd64.deb ...
verify	Run npx playwright install --with-deps chromium webkit	2026-10-05T07:00:35.4875690Z Unpacking libflac12t64:amd64 (1.4.3+ds-2.1ubuntu2) ...
verify	Run npx playwright install --with-deps chromium webkit	2026-10-05T07:00:35.5056534Z Selecting previously unselected package libsndfile1:amd64.
verify	Run npx playwright install --with-deps chromium webkit	2026-10-05T07:00:35.5163883Z Preparing to unpack .../069-libsndfile1_1.2.2-1ubuntu5.24.04.1_amd64.deb ...
verify	Run npx playwright install --with-deps chromium webkit	2026-10-05T07:00:35.5172725Z Unpacking libsndfile1:amd64 (1.2.2-1ubuntu5.24.04.1) ...
verify	Run npx playwright install --with-deps chromium webkit	2026-10-05T07:00:35.5377112Z Selecting previously unselected package libpulse0:amd64.
verify	Run npx playwright install --with-deps chromium webkit	2026-10-05T07:00:35.5480835Z Preparing to unpack .../070-libpulse0_1%3a16.1+dfsg1-2ubuntu10.1_amd64.deb ...
verify	Run npx playwright install --with-deps chromium webkit	2026-10-05T07:00:35.5531842Z Unpacking libpulse0:amd64 (1:16.1+dfsg1-2ubuntu10.1) ...
verify	Run npx playwright install --with-deps chromium webkit	2026-10-05T07:00:35.5726047Z Selecting previously unselected package libsphinxbase3t64:amd64.
verify	Run npx playwright install --with-deps chromium webkit	2026-10-05T07:00:35.5828652Z Preparing to unpack .../071-libsphinxbase3t64_0.8+5prealpha+1-17build2_amd64.deb ...
verify	Run npx playwright install --with-deps chromium webkit	2026-10-05T07:00:35.5837194Z Unpacking libsphinxbase3t64:amd64 (0.8+5prealpha+1-17build2) ...
verify	Run npx playwright install --with-deps chromium webkit	2026-10-05T07:00:35.6006183Z Selecting previously unselected package libpocketsphinx3:amd64.
verify	Run npx playwright install --with-deps chromium webkit	2026-10-05T07:00:35.6108060Z Preparing to unpack .../072-libpocketsphinx3_0.8.0+real5prealpha+1-15ubuntu5_amd64.deb ...
verify	Run npx playwright install --with-deps chromium webkit	2026-10-05T07:00:35.6162528Z Unpacking libpocketsphinx3:amd64 (0.8.0+real5prealpha+1-15ubuntu5) ...
verify	Run npx playwright install --with-deps chromium webkit	2026-10-05T07:00:35.6332003Z Selecting previously unselected package libpostproc57:amd64.
verify	Run npx playwright install --with-deps chromium webkit	2026-10-05T07:00:35.6433637Z Preparing to unpack .../073-libpostproc57_7%3a6.1.1-3ubuntu5_amd64.deb ...
verify	Run npx playwright install --with-deps chromium webkit	2026-10-05T07:00:35.6444773Z Unpacking libpostproc57:amd64 (7:6.1.1-3ubuntu5) ...
verify	Run npx playwright install --with-deps chromium webkit	2026-10-05T07:00:35.6610201Z Selecting previously unselected package libsamplerate0:amd64.
verify	Run npx playwright install --with-deps chromium webkit	2026-10-05T07:00:35.6712258Z Preparing to unpack .../074-libsamplerate0_0.2.2-4build1_amd64.deb ...
verify	Run npx playwright install --with-deps chromium webkit	2026-10-05T07:00:35.6721064Z Unpacking libsamplerate0:amd64 (0.2.2-4build1) ...
verify	Run npx playwright install --with-deps chromium webkit	2026-10-05T07:00:35.7058483Z Selecting previously unselected package librubberband2:amd64.
verify	Run npx playwright install --with-deps chromium webkit	2026-10-05T07:00:35.7161209Z Preparing to unpack .../075-librubberband2_3.3.0+dfsg-2build1_amd64.deb ...
verify	Run npx playwright install --with-deps chromium webkit	2026-10-05T07:00:35.7170482Z Unpacking librubberband2:amd64 (3.3.0+dfsg-2build1) ...
verify	Run npx playwright install --with-deps chromium webkit	2026-10-05T07:00:35.7346782Z Selecting previously unselected package libswscale7:amd64.
verify	Run npx playwright install --with-deps chromium webkit	2026-10-05T07:00:35.7453391Z Preparing to unpack .../076-libswscale7_7%3a6.1.1-3ubuntu5_amd64.deb ...
verify	Run npx playwright install --with-deps chromium webkit	2026-10-05T07:00:35.7463089Z Unpacking libswscale7:amd64 (7:6.1.1-3ubuntu5) ...
verify	Run npx playwright install --with-deps chromium webkit	2026-10-05T07:00:35.7647660Z Selecting previously unselected package libvidstab1.1:amd64.
verify	Run npx playwright install --with-deps chromium webkit	2026-10-05T07:00:35.7753844Z Preparing to unpack .../077-libvidstab1.1_1.1.0-2build1_amd64.deb ...
verify	Run npx playwright install --with-deps chromium webkit	2026-10-05T07:00:35.7765043Z Unpacking libvidstab1.1:amd64 (1.1.0-2build1) ...
verify	Run npx playwright install --with-deps chromium webkit	2026-10-05T07:00:35.8172982Z Selecting previously unselected package libzimg2:amd64.
verify	Run npx playwright install --with-deps chromium webkit	2026-10-05T07:00:35.8285350Z Preparing to unpack .../078-libzimg2_3.0.5+ds1-1build1_amd64.deb ...
verify	Run npx playwright install --with-deps chromium webkit	2026-10-05T07:00:35.8462128Z Unpacking libzimg2:amd64 (3.0.5+ds1-1build1) ...
verify	Run npx playwright install --with-deps chromium webkit	2026-10-05T07:00:35.8659935Z Selecting previously unselected package libavfilter9:amd64.
verify	Run npx playwright install --with-deps chromium webkit	2026-10-05T07:00:35.8768874Z Preparing to unpack .../079-libavfilter9_7%3a6.1.1-3ubuntu5_amd64.deb ...
verify	Run npx playwright install --with-deps chromium webkit	2026-10-05T07:00:35.8779931Z Unpacking libavfilter9:amd64 (7:6.1.1-3ubuntu5) ...
verify	Run npx playwright install --with-deps chromium webkit	2026-10-05T07:00:36.0093998Z Selecting previously unselected package liborc-0.4-0t64:amd64.
verify	Run npx playwright install --with-deps chromium webkit	2026-10-05T07:00:36.0204448Z Preparing to unpack .../080-liborc-0.4-0t64_1%3a0.4.38-1ubuntu0.1_amd64.deb ...
verify	Run npx playwright install --with-deps chromium webkit	2026-10-05T07:00:36.0215864Z Unpacking liborc-0.4-0t64:amd64 (1:0.4.38-1ubuntu0.1) ...
verify	Run npx playwright install --with-deps chromium webkit	2026-10-05T07:00:36.0683663Z Selecting previously unselected package libgstreamer-plugins-base1.0-0:amd64.
verify	Run npx playwright install --with-deps chromium webkit	2026-10-05T07:00:36.0795534Z Preparing to unpack .../081-libgstreamer-plugins-base1.0-0_1.24.2-1ubuntu0.5_amd64.deb ...
verify	Run npx playwright install --with-deps chromium webkit	2026-10-05T07:00:36.0806031Z Unpacking libgstreamer-plugins-base1.0-0:amd64 (1.24.2-1ubuntu0.5) ...
verify	Run npx playwright install --with-deps chromium webkit	2026-10-05T07:00:36.1463966Z Selecting previously unselected package gstreamer1.0-libav:amd64.
verify	Run npx playwright install --with-deps chromium webkit	2026-10-05T07:00:36.1575143Z Preparing to unpack .../082-gstreamer1.0-libav_1.24.1-1build1_amd64.deb ...
verify	Run npx playwright install --with-deps chromium webkit	2026-10-05T07:00:36.1585318Z Unpacking gstreamer1.0-libav:amd64 (1.24.1-1build1) ...
verify	Run npx playwright install --with-deps chromium webkit	2026-10-05T07:00:36.1753913Z Selecting previously unselected package libcdparanoia0:amd64.
verify	Run npx playwright install --with-deps chromium webkit	2026-10-05T07:00:36.1862386Z Preparing to unpack .../083-libcdparanoia0_3.10.2+debian-14build3_amd64.deb ...
verify	Run npx playwright install --with-deps chromium webkit	2026-10-05T07:00:36.1870531Z Unpacking libcdparanoia0:amd64 (3.10.2+debian-14build3) ...
verify	Run npx playwright install --with-deps chromium webkit	2026-10-05T07:00:36.2042693Z Selecting previously unselected package libvisual-0.4-0:amd64.
verify	Run npx playwright install --with-deps chromium webkit	2026-10-05T07:00:36.2146380Z Preparing to unpack .../084-libvisual-0.4-0_0.4.2-2build1_amd64.deb ...
verify	Run npx playwright install --with-deps chromium webkit	2026-10-05T07:00:36.2165471Z Unpacking libvisual-0.4-0:amd64 (0.4.2-2build1) ...
verify	Run npx playwright install --with-deps chromium webkit	2026-10-05T07:00:36.2332022Z Selecting previously unselected package gstreamer1.0-plugins-base:amd64.
verify	Run npx playwright install --with-deps chromium webkit	2026-10-05T07:00:36.2433450Z Preparing to unpack .../085-gstreamer1.0-plugins-base_1.24.2-1ubuntu0.5_amd64.deb ...
verify	Run npx playwright install --with-deps chromium webkit	2026-10-05T07:00:36.2447994Z Unpacking gstreamer1.0-plugins-base:amd64 (1.24.2-1ubuntu0.5) ...
verify	Run npx playwright install --with-deps chromium webkit	2026-10-05T07:00:36.2717273Z Selecting previously unselected package libaa1:amd64.
verify	Run npx playwright install --with-deps chromium webkit	2026-10-05T07:00:36.2820519Z Preparing to unpack .../086-libaa1_1.4p5-51.1_amd64.deb ...
verify	Run npx playwright install --with-deps chromium webkit	2026-10-05T07:00:36.2889488Z Unpacking libaa1:amd64 (1.4p5-51.1) ...
verify	Run npx playwright install --with-deps chromium webkit	2026-10-05T07:00:36.3061530Z Selecting previously unselected package libraw1394-11:amd64.
verify	Run npx playwright install --with-deps chromium webkit	2026-10-05T07:00:36.3165988Z Preparing to unpack .../087-libraw1394-11_2.1.2-2build3_amd64.deb ...
verify	Run npx playwright install --with-deps chromium webkit	2026-10-05T07:00:36.3175068Z Unpacking libraw1394-11:amd64 (2.1.2-2build3) ...
verify	Run npx playwright install --with-deps chromium webkit	2026-10-05T07:00:36.3348455Z Selecting previously unselected package libavc1394-0:amd64.
verify	Run npx playwright install --with-deps chromium webkit	2026-10-05T07:00:36.3452508Z Preparing to unpack .../088-libavc1394-0_0.5.4-5build3_amd64.deb ...
verify	Run npx playwright install --with-deps chromium webkit	2026-10-05T07:00:36.3460753Z Unpacking libavc1394-0:amd64 (0.5.4-5build3) ...
verify	Run npx playwright install --with-deps chromium webkit	2026-10-05T07:00:36.3614117Z Selecting previously unselected package libcaca0:amd64.
verify	Run npx playwright install --with-deps chromium webkit	2026-10-05T07:00:36.3716585Z Preparing to unpack .../089-libcaca0_0.99.beta20-4ubuntu0.2_amd64.deb ...
verify	Run npx playwright install --with-deps chromium webkit	2026-10-05T07:00:36.3732543Z Unpacking libcaca0:amd64 (0.99.beta20-4ubuntu0.2) ...
verify	Run npx playwright install --with-deps chromium webkit	2026-10-05T07:00:36.3941616Z Selecting previously unselected package libdv4t64:amd64.
verify	Run npx playwright install --with-deps chromium webkit	2026-10-05T07:00:36.4048280Z Preparing to unpack .../090-libdv4t64_1.0.0-17.1build1_amd64.deb ...
verify	Run npx playwright install --with-deps chromium webkit	2026-10-05T07:00:36.4059060Z Unpacking libdv4t64:amd64 (1.0.0-17.1build1) ...
verify	Run npx playwright install --with-deps chromium webkit	2026-10-05T07:00:36.4239313Z Selecting previously unselected package libgstreamer-plugins-good1.0-0:amd64.
verify	Run npx playwright install --with-deps chromium webkit	2026-10-05T07:00:36.4347477Z Preparing to unpack .../091-libgstreamer-plugins-good1.0-0_1.24.2-1ubuntu1.8_amd64.deb ...
verify	Run npx playwright install --with-deps chromium webkit	2026-10-05T07:00:36.4359012Z Unpacking libgstreamer-plugins-good1.0-0:amd64 (1.24.2-1ubuntu1.8) ...
verify	Run npx playwright install --with-deps chromium webkit	2026-10-05T07:00:36.4545484Z Selecting previously unselected package libiec61883-0:amd64.
verify	Run npx playwright install --with-deps chromium webkit	2026-10-05T07:00:36.4649863Z Preparing to unpack .../092-libiec61883-0_1.2.0-6build1_amd64.deb ...
verify	Run npx playwright install --with-deps chromium webkit	2026-10-05T07:00:36.4660016Z Unpacking libiec61883-0:amd64 (1.2.0-6build1) ...
verify	Run npx playwright install --with-deps chromium webkit	2026-10-05T07:00:36.4831791Z Selecting previously unselected package libshout3:amd64.
verify	Run npx playwright install --with-deps chromium webkit	2026-10-05T07:00:36.4935754Z Preparing to unpack .../093-libshout3_2.4.6-1build2_amd64.deb ...
verify	Run npx playwright install --with-deps chromium webkit	2026-10-05T07:00:36.4945499Z Unpacking libshout3:amd64 (2.4.6-1build2) ...
verify	Run npx playwright install --with-deps chromium webkit	2026-10-05T07:00:36.5333344Z Selecting previously unselected package libtag1v5-vanilla:amd64.
verify	Run npx playwright install --with-deps chromium webkit	2026-10-05T07:00:36.5436123Z Preparing to unpack .../094-libtag1v5-vanilla_1.13.1-1build1_amd64.deb ...
verify	Run npx playwright install --with-deps chromium webkit	2026-10-05T07:00:36.5444065Z Unpacking libtag1v5-vanilla:amd64 (1.13.1-1build1) ...
verify	Run npx playwright install --with-deps chromium webkit	2026-10-05T07:00:36.5635496Z Selecting previously unselected package libtag1v5:amd64.
verify	Run npx playwright install --with-deps chromium webkit	2026-10-05T07:00:36.5737925Z Preparing to unpack .../095-libtag1v5_1.13.1-1build1_amd64.deb ...
verify	Run npx playwright install --with-deps chromium webkit	2026-10-05T07:00:36.5748181Z Unpacking libtag1v5:amd64 (1.13.1-1build1) ...
verify	Run npx playwright install --with-deps chromium webkit	2026-10-05T07:00:36.5905636Z Selecting previously unselected package libv4lconvert0t64:amd64.
verify	Run npx playwright install --with-deps chromium webkit	2026-10-05T07:00:36.6008106Z Preparing to unpack .../096-libv4lconvert0t64_1.26.1-4build3_amd64.deb ...
verify	Run npx playwright install --with-deps chromium webkit	2026-10-05T07:00:36.6015947Z Unpacking libv4lconvert0t64:amd64 (1.26.1-4build3) ...
verify	Run npx playwright install --with-deps chromium webkit	2026-10-05T07:00:36.6194481Z Selecting previously unselected package libv4l-0t64:amd64.
verify	Run npx playwright install --with-deps chromium webkit	2026-10-05T07:00:36.6296865Z Preparing to unpack .../097-libv4l-0t64_1.26.1-4build3_amd64.deb ...
verify	Run npx playwright install --with-deps chromium webkit	2026-10-05T07:00:36.6305644Z Unpacking libv4l-0t64:amd64 (1.26.1-4build3) ...
verify	Run npx playwright install --with-deps chromium webkit	2026-10-05T07:00:36.6478496Z Selecting previously unselected package libwavpack1:amd64.
verify	Run npx playwright install --with-deps chromium webkit	2026-10-05T07:00:36.6580632Z Preparing to unpack .../098-libwavpack1_5.6.0-1build1_amd64.deb ...
verify	Run npx playwright install --with-deps chromium webkit	2026-10-05T07:00:36.6589578Z Unpacking libwavpack1:amd64 (5.6.0-1build1) ...
verify	Run npx playwright install --with-deps chromium webkit	2026-10-05T07:00:36.6759775Z Selecting previously unselected package libsoup-3.0-common.
verify	Run npx playwright install --with-deps chromium webkit	2026-10-05T07:00:36.6861628Z Preparing to unpack .../099-libsoup-3.0-common_3.4.4-5ubuntu0.8_all.deb ...
verify	Run npx playwright install --with-deps chromium webkit	2026-10-05T07:00:36.6870562Z Unpacking libsoup-3.0-common (3.4.4-5ubuntu0.8) ...
verify	Run npx playwright install --with-deps chromium webkit	2026-10-05T07:00:36.7036090Z Selecting previously unselected package libsoup-3.0-0:amd64.
verify	Run npx playwright install --with-deps chromium webkit	2026-10-05T07:00:36.7137375Z Preparing to unpack .../100-libsoup-3.0-0_3.4.4-5ubuntu0.8_amd64.deb ...
verify	Run npx playwright install --with-deps chromium webkit	2026-10-05T07:00:36.7145974Z Unpacking libsoup-3.0-0:amd64 (3.4.4-5ubuntu0.8) ...
verify	Run npx playwright install --with-deps chromium webkit	2026-10-05T07:00:36.7494671Z Selecting previously unselected package gstreamer1.0-plugins-good:amd64.
verify	Run npx playwright install --with-deps chromium webkit	2026-10-05T07:00:36.7600116Z Preparing to unpack .../101-gstreamer1.0-plugins-good_1.24.2-1ubuntu1.8_amd64.deb ...
verify	Run npx playwright install --with-deps chromium webkit	2026-10-05T07:00:36.7608838Z Unpacking gstreamer1.0-plugins-good:amd64 (1.24.2-1ubuntu1.8) ...
verify	Run npx playwright install --with-deps chromium webkit	2026-10-05T07:00:36.8390002Z Selecting previously unselected package libabsl20220623t64:amd64.
verify	Run npx playwright install --with-deps chromium webkit	2026-10-05T07:00:36.8501376Z Preparing to unpack .../102-libabsl20220623t64_20220623.1-3.1ubuntu3.2_amd64.deb ...
verify	Run npx playwright install --with-deps chromium webkit	2026-10-05T07:00:36.8509392Z Unpacking libabsl20220623t64:amd64 (20220623.1-3.1ubuntu3.2) ...
verify	Run npx playwright install --with-deps chromium webkit	2026-10-05T07:00:36.8812944Z Selecting previously unselected package libgav1-1:amd64.
verify	Run npx playwright install --with-deps chromium webkit	2026-10-05T07:00:36.8923387Z Preparing to unpack .../103-libgav1-1_0.18.0-1build3_amd64.deb ...
verify	Run npx playwright install --with-deps chromium webkit	2026-10-05T07:00:36.8932707Z Unpacking libgav1-1:amd64 (0.18.0-1build3) ...
verify	Run npx playwright install --with-deps chromium webkit	2026-10-05T07:00:36.9125321Z Selecting previously unselected package libyuv0:amd64.
verify	Run npx playwright install --with-deps chromium webkit	2026-10-05T07:00:36.9232929Z Preparing to unpack .../104-libyuv0_0.0~git202401110.af6ac82-1_amd64.deb ...
verify	Run npx playwright install --with-deps chromium webkit	2026-10-05T07:00:36.9243048Z Unpacking libyuv0:amd64 (0.0~git202401110.af6ac82-1) ...
verify	Run npx playwright install --with-deps chromium webkit	2026-10-05T07:00:36.9423284Z Selecting previously unselected package libavif16:amd64.
verify	Run npx playwright install --with-deps chromium webkit	2026-10-05T07:00:36.9527507Z Preparing to unpack .../105-libavif16_1.0.4-1ubuntu3_amd64.deb ...
verify	Run npx playwright install --with-deps chromium webkit	2026-10-05T07:00:36.9537829Z Unpacking libavif16:amd64 (1.0.4-1ubuntu3) ...
verify	Run npx playwright install --with-deps chromium webkit	2026-10-05T07:00:36.9809665Z Selecting previously unselected package libavtp0:amd64.
verify	Run npx playwright install --with-deps chromium webkit	2026-10-05T07:00:36.9915589Z Preparing to unpack .../106-libavtp0_0.2.0-1build1_amd64.deb ...
verify	Run npx playwright install --with-deps chromium webkit	2026-10-05T07:00:36.9925720Z Unpacking libavtp0:amd64 (0.2.0-1build1) ...
verify	Run npx playwright install --with-deps chromium webkit	2026-10-05T07:00:37.0088003Z Selecting previously unselected package libcairo-script-interpreter2:amd64.
verify	Run npx playwright install --with-deps chromium webkit	2026-10-05T07:00:37.0193637Z Preparing to unpack .../107-libcairo-script-interpreter2_1.18.0-3build1_amd64.deb ...
verify	Run npx playwright install --with-deps chromium webkit	2026-10-05T07:00:37.0204823Z Unpacking libcairo-script-interpreter2:amd64 (1.18.0-3build1) ...
verify	Run npx playwright install --with-deps chromium webkit	2026-10-05T07:00:37.0372267Z Selecting previously unselected package libdc1394-25:amd64.
verify	Run npx playwright install --with-deps chromium webkit	2026-10-05T07:00:37.0478994Z Preparing to unpack .../108-libdc1394-25_2.2.6-4build1_amd64.deb ...
verify	Run npx playwright install --with-deps chromium webkit	2026-10-05T07:00:37.0490242Z Unpacking libdc1394-25:amd64 (2.2.6-4build1) ...
verify	Run npx playwright install --with-deps chromium webkit	2026-10-05T07:00:37.0658170Z Selecting previously unselected package libde265-0:amd64.
verify	Run npx playwright install --with-deps chromium webkit	2026-10-05T07:00:37.0764797Z Preparing to unpack .../109-libde265-0_1.0.15-1ubuntu0.1_amd64.deb ...
verify	Run npx playwright install --with-deps chromium webkit	2026-10-05T07:00:37.0775425Z Unpacking libde265-0:amd64 (1.0.15-1ubuntu0.1) ...
verify	Run npx playwright install --with-deps chromium webkit	2026-10-05T07:00:37.0957855Z Selecting previously unselected package libdecor-0-0:amd64.
verify	Run npx playwright install --with-deps chromium webkit	2026-10-05T07:00:37.1066770Z Preparing to unpack .../110-libdecor-0-0_0.2.2-1build2_amd64.deb ...
verify	Run npx playwright install --with-deps chromium webkit	2026-10-05T07:00:37.1078743Z Unpacking libdecor-0-0:amd64 (0.2.2-1build2) ...
verify	Run npx playwright install --with-deps chromium webkit	2026-10-05T07:00:37.1240641Z Selecting previously unselected package libgles2:amd64.
verify	Run npx playwright install --with-deps chromium webkit	2026-10-05T07:00:37.1346823Z Preparing to unpack .../111-libgles2_1.7.0-1build1_amd64.deb ...
verify	Run npx playwright install --with-deps chromium webkit	2026-10-05T07:00:37.1356408Z Unpacking libgles2:amd64 (1.7.0-1build1) ...
verify	Run npx playwright install --with-deps chromium webkit	2026-10-05T07:00:37.1514819Z Selecting previously unselected package libdirectfb-1.7-7t64:amd64.
verify	Run npx playwright install --with-deps chromium webkit	2026-10-05T07:00:37.1622146Z Preparing to unpack .../112-libdirectfb-1.7-7t64_1.7.7-11.1ubuntu2_amd64.deb ...
verify	Run npx playwright install --with-deps chromium webkit	2026-10-05T07:00:37.1632451Z Unpacking libdirectfb-1.7-7t64:amd64 (1.7.7-11.1ubuntu2) ...
verify	Run npx playwright install --with-deps chromium webkit	2026-10-05T07:00:37.2225904Z Selecting previously unselected package libdvdread8t64:amd64.
verify	Run npx playwright install --with-deps chromium webkit	2026-10-05T07:00:37.2339943Z Preparing to unpack .../113-libdvdread8t64_6.1.3-1.1build1_amd64.deb ...
verify	Run npx playwright install --with-deps chromium webkit	2026-10-05T07:00:37.2350702Z Unpacking libdvdread8t64:amd64 (6.1.3-1.1build1) ...
verify	Run npx playwright install --with-deps chromium webkit	2026-10-05T07:00:37.2523987Z Selecting previously unselected package libdvdnav4:amd64.
verify	Run npx playwright install --with-deps chromium webkit	2026-10-05T07:00:37.2637743Z Preparing to unpack .../114-libdvdnav4_6.1.1-3build1_amd64.deb ...
verify	Run npx playwright install --with-deps chromium webkit	2026-10-05T07:00:37.2648766Z Unpacking libdvdnav4:amd64 (6.1.1-3build1) ...
verify	Run npx playwright install --with-deps chromium webkit	2026-10-05T07:00:37.2925039Z Preparing to unpack .../115-libgl1-mesa-dri_25.2.8-0ubuntu0.24.04.4_amd64.deb ...
verify	Run npx playwright install --with-deps chromium webkit	2026-10-05T07:00:37.3041197Z Unpacking libgl1-mesa-dri:amd64 (25.2.8-0ubuntu0.24.04.4) over (25.2.8-0ubuntu0.24.04.2) ...
verify	Run npx playwright install --with-deps chromium webkit	2026-10-05T07:00:37.3421894Z Preparing to unpack .../116-libglx-mesa0_25.2.8-0ubuntu0.24.04.4_amd64.deb ...
verify	Run npx playwright install --with-deps chromium webkit	2026-10-05T07:00:37.3445916Z Unpacking libglx-mesa0:amd64 (25.2.8-0ubuntu0.24.04.4) over (25.2.8-0ubuntu0.24.04.2) ...
verify	Run npx playwright install --with-deps chromium webkit	2026-10-05T07:00:37.3749228Z Preparing to unpack .../117-libgbm1_25.2.8-0ubuntu0.24.04.4_amd64.deb ...
verify	Run npx playwright install --with-deps chromium webkit	2026-10-05T07:00:37.3774668Z Unpacking libgbm1:amd64 (25.2.8-0ubuntu0.24.04.4) over (25.2.8-0ubuntu0.24.04.2) ...
verify	Run npx playwright install --with-deps chromium webkit	2026-10-05T07:00:37.4071285Z Preparing to unpack .../118-mesa-libgallium_25.2.8-0ubuntu0.24.04.4_amd64.deb ...
verify	Run npx playwright install --with-deps chromium webkit	2026-10-05T07:00:37.4095662Z Unpacking mesa-libgallium:amd64 (25.2.8-0ubuntu0.24.04.4) over (25.2.8-0ubuntu0.24.04.2) ...
verify	Run npx playwright install --with-deps chromium webkit	2026-10-05T07:00:37.8921901Z Selecting previously unselected package libegl-mesa0:amd64.
verify	Run npx playwright install --with-deps chromium webkit	2026-10-05T07:00:37.9046969Z Preparing to unpack .../119-libegl-mesa0_25.2.8-0ubuntu0.24.04.4_amd64.deb ...
verify	Run npx playwright install --with-deps chromium webkit	2026-10-05T07:00:37.9058478Z Unpacking libegl-mesa0:amd64 (25.2.8-0ubuntu0.24.04.4) ...
verify	Run npx playwright install --with-deps chromium webkit	2026-10-05T07:00:37.9250259Z Selecting previously unselected package libevent-2.1-7t64:amd64.
verify	Run npx playwright install --with-deps chromium webkit	2026-10-05T07:00:37.9369246Z Preparing to unpack .../120-libevent-2.1-7t64_2.1.12-stable-9ubuntu2.2_amd64.deb ...
verify	Run npx playwright install --with-deps chromium webkit	2026-10-05T07:00:37.9377471Z Unpacking libevent-2.1-7t64:amd64 (2.1.12-stable-9ubuntu2.2) ...
verify	Run npx playwright install --with-deps chromium webkit	2026-10-05T07:00:37.9665066Z Preparing to unpack .../121-libevent-pthreads-2.1-7t64_2.1.12-stable-9ubuntu2.2_amd64.deb ...
verify	Run npx playwright install --with-deps chromium webkit	2026-10-05T07:00:37.9746791Z Unpacking libevent-pthreads-2.1-7t64:amd64 (2.1.12-stable-9ubuntu2.2) over (2.1.12-stable-9ubuntu2.1) ...
verify	Run npx playwright install --with-deps chromium webkit	2026-10-05T07:00:38.0060448Z Preparing to unpack .../122-libevent-core-2.1-7t64_2.1.12-stable-9ubuntu2.2_amd64.deb ...
verify	Run npx playwright install --with-deps chromium webkit	2026-10-05T07:00:38.0140517Z Unpacking libevent-core-2.1-7t64:amd64 (2.1.12-stable-9ubuntu2.2) over (2.1.12-stable-9ubuntu2.1) ...
verify	Run npx playwright install --with-deps chromium webkit	2026-10-05T07:00:38.0352020Z Selecting previously unselected package libfaad2:amd64.
verify	Run npx playwright install --with-deps chromium webkit	2026-10-05T07:00:38.0461321Z Preparing to unpack .../123-libfaad2_2.11.1-1build1_amd64.deb ...
verify	Run npx playwright install --with-deps chromium webkit	2026-10-05T07:00:38.0472160Z Unpacking libfaad2:amd64 (2.11.1-1build1) ...
verify	Run npx playwright install --with-deps chromium webkit	2026-10-05T07:00:38.0660821Z Selecting previously unselected package libinstpatch-1.0-2:amd64.
verify	Run npx playwright install --with-deps chromium webkit	2026-10-05T07:00:38.0767134Z Preparing to unpack .../124-libinstpatch-1.0-2_1.1.6-1build2_amd64.deb ...
verify	Run npx playwright install --with-deps chromium webkit	2026-10-05T07:00:38.0778247Z Unpacking libinstpatch-1.0-2:amd64 (1.1.6-1build2) ...
verify	Run npx playwright install --with-deps chromium webkit	2026-10-05T07:00:38.0965010Z Selecting previously unselected package libjack-jackd2-0:amd64.
verify	Run npx playwright install --with-deps chromium webkit	2026-10-05T07:00:38.1070372Z Preparing to unpack .../125-libjack-jackd2-0_1.9.21~dfsg-3ubuntu3_amd64.deb ...
verify	Run npx playwright install --with-deps chromium webkit	2026-10-05T07:00:38.1078847Z Unpacking libjack-jackd2-0:amd64 (1.9.21~dfsg-3ubuntu3) ...
verify	Run npx playwright install --with-deps chromium webkit	2026-10-05T07:00:38.1276941Z Selecting previously unselected package libwebrtc-audio-processing1:amd64.
verify	Run npx playwright install --with-deps chromium webkit	2026-10-05T07:00:38.1380288Z Preparing to unpack .../126-libwebrtc-audio-processing1_0.3.1-0ubuntu6_amd64.deb ...
verify	Run npx playwright install --with-deps chromium webkit	2026-10-05T07:00:38.1389695Z Unpacking libwebrtc-audio-processing1:amd64 (0.3.1-0ubuntu6) ...
verify	Run npx playwright install --with-deps chromium webkit	2026-10-05T07:00:38.1567551Z Selecting previously unselected package libspa-0.2-modules:amd64.
verify	Run npx playwright install --with-deps chromium webkit	2026-10-05T07:00:38.1671110Z Preparing to unpack .../127-libspa-0.2-modules_1.0.5-1ubuntu3.3_amd64.deb ...
verify	Run npx playwright install --with-deps chromium webkit	2026-10-05T07:00:38.1682180Z Unpacking libspa-0.2-modules:amd64 (1.0.5-1ubuntu3.3) ...
verify	Run npx playwright install --with-deps chromium webkit	2026-10-05T07:00:38.1930494Z Selecting previously unselected package libpipewire-0.3-0t64:amd64.
verify	Run npx playwright install --with-deps chromium webkit	2026-10-05T07:00:38.2035691Z Preparing to unpack .../128-libpipewire-0.3-0t64_1.0.5-1ubuntu3.3_amd64.deb ...
verify	Run npx playwright install --with-deps chromium webkit	2026-10-05T07:00:38.2046325Z Unpacking libpipewire-0.3-0t64:amd64 (1.0.5-1ubuntu3.3) ...
verify	Run npx playwright install --with-deps chromium webkit	2026-10-05T07:00:38.2415327Z Selecting previously unselected package libsdl2-2.0-0:amd64.
verify	Run npx playwright install --with-deps chromium webkit	2026-10-05T07:00:38.2525133Z Preparing to unpack .../129-libsdl2-2.0-0_2.30.0+dfsg-1ubuntu3.1_amd64.deb ...
verify	Run npx playwright install --with-deps chromium webkit	2026-10-05T07:00:38.2536819Z Unpacking libsdl2-2.0-0:amd64 (2.30.0+dfsg-1ubuntu3.1) ...
verify	Run npx playwright install --with-deps chromium webkit	2026-10-05T07:00:38.2793906Z Selecting previously unselected package timgm6mb-soundfont.
verify	Run npx playwright install --with-deps chromium webkit	2026-10-05T07:00:38.2903125Z Preparing to unpack .../130-timgm6mb-soundfont_1.3-5_all.deb ...
verify	Run npx playwright install --with-deps chromium webkit	2026-10-05T07:00:38.2913046Z Unpacking timgm6mb-soundfont (1.3-5) ...
verify	Run npx playwright install --with-deps chromium webkit	2026-10-05T07:00:38.7257343Z Selecting previously unselected package libfluidsynth3:amd64.
verify	Run npx playwright install --with-deps chromium webkit	2026-10-05T07:00:38.7377908Z Preparing to unpack .../131-libfluidsynth3_2.3.4-1build3_amd64.deb ...
verify	Run npx playwright install --with-deps chromium webkit	2026-10-05T07:00:38.7389833Z Unpacking libfluidsynth3:amd64 (2.3.4-1build3) ...
verify	Run npx playwright install --with-deps chromium webkit	2026-10-05T07:00:38.7581808Z Selecting previously unselected package libfreeaptx0:amd64.
verify	Run npx playwright install --with-deps chromium webkit	2026-10-05T07:00:38.7700889Z Preparing to unpack .../132-libfreeaptx0_0.1.1-2build1_amd64.deb ...
verify	Run npx playwright install --with-deps chromium webkit	2026-10-05T07:00:38.7711151Z Unpacking libfreeaptx0:amd64 (0.1.1-2build1) ...
verify	Run npx playwright install --with-deps chromium webkit	2026-10-05T07:00:38.7875218Z Selecting previously unselected package libgraphene-1.0-0:amd64.
verify	Run npx playwright install --with-deps chromium webkit	2026-10-05T07:00:38.7982719Z Preparing to unpack .../133-libgraphene-1.0-0_1.10.8-3build2_amd64.deb ...
verify	Run npx playwright install --with-deps chromium webkit	2026-10-05T07:00:38.7991183Z Unpacking libgraphene-1.0-0:amd64 (1.10.8-3build2) ...
verify	Run npx playwright install --with-deps chromium webkit	2026-10-05T07:00:38.8156091Z Selecting previously unselected package libgssdp-1.6-0:amd64.
verify	Run npx playwright install --with-deps chromium webkit	2026-10-05T07:00:38.8261394Z Preparing to unpack .../134-libgssdp-1.6-0_1.6.3-1build3_amd64.deb ...
verify	Run npx playwright install --with-deps chromium webkit	2026-10-05T07:00:38.8270073Z Unpacking libgssdp-1.6-0:amd64 (1.6.3-1build3) ...
verify	Run npx playwright install --with-deps chromium webkit	2026-10-05T07:00:38.8435710Z Selecting previously unselected package libegl1:amd64.
verify	Run npx playwright install --with-deps chromium webkit	2026-10-05T07:00:38.8540046Z Preparing to unpack .../135-libegl1_1.7.0-1build1_amd64.deb ...
verify	Run npx playwright install --with-deps chromium webkit	2026-10-05T07:00:38.8548344Z Unpacking libegl1:amd64 (1.7.0-1build1) ...
verify	Run npx playwright install --with-deps chromium webkit	2026-10-05T07:00:38.8713275Z Selecting previously unselected package libgstreamer-gl1.0-0:amd64.
verify	Run npx playwright install --with-deps chromium webkit	2026-10-05T07:00:38.8814841Z Preparing to unpack .../136-libgstreamer-gl1.0-0_1.24.2-1ubuntu0.5_amd64.deb ...
verify	Run npx playwright install --with-deps chromium webkit	2026-10-05T07:00:38.8822912Z Unpacking libgstreamer-gl1.0-0:amd64 (1.24.2-1ubuntu0.5) ...
verify	Run npx playwright install --with-deps chromium webkit	2026-10-05T07:00:38.8997276Z Selecting previously unselected package libgtk-4-common.
verify	Run npx playwright install --with-deps chromium webkit	2026-10-05T07:00:38.9099577Z Preparing to unpack .../137-libgtk-4-common_4.14.5+ds-0ubuntu0.10_all.deb ...
verify	Run npx playwright install --with-deps chromium webkit	2026-10-05T07:00:38.9108242Z Unpacking libgtk-4-common (4.14.5+ds-0ubuntu0.10) ...
verify	Run npx playwright install --with-deps chromium webkit	2026-10-05T07:00:38.9844040Z Selecting previously unselected package libgtk-4-1:amd64.
verify	Run npx playwright install --with-deps chromium webkit	2026-10-05T07:00:38.9951343Z Preparing to unpack .../138-libgtk-4-1_4.14.5+ds-0ubuntu0.10_amd64.deb ...
verify	Run npx playwright install --with-deps chromium webkit	2026-10-05T07:00:38.9963095Z Unpacking libgtk-4-1:amd64 (4.14.5+ds-0ubuntu0.10) ...
verify	Run npx playwright install --with-deps chromium webkit	2026-10-05T07:00:39.1106587Z Selecting previously unselected package libgupnp-1.6-0:amd64.
verify	Run npx playwright install --with-deps chromium webkit	2026-10-05T07:00:39.1219172Z Preparing to unpack .../139-libgupnp-1.6-0_1.6.6-1build3_amd64.deb ...
verify	Run npx playwright install --with-deps chromium webkit	2026-10-05T07:00:39.1231410Z Unpacking libgupnp-1.6-0:amd64 (1.6.6-1build3) ...
verify	Run npx playwright install --with-deps chromium webkit	2026-10-05T07:00:39.1402658Z Selecting previously unselected package libgupnp-igd-1.6-0:amd64.
verify	Run npx playwright install --with-deps chromium webkit	2026-10-05T07:00:39.1514720Z Preparing to unpack .../140-libgupnp-igd-1.6-0_1.6.0-3build3_amd64.deb ...
verify	Run npx playwright install --with-deps chromium webkit	2026-10-05T07:00:39.1667191Z Unpacking libgupnp-igd-1.6-0:amd64 (1.6.0-3build3) ...
verify	Run npx playwright install --with-deps chromium webkit	2026-10-05T07:00:39.1826253Z Selecting previously unselected package libharfbuzz-icu0:amd64.
verify	Run npx playwright install --with-deps chromium webkit	2026-10-05T07:00:39.1933193Z Preparing to unpack .../141-libharfbuzz-icu0_8.3.0-2build2_amd64.deb ...
verify	Run npx playwright install --with-deps chromium webkit	2026-10-05T07:00:39.1945181Z Unpacking libharfbuzz-icu0:amd64 (8.3.0-2build2) ...
verify	Run npx playwright install --with-deps chromium webkit	2026-10-05T07:00:39.2107131Z Selecting previously unselected package libhyphen0:amd64.
verify	Run npx playwright install --with-deps chromium webkit	2026-10-05T07:00:39.2215036Z Preparing to unpack .../142-libhyphen0_2.8.8-7build3_amd64.deb ...
verify	Run npx playwright install --with-deps chromium webkit	2026-10-05T07:00:39.2226002Z Unpacking libhyphen0:amd64 (2.8.8-7build3) ...
verify	Run npx playwright install --with-deps chromium webkit	2026-10-05T07:00:39.2385695Z Selecting previously unselected package libimath-3-1-29t64:amd64.
verify	Run npx playwright install --with-deps chromium webkit	2026-10-05T07:00:39.2491870Z Preparing to unpack .../143-libimath-3-1-29t64_3.1.9-3.1ubuntu2_amd64.deb ...
verify	Run npx playwright install --with-deps chromium webkit	2026-10-05T07:00:39.2500800Z Unpacking libimath-3-1-29t64:amd64 (3.1.9-3.1ubuntu2) ...
verify	Run npx playwright install --with-deps chromium webkit	2026-10-05T07:00:39.2675553Z Selecting previously unselected package liblc3-1:amd64.
verify	Run npx playwright install --with-deps chromium webkit	2026-10-05T07:00:39.2779479Z Preparing to unpack .../144-liblc3-1_1.0.4-3build1_amd64.deb ...
verify	Run npx playwright install --with-deps chromium webkit	2026-10-05T07:00:39.2788735Z Unpacking liblc3-1:amd64 (1.0.4-3build1) ...
verify	Run npx playwright install --with-deps chromium webkit	2026-10-05T07:00:39.2957271Z Selecting previously unselected package libldacbt-enc2:amd64.
verify	Run npx playwright install --with-deps chromium webkit	2026-10-05T07:00:39.3062537Z Preparing to unpack .../145-libldacbt-enc2_2.0.2.3+git20200429+ed310a0-4ubuntu2_amd64.deb ...
verify	Run npx playwright install --with-deps chromium webkit	2026-10-05T07:00:39.3071170Z Unpacking libldacbt-enc2:amd64 (2.0.2.3+git20200429+ed310a0-4ubuntu2) ...
verify	Run npx playwright install --with-deps chromium webkit	2026-10-05T07:00:39.3232386Z Selecting previously unselected package libraptor2-0:amd64.
verify	Run npx playwright install --with-deps chromium webkit	2026-10-05T07:00:39.3335144Z Preparing to unpack .../146-libraptor2-0_2.0.16-3ubuntu0.1_amd64.deb ...
verify	Run npx playwright install --with-deps chromium webkit	2026-10-05T07:00:39.3344287Z Unpacking libraptor2-0:amd64 (2.0.16-3ubuntu0.1) ...
verify	Run npx playwright install --with-deps chromium webkit	2026-10-05T07:00:39.3519022Z Selecting previously unselected package liblrdf0:amd64.
verify	Run npx playwright install --with-deps chromium webkit	2026-10-05T07:00:39.3622900Z Preparing to unpack .../147-liblrdf0_0.6.1-4build1_amd64.deb ...
verify	Run npx playwright install --with-deps chromium webkit	2026-10-05T07:00:39.3630623Z Unpacking liblrdf0:amd64 (0.6.1-4build1) ...
verify	Run npx playwright install --with-deps chromium webkit	2026-10-05T07:00:39.3974894Z Selecting previously unselected package libltc11:amd64.
verify	Run npx playwright install --with-deps chromium webkit	2026-10-05T07:00:39.4081134Z Preparing to unpack .../148-libltc11_1.3.2-1build1_amd64.deb ...
verify	Run npx playwright install --with-deps chromium webkit	2026-10-05T07:00:39.4090826Z Unpacking libltc11:amd64 (1.3.2-1build1) ...
verify	Run npx playwright install --with-deps chromium webkit	2026-10-05T07:00:39.4251382Z Selecting previously unselected package libmanette-0.2-0:amd64.
verify	Run npx playwright install --with-deps chromium webkit	2026-10-05T07:00:39.4356136Z Preparing to unpack .../149-libmanette-0.2-0_0.2.7-1build2_amd64.deb ...
verify	Run npx playwright install --with-deps chromium webkit	2026-10-05T07:00:39.4365179Z Unpacking libmanette-0.2-0:amd64 (0.2.7-1build2) ...
verify	Run npx playwright install --with-deps chromium webkit	2026-10-05T07:00:39.4533467Z Selecting previously unselected package libmfx1:amd64.
verify	Run npx playwright install --with-deps chromium webkit	2026-10-05T07:00:39.4637967Z Preparing to unpack .../150-libmfx1_22.5.4-1_amd64.deb ...
verify	Run npx playwright install --with-deps chromium webkit	2026-10-05T07:00:39.4649780Z Unpacking libmfx1:amd64 (22.5.4-1) ...
verify	Run npx playwright install --with-deps chromium webkit	2026-10-05T07:00:39.6756459Z Selecting previously unselected package libmjpegutils-2.1-0t64:amd64.
verify	Run npx playwright install --with-deps chromium webkit	2026-10-05T07:00:39.6873630Z Preparing to unpack .../151-libmjpegutils-2.1-0t64_1%3a2.1.0+debian-8.1build1_amd64.deb ...
verify	Run npx playwright install --with-deps chromium webkit	2026-10-05T07:00:39.6884688Z Unpacking libmjpegutils-2.1-0t64:amd64 (1:2.1.0+debian-8.1build1) ...
verify	Run npx playwright install --with-deps chromium webkit	2026-10-05T07:00:39.7053463Z Selecting previously unselected package libmodplug1:amd64.
verify	Run npx playwright install --with-deps chromium webkit	2026-10-05T07:00:39.7170057Z Preparing to unpack .../152-libmodplug1_1%3a0.8.9.0-3build1_amd64.deb ...
verify	Run npx playwright install --with-deps chromium webkit	2026-10-05T07:00:39.7181673Z Unpacking libmodplug1:amd64 (1:0.8.9.0-3build1) ...
verify	Run npx playwright install --with-deps chromium webkit	2026-10-05T07:00:39.7356439Z Selecting previously unselected package libmpcdec6:amd64.
verify	Run npx playwright install --with-deps chromium webkit	2026-10-05T07:00:39.7463270Z Preparing to unpack .../153-libmpcdec6_2%3a0.1~r495-2build1_amd64.deb ...
verify	Run npx playwright install --with-deps chromium webkit	2026-10-05T07:00:39.7475568Z Unpacking libmpcdec6:amd64 (2:0.1~r495-2build1) ...
verify	Run npx playwright install --with-deps chromium webkit	2026-10-05T07:00:39.7636904Z Selecting previously unselected package libmpeg2encpp-2.1-0t64:amd64.
verify	Run npx playwright install --with-deps chromium webkit	2026-10-05T07:00:39.7741852Z Preparing to unpack .../154-libmpeg2encpp-2.1-0t64_1%3a2.1.0+debian-8.1build1_amd64.deb ...
verify	Run npx playwright install --with-deps chromium webkit	2026-10-05T07:00:39.7752665Z Unpacking libmpeg2encpp-2.1-0t64:amd64 (1:2.1.0+debian-8.1build1) ...
verify	Run npx playwright install --with-deps chromium webkit	2026-10-05T07:00:39.7912920Z Selecting previously unselected package libmplex2-2.1-0t64:amd64.
verify	Run npx playwright install --with-deps chromium webkit	2026-10-05T07:00:39.8015936Z Preparing to unpack .../155-libmplex2-2.1-0t64_1%3a2.1.0+debian-8.1build1_amd64.deb ...
verify	Run npx playwright install --with-deps chromium webkit	2026-10-05T07:00:39.8026394Z Unpacking libmplex2-2.1-0t64:amd64 (1:2.1.0+debian-8.1build1) ...
verify	Run npx playwright install --with-deps chromium webkit	2026-10-05T07:00:39.8185514Z Selecting previously unselected package libneon27t64:amd64.
verify	Run npx playwright install --with-deps chromium webkit	2026-10-05T07:00:39.8286438Z Preparing to unpack .../156-libneon27t64_0.33.0-1.1build3_amd64.deb ...
verify	Run npx playwright install --with-deps chromium webkit	2026-10-05T07:00:39.8295219Z Unpacking libneon27t64:amd64 (0.33.0-1.1build3) ...
verify	Run npx playwright install --with-deps chromium webkit	2026-10-05T07:00:39.8465631Z Selecting previously unselected package libnice10:amd64.
verify	Run npx playwright install --with-deps chromium webkit	2026-10-05T07:00:39.8566118Z Preparing to unpack .../157-libnice10_0.1.21-2build3_amd64.deb ...
verify	Run npx playwright install --with-deps chromium webkit	2026-10-05T07:00:39.8574793Z Unpacking libnice10:amd64 (0.1.21-2build3) ...
verify	Run npx playwright install --with-deps chromium webkit	2026-10-05T07:00:39.8899288Z Selecting previously unselected package libopenal-data.
verify	Run npx playwright install --with-deps chromium webkit	2026-10-05T07:00:39.9001560Z Preparing to unpack .../158-libopenal-data_1%3a1.23.1-4build1_all.deb ...
verify	Run npx playwright install --with-deps chromium webkit	2026-10-05T07:00:39.9010924Z Unpacking libopenal-data (1:1.23.1-4build1) ...
verify	Run npx playwright install --with-deps chromium webkit	2026-10-05T07:00:39.9580460Z Selecting previously unselected package libopenexr-3-1-30:amd64.
verify	Run npx playwright install --with-deps chromium webkit	2026-10-05T07:00:39.9689151Z Preparing to unpack .../159-libopenexr-3-1-30_3.1.5-5.1build3_amd64.deb ...
verify	Run npx playwright install --with-deps chromium webkit	2026-10-05T07:00:39.9697802Z Unpacking libopenexr-3-1-30:amd64 (3.1.5-5.1build3) ...
verify	Run npx playwright install --with-deps chromium webkit	2026-10-05T07:00:40.0094854Z Selecting previously unselected package libopenh264-7:amd64.
verify	Run npx playwright install --with-deps chromium webkit	2026-10-05T07:00:40.0204251Z Preparing to unpack .../160-libopenh264-7_2.4.1+dfsg-1_amd64.deb ...
verify	Run npx playwright install --with-deps chromium webkit	2026-10-05T07:00:40.0212087Z Unpacking libopenh264-7:amd64 (2.4.1+dfsg-1) ...
verify	Run npx playwright install --with-deps chromium webkit	2026-10-05T07:00:40.0429973Z Selecting previously unselected package libopenni2-0:amd64.
verify	Run npx playwright install --with-deps chromium webkit	2026-10-05T07:00:40.0536990Z Preparing to unpack .../161-libopenni2-0_2.2.0.33+dfsg-18_amd64.deb ...
verify	Run npx playwright install --with-deps chromium webkit	2026-10-05T07:00:40.0562066Z Unpacking libopenni2-0:amd64 (2.2.0.33+dfsg-18) ...
verify	Run npx playwright install --with-deps chromium webkit	2026-10-05T07:00:40.0770083Z Selecting previously unselected package libqrencode4:amd64.
verify	Run npx playwright install --with-deps chromium webkit	2026-10-05T07:00:40.0874970Z Preparing to unpack .../162-libqrencode4_4.1.1-1build2_amd64.deb ...
verify	Run npx playwright install --with-deps chromium webkit	2026-10-05T07:00:40.0883017Z Unpacking libqrencode4:amd64 (4.1.1-1build2) ...
verify	Run npx playwright install --with-deps chromium webkit	2026-10-05T07:00:40.1220647Z Selecting previously unselected package libsecret-common.
verify	Run npx playwright install --with-deps chromium webkit	2026-10-05T07:00:40.1325386Z Preparing to unpack .../163-libsecret-common_0.21.4-1build3_all.deb ...
verify	Run npx playwright install --with-deps chromium webkit	2026-10-05T07:00:40.1336061Z Unpacking libsecret-common (0.21.4-1build3) ...
verify	Run npx playwright install --with-deps chromium webkit	2026-10-05T07:00:40.1495333Z Selecting previously unselected package libsecret-1-0:amd64.
verify	Run npx playwright install --with-deps chromium webkit	2026-10-05T07:00:40.1599448Z Preparing to unpack .../164-libsecret-1-0_0.21.4-1build3_amd64.deb ...
verify	Run npx playwright install --with-deps chromium webkit	2026-10-05T07:00:40.1609033Z Unpacking libsecret-1-0:amd64 (0.21.4-1build3) ...
verify	Run npx playwright install --with-deps chromium webkit	2026-10-05T07:00:40.1783992Z Selecting previously unselected package libsndio7.0:amd64.
verify	Run npx playwright install --with-deps chromium webkit	2026-10-05T07:00:40.1886053Z Preparing to unpack .../165-libsndio7.0_1.9.0-0.3build3_amd64.deb ...
verify	Run npx playwright install --with-deps chromium webkit	2026-10-05T07:00:40.1896887Z Unpacking libsndio7.0:amd64 (1.9.0-0.3build3) ...
verify	Run npx playwright install --with-deps chromium webkit	2026-10-05T07:00:40.2057356Z Selecting previously unselected package libsoundtouch1:amd64.
verify	Run npx playwright install --with-deps chromium webkit	2026-10-05T07:00:40.2161850Z Preparing to unpack .../166-libsoundtouch1_2.3.2+ds1-1build1_amd64.deb ...
verify	Run npx playwright install --with-deps chromium webkit	2026-10-05T07:00:40.2171308Z Unpacking libsoundtouch1:amd64 (2.3.2+ds1-1build1) ...
verify	Run npx playwright install --with-deps chromium webkit	2026-10-05T07:00:40.2345011Z Selecting previously unselected package libspandsp2t64:amd64.
verify	Run npx playwright install --with-deps chromium webkit	2026-10-05T07:00:40.2450793Z Preparing to unpack .../167-libspandsp2t64_0.0.6+dfsg-2.1build1_amd64.deb ...
verify	Run npx playwright install --with-deps chromium webkit	2026-10-05T07:00:40.2458427Z Unpacking libspandsp2t64:amd64 (0.0.6+dfsg-2.1build1) ...
verify	Run npx playwright install --with-deps chromium webkit	2026-10-05T07:00:40.2656718Z Selecting previously unselected package libsrtp2-1:amd64.
verify	Run npx playwright install --with-deps chromium webkit	2026-10-05T07:00:40.2761206Z Preparing to unpack .../168-libsrtp2-1_2.5.0-3build1_amd64.deb ...
verify	Run npx playwright install --with-deps chromium webkit	2026-10-05T07:00:40.2769884Z Unpacking libsrtp2-1:amd64 (2.5.0-3build1) ...
verify	Run npx playwright install --with-deps chromium webkit	2026-10-05T07:00:40.2937742Z Selecting previously unselected package libwayland-server0:amd64.
verify	Run npx playwright install --with-deps chromium webkit	2026-10-05T07:00:40.3041084Z Preparing to unpack .../169-libwayland-server0_1.22.0-2.1build1_amd64.deb ...
verify	Run npx playwright install --with-deps chromium webkit	2026-10-05T07:00:40.3050068Z Unpacking libwayland-server0:amd64 (1.22.0-2.1build1) ...
verify	Run npx playwright install --with-deps chromium webkit	2026-10-05T07:00:40.3319646Z Selecting previously unselected package libwildmidi2:amd64.
verify	Run npx playwright install --with-deps chromium webkit	2026-10-05T07:00:40.3423723Z Preparing to unpack .../170-libwildmidi2_0.4.3-1build3_amd64.deb ...
verify	Run npx playwright install --with-deps chromium webkit	2026-10-05T07:00:40.3432587Z Unpacking libwildmidi2:amd64 (0.4.3-1build3) ...
verify	Run npx playwright install --with-deps chromium webkit	2026-10-05T07:00:40.3597824Z Selecting previously unselected package libwoff1:amd64.
verify	Run npx playwright install --with-deps chromium webkit	2026-10-05T07:00:40.3701976Z Preparing to unpack .../171-libwoff1_1.0.2-2build1_amd64.deb ...
verify	Run npx playwright install --with-deps chromium webkit	2026-10-05T07:00:40.3710653Z Unpacking libwoff1:amd64 (1.0.2-2build1) ...
verify	Run npx playwright install --with-deps chromium webkit	2026-10-05T07:00:40.3879296Z Selecting previously unselected package libxcb-xkb1:amd64.
verify	Run npx playwright install --with-deps chromium webkit	2026-10-05T07:00:40.3984807Z Preparing to unpack .../172-libxcb-xkb1_1.15-1ubuntu2_amd64.deb ...
verify	Run npx playwright install --with-deps chromium webkit	2026-10-05T07:00:40.3993390Z Unpacking libxcb-xkb1:amd64 (1.15-1ubuntu2) ...
verify	Run npx playwright install --with-deps chromium webkit	2026-10-05T07:00:40.4158311Z Selecting previously unselected package libxkbcommon-x11-0:amd64.
verify	Run npx playwright install --with-deps chromium webkit	2026-10-05T07:00:40.4263094Z Preparing to unpack .../173-libxkbcommon-x11-0_1.6.0-1build1_amd64.deb ...
verify	Run npx playwright install --with-deps chromium webkit	2026-10-05T07:00:40.4271919Z Unpacking libxkbcommon-x11-0:amd64 (1.6.0-1build1) ...
verify	Run npx playwright install --with-deps chromium webkit	2026-10-05T07:00:40.4549153Z Selecting previously unselected package libzbar0t64:amd64.
verify	Run npx playwright install --with-deps chromium webkit	2026-10-05T07:00:40.4549983Z Preparing to unpack .../174-libzbar0t64_0.23.93-4build3_amd64.deb ...
verify	Run npx playwright install --with-deps chromium webkit	2026-10-05T07:00:40.4550560Z Unpacking libzbar0t64:amd64 (0.23.93-4build3) ...
verify	Run npx playwright install --with-deps chromium webkit	2026-10-05T07:00:40.4717697Z Selecting previously unselected package libzxing3:amd64.
verify	Run npx playwright install --with-deps chromium webkit	2026-10-05T07:00:40.4821030Z Preparing to unpack .../175-libzxing3_2.2.1-3_amd64.deb ...
verify	Run npx playwright install --with-deps chromium webkit	2026-10-05T07:00:40.4829842Z Unpacking libzxing3:amd64 (2.2.1-3) ...
verify	Run npx playwright install --with-deps chromium webkit	2026-10-05T07:00:40.5027432Z Selecting previously unselected package xfonts-encodings.
verify	Run npx playwright install --with-deps chromium webkit	2026-10-05T07:00:40.5129817Z Preparing to unpack .../176-xfonts-encodings_1%3a1.0.5-0ubuntu2_all.deb ...
verify	Run npx playwright install --with-deps chromium webkit	2026-10-05T07:00:40.5138011Z Unpacking xfonts-encodings (1:1.0.5-0ubuntu2) ...
verify	Run npx playwright install --with-deps chromium webkit	2026-10-05T07:00:40.5339571Z Selecting previously unselected package xfonts-utils.
verify	Run npx playwright install --with-deps chromium webkit	2026-10-05T07:00:40.5441210Z Preparing to unpack .../177-xfonts-utils_1%3a7.7+6build3_amd64.deb ...
verify	Run npx playwright install --with-deps chromium webkit	2026-10-05T07:00:40.5499746Z Unpacking xfonts-utils (1:7.7+6build3) ...
verify	Run npx playwright install --with-deps chromium webkit	2026-10-05T07:00:40.5797645Z Selecting previously unselected package xfonts-cyrillic.
verify	Run npx playwright install --with-deps chromium webkit	2026-10-05T07:00:40.5899496Z Preparing to unpack .../178-xfonts-cyrillic_1%3a1.0.5+nmu1_all.deb ...
verify	Run npx playwright install --with-deps chromium webkit	2026-10-05T07:00:40.5909999Z Unpacking xfonts-cyrillic (1:1.0.5+nmu1) ...
verify	Run npx playwright install --with-deps chromium webkit	2026-10-05T07:00:40.6135310Z Selecting previously unselected package xfonts-scalable.
verify	Run npx playwright install --with-deps chromium webkit	2026-10-05T07:00:40.6240677Z Preparing to unpack .../179-xfonts-scalable_1%3a1.0.3-1.3_all.deb ...
verify	Run npx playwright install --with-deps chromium webkit	2026-10-05T07:00:40.6250905Z Unpacking xfonts-scalable (1:1.0.3-1.3) ...
verify	Run npx playwright install --with-deps chromium webkit	2026-10-05T07:00:40.6434399Z Selecting previously unselected package libgstreamer-plugins-bad1.0-0:amd64.
verify	Run npx playwright install --with-deps chromium webkit	2026-10-05T07:00:40.6539514Z Preparing to unpack .../180-libgstreamer-plugins-bad1.0-0_1.24.2-1ubuntu4_amd64.deb ...
verify	Run npx playwright install --with-deps chromium webkit	2026-10-05T07:00:40.6547221Z Unpacking libgstreamer-plugins-bad1.0-0:amd64 (1.24.2-1ubuntu4) ...
verify	Run npx playwright install --with-deps chromium webkit	2026-10-05T07:00:40.6835101Z Selecting previously unselected package libdca0:amd64.
verify	Run npx playwright install --with-deps chromium webkit	2026-10-05T07:00:40.6939025Z Preparing to unpack .../181-libdca0_0.0.7-2build1_amd64.deb ...
verify	Run npx playwright install --with-deps chromium webkit	2026-10-05T07:00:40.6946699Z Unpacking libdca0:amd64 (0.0.7-2build1) ...
verify	Run npx playwright install --with-deps chromium webkit	2026-10-05T07:00:40.7115985Z Selecting previously unselected package libopenal1:amd64.
verify	Run npx playwright install --with-deps chromium webkit	2026-10-05T07:00:40.7217434Z Preparing to unpack .../182-libopenal1_1%3a1.23.1-4build1_amd64.deb ...
verify	Run npx playwright install --with-deps chromium webkit	2026-10-05T07:00:40.7229627Z Unpacking libopenal1:amd64 (1:1.23.1-4build1) ...
verify	Run npx playwright install --with-deps chromium webkit	2026-10-05T07:00:40.7438923Z Selecting previously unselected package libsbc1:amd64.
verify	Run npx playwright install --with-deps chromium webkit	2026-10-05T07:00:40.7541052Z Preparing to unpack .../183-libsbc1_2.0-1build1_amd64.deb ...
verify	Run npx playwright install --with-deps chromium webkit	2026-10-05T07:00:40.7701687Z Unpacking libsbc1:amd64 (2.0-1build1) ...
verify	Run npx playwright install --with-deps chromium webkit	2026-10-05T07:00:40.7865318Z Selecting previously unselected package libvo-aacenc0:amd64.
verify	Run npx playwright install --with-deps chromium webkit	2026-10-05T07:00:40.7971585Z Preparing to unpack .../184-libvo-aacenc0_0.1.3-2build1_amd64.deb ...
verify	Run npx playwright install --with-deps chromium webkit	2026-10-05T07:00:40.7983174Z Unpacking libvo-aacenc0:amd64 (0.1.3-2build1) ...
verify	Run npx playwright install --with-deps chromium webkit	2026-10-05T07:00:40.8148192Z Selecting previously unselected package libvo-amrwbenc0:amd64.
verify	Run npx playwright install --with-deps chromium webkit	2026-10-05T07:00:40.8250456Z Preparing to unpack .../185-libvo-amrwbenc0_0.1.3-2build1_amd64.deb ...
verify	Run npx playwright install --with-deps chromium webkit	2026-10-05T07:00:40.8261101Z Unpacking libvo-amrwbenc0:amd64 (0.1.3-2build1) ...
verify	Run npx playwright install --with-deps chromium webkit	2026-10-05T07:00:40.8422041Z Selecting previously unselected package gstreamer1.0-plugins-bad:amd64.
verify	Run npx playwright install --with-deps chromium webkit	2026-10-05T07:00:40.8525979Z Preparing to unpack .../186-gstreamer1.0-plugins-bad_1.24.2-1ubuntu4_amd64.deb ...
verify	Run npx playwright install --with-deps chromium webkit	2026-10-05T07:00:40.8535530Z Unpacking gstreamer1.0-plugins-bad:amd64 (1.24.2-1ubuntu4) ...
verify	Run npx playwright install --with-deps chromium webkit	2026-10-05T07:00:41.0181784Z Setting up libgme0:amd64 (0.6.3-7build1) ...
verify	Run npx playwright install --with-deps chromium webkit	2026-10-05T07:00:41.0213739Z Setting up libchromaprint1:amd64 (1.5.1-5) ...
verify	Run npx playwright install --with-deps chromium webkit	2026-10-05T07:00:41.0233415Z Setting up libssh-gcrypt-4:amd64 (0.10.6-2ubuntu0.5) ...
verify	Run npx playwright install --with-deps chromium webkit	2026-10-05T07:00:41.0258971Z Setting up libhwy1t64:amd64 (1.0.7-8.1build1) ...
verify	Run npx playwright install --with-deps chromium webkit	2026-10-05T07:00:41.0277233Z Setting up libcairo-script-interpreter2:amd64 (1.18.0-3build1) ...
verify	Run npx playwright install --with-deps chromium webkit	2026-10-05T07:00:41.0300058Z Setting up libfreeaptx0:amd64 (0.1.1-2build1) ...
verify	Run npx playwright install --with-deps chromium webkit	2026-10-05T07:00:41.0318265Z Setting up libdvdread8t64:amd64 (6.1.3-1.1build1) ...
verify	Run npx playwright install --with-deps chromium webkit	2026-10-05T07:00:41.0337486Z Setting up libudfread0:amd64 (1.1.2-1build1) ...
verify	Run npx playwright install --with-deps chromium webkit	2026-10-05T07:00:41.0361581Z Setting up libmodplug1:amd64 (1:0.8.9.0-3build1) ...
verify	Run npx playwright install --with-deps chromium webkit	2026-10-05T07:00:41.0387164Z Setting up libcdparanoia0:amd64 (3.10.2+debian-14build3) ...
verify	Run npx playwright install --with-deps chromium webkit	2026-10-05T07:00:41.0412644Z Setting up libwayland-server0:amd64 (1.22.0-2.1build1) ...
verify	Run npx playwright install --with-deps chromium webkit	2026-10-05T07:00:41.0431619Z Setting up libvo-amrwbenc0:amd64 (0.1.3-2build1) ...
verify	Run npx playwright install --with-deps chromium webkit	2026-10-05T07:00:41.0453039Z Setting up mesa-libgallium:amd64 (25.2.8-0ubuntu0.24.04.4) ...
verify	Run npx playwright install --with-deps chromium webkit	2026-10-05T07:00:41.0471473Z Setting up session-migration (0.3.9build1) ...
verify	Run npx playwright install --with-deps chromium webkit	2026-10-05T07:00:41.1464334Z Created symlink /etc/systemd/user/graphical-session-pre.target.wants/session-migration.service → /usr/lib/systemd/user/session-migration.service.
verify	Run npx playwright install --with-deps chromium webkit	2026-10-05T07:00:41.1465040Z 
verify	Run npx playwright install --with-deps chromium webkit	2026-10-05T07:00:41.1492508Z Setting up libraw1394-11:amd64 (2.1.2-2build3) ...
verify	Run npx playwright install --with-deps chromium webkit	2026-10-05T07:00:41.1513581Z Setting up libsbc1:amd64 (2.0-1build1) ...
verify	Run npx playwright install --with-deps chromium webkit	2026-10-05T07:00:41.1537066Z Setting up libproxy1v5:amd64 (0.5.4-4build1) ...
verify	Run npx playwright install --with-deps chromium webkit	2026-10-05T07:00:41.1556379Z Setting up libneon27t64:amd64 (0.33.0-1.1build3) ...
verify	Run npx playwright install --with-deps chromium webkit	2026-10-05T07:00:41.1574024Z Setting up libtag1v5-vanilla:amd64 (1.13.1-1build1) ...
verify	Run npx playwright install --with-deps chromium webkit	2026-10-05T07:00:41.1600351Z Setting up libharfbuzz-icu0:amd64 (8.3.0-2build2) ...
verify	Run npx playwright install --with-deps chromium webkit	2026-10-05T07:00:41.1618902Z Setting up libopenni2-0:amd64 (2.2.0.33+dfsg-18) ...
verify	Run npx playwright install --with-deps chromium webkit	2026-10-05T07:00:41.1853473Z Setting up libspeex1:amd64 (1.2.1-2ubuntu2.24.04.1) ...
verify	Run npx playwright install --with-deps chromium webkit	2026-10-05T07:00:41.1872939Z Setting up libshine3:amd64 (3.1.1-2build1) ...
verify	Run npx playwright install --with-deps chromium webkit	2026-10-05T07:00:41.1892015Z Setting up libcaca0:amd64 (0.99.beta20-4ubuntu0.2) ...
verify	Run npx playwright install --with-deps chromium webkit	2026-10-05T07:00:41.1920442Z Setting up libvpl2 (2023.3.0-1build1) ...
verify	Run npx playwright install --with-deps chromium webkit	2026-10-05T07:00:41.1940010Z Setting up libv4lconvert0t64:amd64 (1.26.1-4build3) ...
verify	Run npx playwright install --with-deps chromium webkit	2026-10-05T07:00:41.1958367Z Setting up libx264-164:amd64 (2:0.164.3108+git31e19f9-1) ...
verify	Run npx playwright install --with-deps chromium webkit	2026-10-05T07:00:41.1979333Z Setting up libtwolame0:amd64 (0.4.0-2build3) ...
verify	Run npx playwright install --with-deps chromium webkit	2026-10-05T07:00:41.2006016Z Setting up libmbedcrypto7t64:amd64 (2.28.8-1) ...
verify	Run npx playwright install --with-deps chromium webkit	2026-10-05T07:00:41.2025824Z Setting up libwoff1:amd64 (1.0.2-2build1) ...
verify	Run npx playwright install --with-deps chromium webkit	2026-10-05T07:00:41.2045890Z Setting up liblc3-1:amd64 (1.0.4-3build1) ...
verify	Run npx playwright install --with-deps chromium webkit	2026-10-05T07:00:41.2068078Z Setting up libqrencode4:amd64 (4.1.1-1build2) ...
verify	Run npx playwright install --with-deps chromium webkit	2026-10-05T07:00:41.2091727Z Setting up libhyphen0:amd64 (2.8.8-7build3) ...
verify	Run npx playwright install --with-deps chromium webkit	2026-10-05T07:00:41.2110808Z Setting up libgbm1:amd64 (25.2.8-0ubuntu0.24.04.4) ...
verify	Run npx playwright install --with-deps chromium webkit	2026-10-05T07:00:41.2311476Z Setting up libgsm1:amd64 (1.0.22-1build1) ...
verify	Run npx playwright install --with-deps chromium webkit	2026-10-05T07:00:41.2333937Z Setting up libvisual-0.4-0:amd64 (0.4.2-2build1) ...
verify	Run npx playwright install --with-deps chromium webkit	2026-10-05T07:00:41.2353535Z Setting up libsoxr0:amd64 (0.1.3-4build3) ...
verify	Run npx playwright install --with-deps chromium webkit	2026-10-05T07:00:41.2375448Z Setting up libzix-0-0:amd64 (0.4.2-2build1) ...
verify	Run npx playwright install --with-deps chromium webkit	2026-10-05T07:00:41.2395836Z Setting up libcodec2-1.2:amd64 (1.2.0-2build1) ...
verify	Run npx playwright install --with-deps chromium webkit	2026-10-05T07:00:41.2415427Z Setting up libmanette-0.2-0:amd64 (0.2.7-1build2) ...
verify	Run npx playwright install --with-deps chromium webkit	2026-10-05T07:00:41.2436864Z Setting up libsrtp2-1:amd64 (2.5.0-3build1) ...
verify	Run npx playwright install --with-deps chromium webkit	2026-10-05T07:00:41.2460138Z Setting up libgl1-mesa-dri:amd64 (25.2.8-0ubuntu0.24.04.4) ...
verify	Run npx playwright install --with-deps chromium webkit	2026-10-05T07:00:41.2532538Z Setting up libmysofa1:amd64 (1.3.2+dfsg-2ubuntu2) ...
verify	Run npx playwright install --with-deps chromium webkit	2026-10-05T07:00:41.2552371Z Setting up libraptor2-0:amd64 (2.0.16-3ubuntu0.1) ...
verify	Run npx playwright install --with-deps chromium webkit	2026-10-05T07:00:41.2571135Z Setting up libldacbt-enc2:amd64 (2.0.2.3+git20200429+ed310a0-4ubuntu2) ...
verify	Run npx playwright install --with-deps chromium webkit	2026-10-05T07:00:41.2594183Z Setting up fonts-wqy-zenhei (0.9.45-8) ...
verify	Run npx playwright install --with-deps chromium webkit	2026-10-05T07:00:41.2703424Z Setting up libwebrtc-audio-processing1:amd64 (0.3.1-0ubuntu6) ...
verify	Run npx playwright install --with-deps chromium webkit	2026-10-05T07:00:41.2727882Z Setting up fonts-freefont-ttf (20211204+svn4273-2) ...
verify	Run npx playwright install --with-deps chromium webkit	2026-10-05T07:00:41.2746910Z Setting up libevent-2.1-7t64:amd64 (2.1.12-stable-9ubuntu2.2) ...
verify	Run npx playwright install --with-deps chromium webkit	2026-10-05T07:00:41.2769950Z Setting up libsvtav1enc1d1:amd64 (1.7.0+dfsg-2build1) ...
verify	Run npx playwright install --with-deps chromium webkit	2026-10-05T07:00:41.2789288Z Setting up libsoup-3.0-common (3.4.4-5ubuntu0.8) ...
verify	Run npx playwright install --with-deps chromium webkit	2026-10-05T07:00:41.2809330Z Setting up libmpg123-0t64:amd64 (1.32.5-1ubuntu1.1) ...
verify	Run npx playwright install --with-deps chromium webkit	2026-10-05T07:00:41.2833522Z Setting up libcjson1:amd64 (1.7.17-1) ...
verify	Run npx playwright install --with-deps chromium webkit	2026-10-05T07:00:41.2851943Z Setting up libxvidcore4:amd64 (2:1.3.7-1build1) ...
verify	Run npx playwright install --with-deps chromium webkit	2026-10-05T07:00:41.2874647Z Setting up libmpcdec6:amd64 (2:0.1~r495-2build1) ...
verify	Run npx playwright install --with-deps chromium webkit	2026-10-05T07:00:41.2894271Z Setting up libmjpegutils-2.1-0t64:amd64 (1:2.1.0+debian-8.1build1) ...
verify	Run npx playwright install --with-deps chromium webkit	2026-10-05T07:00:41.2918990Z Setting up librav1e0:amd64 (0.7.1-2) ...
verify	Run npx playwright install --with-deps chromium webkit	2026-10-05T07:00:41.2938191Z Setting up liborc-0.4-0t64:amd64 (1:0.4.38-1ubuntu0.1) ...
verify	Run npx playwright install --with-deps chromium webkit	2026-10-05T07:00:41.2956316Z Setting up libxcb-xkb1:amd64 (1.15-1ubuntu2) ...
verify	Run npx playwright install --with-deps chromium webkit	2026-10-05T07:00:41.2977420Z Setting up libvo-aacenc0:amd64 (0.1.3-2build1) ...
verify	Run npx playwright install --with-deps chromium webkit	2026-10-05T07:00:41.2999512Z Setting up librist4:amd64 (0.2.10+dfsg-2) ...
verify	Run npx playwright install --with-deps chromium webkit	2026-10-05T07:00:41.3021064Z Setting up librsvg2-2:amd64 (2.58.0+dfsg-1build1) ...
verify	Run npx playwright install --with-deps chromium webkit	2026-10-05T07:00:41.3045117Z Setting up libblas3:amd64 (3.12.0-3build1.1) ...
verify	Run npx playwright install --with-deps chromium webkit	2026-10-05T07:00:41.3096709Z update-alternatives: using /usr/lib/x86_64-linux-gnu/blas/libblas.so.3 to provide /usr/lib/x86_64-linux-gnu/libblas.so.3 (libblas.so.3-x86_64-linux-gnu) in auto mode
verify	Run npx playwright install --with-deps chromium webkit	2026-10-05T07:00:41.3112815Z Setting up libegl-mesa0:amd64 (25.2.8-0ubuntu0.24.04.4) ...
verify	Run npx playwright install --with-deps chromium webkit	2026-10-05T07:00:41.3138342Z Setting up libsoundtouch1:amd64 (2.3.2+ds1-1build1) ...
verify	Run npx playwright install --with-deps chromium webkit	2026-10-05T07:00:41.3163235Z Setting up libplacebo338:amd64 (6.338.2-2build1) ...
verify	Run npx playwright install --with-deps chromium webkit	2026-10-05T07:00:41.3185807Z Setting up libgles2:amd64 (1.7.0-1build1) ...
verify	Run npx playwright install --with-deps chromium webkit	2026-10-05T07:00:41.3207573Z Setting up fonts-tlwg-loma-otf (1:0.7.3-1) ...
verify	Run npx playwright install --with-deps chromium webkit	2026-10-05T07:00:41.3228676Z Setting up libva2:amd64 (2.20.0-2ubuntu0.2) ...
verify	Run npx playwright install --with-deps chromium webkit	2026-10-05T07:00:41.3252690Z Setting up libspa-0.2-modules:amd64 (1.0.5-1ubuntu3.3) ...
verify	Run npx playwright install --with-deps chromium webkit	2026-10-05T07:00:41.3272368Z Setting up libzxing3:amd64 (2.2.1-3) ...
verify	Run npx playwright install --with-deps chromium webkit	2026-10-05T07:00:41.3294469Z Setting up xfonts-encodings (1:1.0.5-0ubuntu2) ...
verify	Run npx playwright install --with-deps chromium webkit	2026-10-05T07:00:41.3319161Z Setting up libopus0:amd64 (1.4-1build1) ...
verify	Run npx playwright install --with-deps chromium webkit	2026-10-05T07:00:41.3339918Z Setting up libfaad2:amd64 (2.11.1-1build1) ...
verify	Run npx playwright install --with-deps chromium webkit	2026-10-05T07:00:41.3362290Z Setting up libxkbcommon-x11-0:amd64 (1.6.0-1build1) ...
verify	Run npx playwright install --with-deps chromium webkit	2026-10-05T07:00:41.3383876Z Setting up libdc1394-25:amd64 (2.2.6-4build1) ...
verify	Run npx playwright install --with-deps chromium webkit	2026-10-05T07:00:41.3404337Z Setting up libimath-3-1-29t64:amd64 (3.1.9-3.1ubuntu2) ...
verify	Run npx playwright install --with-deps chromium webkit	2026-10-05T07:00:41.3431300Z Setting up libunibreak5:amd64 (5.1-2build1) ...
verify	Run npx playwright install --with-deps chromium webkit	2026-10-05T07:00:41.3451841Z Setting up libdv4t64:amd64 (1.0.0-17.1build1) ...
verify	Run npx playwright install --with-deps chromium webkit	2026-10-05T07:00:41.3478273Z Setting up libjxl0.7:amd64 (0.7.0-10.2ubuntu6.1) ...
verify	Run npx playwright install --with-deps chromium webkit	2026-10-05T07:00:41.3504792Z Setting up libopenh264-7:amd64 (2.4.1+dfsg-1) ...
verify	Run npx playwright install --with-deps chromium webkit	2026-10-05T07:00:41.3525676Z Setting up libltc11:amd64 (1.3.2-1build1) ...
verify	Run npx playwright install --with-deps chromium webkit	2026-10-05T07:00:41.3551957Z Setting up libx265-199:amd64 (3.5-2build1) ...
verify	Run npx playwright install --with-deps chromium webkit	2026-10-05T07:00:41.4188949Z Setting up libv4l-0t64:amd64 (1.26.1-4build3) ...
verify	Run npx playwright install --with-deps chromium webkit	2026-10-05T07:00:41.4225906Z Setting up libavtp0:amd64 (0.2.0-1build1) ...
verify	Run npx playwright install --with-deps chromium webkit	2026-10-05T07:00:41.4249685Z Setting up libsndio7.0:amd64 (1.9.0-0.3build3) ...
verify	Run npx playwright install --with-deps chromium webkit	2026-10-05T07:00:41.4273804Z Setting up libdirectfb-1.7-7t64:amd64 (1.7.7-11.1ubuntu2) ...
verify	Run npx playwright install --with-deps chromium webkit	2026-10-05T07:00:41.4297332Z Setting up libspandsp2t64:amd64 (0.0.6+dfsg-2.1build1) ...
verify	Run npx playwright install --with-deps chromium webkit	2026-10-05T07:00:41.4321395Z Setting up libvidstab1.1:amd64 (1.1.0-2build1) ...
verify	Run npx playwright install --with-deps chromium webkit	2026-10-05T07:00:41.4474368Z Setting up libvpx9:amd64 (1.14.0-1ubuntu2.3) ...
verify	Run npx playwright install --with-deps chromium webkit	2026-10-05T07:00:41.4498091Z Setting up libsrt1.5-gnutls:amd64 (1.5.3-1build2) ...
verify	Run npx playwright install --with-deps chromium webkit	2026-10-05T07:00:41.4522789Z Setting up libtag1v5:amd64 (1.13.1-1build1) ...
verify	Run npx playwright install --with-deps chromium webkit	2026-10-05T07:00:41.4559120Z Setting up libflite1:amd64 (2.2-6build3) ...
verify	Run npx playwright install --with-deps chromium webkit	2026-10-05T07:00:41.4594620Z Setting up libdav1d7:amd64 (1.4.1-1build1) ...
verify	Run npx playwright install --with-deps chromium webkit	2026-10-05T07:00:41.4637394Z Setting up libva-drm2:amd64 (2.20.0-2ubuntu0.2) ...
verify	Run npx playwright install --with-deps chromium webkit	2026-10-05T07:00:41.4666749Z Setting up fonts-ipafont-gothic (00303-21ubuntu1) ...
verify	Run npx playwright install --with-deps chromium webkit	2026-10-05T07:00:41.4740280Z update-alternatives: using /usr/share/fonts/opentype/ipafont-gothic/ipag.ttf to provide /usr/share/fonts/truetype/fonts-japanese-gothic.ttf (fonts-japanese-gothic.ttf) in auto mode
verify	Run npx playwright install --with-deps chromium webkit	2026-10-05T07:00:41.4760207Z Setting up ocl-icd-libopencl1:amd64 (2.3.2-1build1) ...
verify	Run npx playwright install --with-deps chromium webkit	2026-10-05T07:00:41.4790898Z Setting up libasyncns0:amd64 (0.8-6build4) ...
verify	Run npx playwright install --with-deps chromium webkit	2026-10-05T07:00:41.4815684Z Setting up libwildmidi2:amd64 (0.4.3-1build3) ...
verify	Run npx playwright install --with-deps chromium webkit	2026-10-05T07:00:41.4840799Z Setting up libvdpau1:amd64 (1.5-2build1) ...
verify	Run npx playwright install --with-deps chromium webkit	2026-10-05T07:00:41.4879242Z Setting up libwavpack1:amd64 (5.6.0-1build1) ...
verify	Run npx playwright install --with-deps chromium webkit	2026-10-05T07:00:41.4902193Z Setting up libbs2b0:amd64 (3.1.0+dfsg-7build1) ...
verify	Run npx playwright install --with-deps chromium webkit	2026-10-05T07:00:41.4929324Z Setting up libtheora0:amd64 (1.1.1+dfsg.1-16.1build3) ...
verify	Run npx playwright install --with-deps chromium webkit	2026-10-05T07:00:41.4951669Z Setting up libegl1:amd64 (1.7.0-1build1) ...
verify	Run npx playwright install --with-deps chromium webkit	2026-10-05T07:00:41.4978620Z Setting up libdecor-0-0:amd64 (0.2.2-1build2) ...
verify	Run npx playwright install --with-deps chromium webkit	2026-10-05T07:00:41.5000317Z Setting up libdca0:amd64 (0.0.7-2build1) ...
verify	Run npx playwright install --with-deps chromium webkit	2026-10-05T07:00:41.5020801Z Setting up libzimg2:amd64 (3.0.5+ds1-1build1) ...
verify	Run npx playwright install --with-deps chromium webkit	2026-10-05T07:00:41.5045205Z Setting up libopenal-data (1:1.23.1-4build1) ...
verify	Run npx playwright install --with-deps chromium webkit	2026-10-05T07:00:41.5079007Z Setting up libevent-core-2.1-7t64:amd64 (2.1.12-stable-9ubuntu2.2) ...
verify	Run npx playwright install --with-deps chromium webkit	2026-10-05T07:00:41.5103531Z Setting up libabsl20220623t64:amd64 (20220623.1-3.1ubuntu3.2) ...
verify	Run npx playwright install --with-deps chromium webkit	2026-10-05T07:00:41.5124758Z Setting up libflac12t64:amd64 (1.4.3+ds-2.1ubuntu2) ...
verify	Run npx playwright install --with-deps chromium webkit	2026-10-05T07:00:41.5147631Z Setting up libgtk-4-common (4.14.5+ds-0ubuntu0.10) ...
verify	Run npx playwright install --with-deps chromium webkit	2026-10-05T07:00:41.5171232Z Setting up libmpeg2encpp-2.1-0t64:amd64 (1:2.1.0+debian-8.1build1) ...
verify	Run npx playwright install --with-deps chromium webkit	2026-10-05T07:00:41.5197734Z Setting up glib-networking-common (2.80.0-1build1) ...
verify	Run npx playwright install --with-deps chromium webkit	2026-10-05T07:00:41.5217554Z Setting up libmfx1:amd64 (22.5.4-1) ...
verify	Run npx playwright install --with-deps chromium webkit	2026-10-05T07:00:41.5243083Z Setting up libbluray2:amd64 (1:1.3.4-1build1) ...
verify	Run npx playwright install --with-deps chromium webkit	2026-10-05T07:00:41.5262712Z Setting up libde265-0:amd64 (1.0.15-1ubuntu0.1) ...
verify	Run npx playwright install --with-deps chromium webkit	2026-10-05T07:00:41.5287412Z Setting up libsamplerate0:amd64 (0.2.2-4build1) ...
verify	Run npx playwright install --with-deps chromium webkit	2026-10-05T07:00:41.5311317Z Setting up timgm6mb-soundfont (1.3-5) ...
verify	Run npx playwright install --with-deps chromium webkit	2026-10-05T07:00:41.5381406Z update-alternatives: using /usr/share/sounds/sf2/TimGM6mb.sf2 to provide /usr/share/sounds/sf2/default-GM.sf2 (default-GM.sf2) in auto mode
verify	Run npx playwright install --with-deps chromium webkit	2026-10-05T07:00:41.5421767Z update-alternatives: using /usr/share/sounds/sf2/TimGM6mb.sf2 to provide /usr/share/sounds/sf3/default-GM.sf3 (default-GM.sf3) in auto mode
verify	Run npx playwright install --with-deps chromium webkit	2026-10-05T07:00:41.5437345Z Setting up libva-x11-2:amd64 (2.20.0-2ubuntu0.2) ...
verify	Run npx playwright install --with-deps chromium webkit	2026-10-05T07:00:41.5459186Z Setting up libyuv0:amd64 (0.0~git202401110.af6ac82-1) ...
verify	Run npx playwright install --with-deps chromium webkit	2026-10-05T07:00:41.5482343Z Setting up libmplex2-2.1-0t64:amd64 (1:2.1.0+debian-8.1build1) ...
verify	Run npx playwright install --with-deps chromium webkit	2026-10-05T07:00:41.5500186Z Setting up libpipewire-0.3-0t64:amd64 (1.0.5-1ubuntu3.3) ...
verify	Run npx playwright install --with-deps chromium webkit	2026-10-05T07:00:41.5522196Z Setting up libopenmpt0t64:amd64 (0.7.3-1.1build3) ...
verify	Run npx playwright install --with-deps chromium webkit	2026-10-05T07:00:41.5544819Z Setting up libzvbi-common (0.2.42-2) ...
verify	Run npx playwright install --with-deps chromium webkit	2026-10-05T07:00:41.5565795Z Setting up libsecret-common (0.21.4-1build3) ...
verify	Run npx playwright install --with-deps chromium webkit	2026-10-05T07:00:41.5589510Z Setting up libmp3lame0:amd64 (3.100-6build1) ...
verify	Run npx playwright install --with-deps chromium webkit	2026-10-05T07:00:41.5608779Z Setting up libgraphene-1.0-0:amd64 (1.10.8-3build2) ...
verify	Run npx playwright install --with-deps chromium webkit	2026-10-05T07:00:41.5632566Z Setting up libvorbisenc2:amd64 (1.3.7-1build3) ...
verify	Run npx playwright install --with-deps chromium webkit	2026-10-05T07:00:41.5655047Z Setting up libdvdnav4:amd64 (6.1.1-3build1) ...
verify	Run npx playwright install --with-deps chromium webkit	2026-10-05T07:00:41.5673609Z Setting up fonts-unifont (1:15.1.01-1build1) ...
verify	Run npx playwright install --with-deps chromium webkit	2026-10-05T07:00:41.5697118Z Setting up libaa1:amd64 (1.4p5-51.1) ...
verify	Run npx playwright install --with-deps chromium webkit	2026-10-05T07:00:41.5719569Z Setting up libiec61883-0:amd64 (1.2.0-6build1) ...
verify	Run npx playwright install --with-deps chromium webkit	2026-10-05T07:00:41.5743866Z Setting up libserd-0-0:amd64 (0.32.2-1) ...
verify	Run npx playwright install --with-deps chromium webkit	2026-10-05T07:00:41.5762670Z Setting up libavc1394-0:amd64 (0.5.4-5build3) ...
verify	Run npx playwright install --with-deps chromium webkit	2026-10-05T07:00:41.5787727Z Setting up gsettings-desktop-schemas (46.1-0ubuntu1) ...
verify	Run npx playwright install --with-deps chromium webkit	2026-10-05T07:00:41.5808605Z Setting up glib-networking-services (2.80.0-1build1) ...
verify	Run npx playwright install --with-deps chromium webkit	2026-10-05T07:00:41.5827723Z Setting up liblapack3:amd64 (3.12.0-3build1.1) ...
verify	Run npx playwright install --with-deps chromium webkit	2026-10-05T07:00:41.5880438Z update-alternatives: using /usr/lib/x86_64-linux-gnu/lapack/liblapack.so.3 to provide /usr/lib/x86_64-linux-gnu/liblapack.so.3 (liblapack.so.3-x86_64-linux-gnu) in auto mode
verify	Run npx playwright install --with-deps chromium webkit	2026-10-05T07:00:41.5902852Z Setting up libglx-mesa0:amd64 (25.2.8-0ubuntu0.24.04.4) ...
verify	Run npx playwright install --with-deps chromium webkit	2026-10-05T07:00:41.5922978Z Setting up libzvbi0t64:amd64 (0.2.42-2) ...
verify	Run npx playwright install --with-deps chromium webkit	2026-10-05T07:00:41.5946407Z Setting up libevent-pthreads-2.1-7t64:amd64 (2.1.12-stable-9ubuntu2.2) ...
verify	Run npx playwright install --with-deps chromium webkit	2026-10-05T07:00:41.5968387Z Setting up liblrdf0:amd64 (0.6.1-4build1) ...
verify	Run npx playwright install --with-deps chromium webkit	2026-10-05T07:00:41.5988151Z Setting up libzbar0t64:amd64 (0.23.93-4build3) ...
verify	Run npx playwright install --with-deps chromium webkit	2026-10-05T07:00:41.6009885Z Setting up libgstreamer-plugins-base1.0-0:amd64 (1.24.2-1ubuntu0.5) ...
verify	Run npx playwright install --with-deps chromium webkit	2026-10-05T07:00:41.6031835Z Setting up libavutil58:amd64 (7:6.1.1-3ubuntu5) ...
verify	Run npx playwright install --with-deps chromium webkit	2026-10-05T07:00:41.6053817Z Setting up libopenal1:amd64 (1:1.23.1-4build1) ...
verify	Run npx playwright install --with-deps chromium webkit	2026-10-05T07:00:41.6077193Z Setting up xfonts-utils (1:7.7+6build3) ...
verify	Run npx playwright install --with-deps chromium webkit	2026-10-05T07:00:41.6117053Z Setting up libsecret-1-0:amd64 (0.21.4-1build3) ...
verify	Run npx playwright install --with-deps chromium webkit	2026-10-05T07:00:41.6141997Z Setting up libgstreamer-plugins-good1.0-0:amd64 (1.24.2-1ubuntu1.8) ...
verify	Run npx playwright install --with-deps chromium webkit	2026-10-05T07:00:41.6161577Z Setting up libgstreamer-gl1.0-0:amd64 (1.24.2-1ubuntu0.5) ...
verify	Run npx playwright install --with-deps chromium webkit	2026-10-05T07:00:41.6185466Z Setting up gstreamer1.0-plugins-base:amd64 (1.24.2-1ubuntu0.5) ...
verify	Run npx playwright install --with-deps chromium webkit	2026-10-05T07:00:41.6209542Z Setting up libass9:amd64 (1:0.17.1-2build1) ...
verify	Run npx playwright install --with-deps chromium webkit	2026-10-05T07:00:41.6231846Z Setting up libswresample4:amd64 (7:6.1.1-3ubuntu5) ...
verify	Run npx playwright install --with-deps chromium webkit	2026-10-05T07:00:41.6255630Z Setting up libopenexr-3-1-30:amd64 (3.1.5-5.1build3) ...
verify	Run npx playwright install --with-deps chromium webkit	2026-10-05T07:00:41.6277451Z Setting up libshout3:amd64 (2.4.6-1build2) ...
verify	Run npx playwright install --with-deps chromium webkit	2026-10-05T07:00:41.6296580Z Setting up libgav1-1:amd64 (0.18.0-1build3) ...
verify	Run npx playwright install --with-deps chromium webkit	2026-10-05T07:00:41.6322516Z Setting up libavcodec60:amd64 (7:6.1.1-3ubuntu5) ...
verify	Run npx playwright install --with-deps chromium webkit	2026-10-05T07:00:41.6342345Z Setting up librubberband2:amd64 (3.3.0+dfsg-2build1) ...
verify	Run npx playwright install --with-deps chromium webkit	2026-10-05T07:00:41.6364147Z Setting up libjack-jackd2-0:amd64 (1.9.21~dfsg-3ubuntu3) ...
verify	Run npx playwright install --with-deps chromium webkit	2026-10-05T07:00:41.6389872Z Setting up libsord-0-0:amd64 (0.16.16-2build1) ...
verify	Run npx playwright install --with-deps chromium webkit	2026-10-05T07:00:41.6408389Z Setting up xfonts-cyrillic (1:1.0.5+nmu1) ...
verify	Run npx playwright install --with-deps chromium webkit	2026-10-05T07:00:41.6774135Z Setting up libpostproc57:amd64 (7:6.1.1-3ubuntu5) ...
verify	Run npx playwright install --with-deps chromium webkit	2026-10-05T07:00:41.6794828Z Setting up libsratom-0-0:amd64 (0.6.16-1build1) ...
verify	Run npx playwright install --with-deps chromium webkit	2026-10-05T07:00:41.6824354Z Setting up libsndfile1:amd64 (1.2.2-1ubuntu5.24.04.1) ...
verify	Run npx playwright install --with-deps chromium webkit	2026-10-05T07:00:41.6843879Z Setting up liblilv-0-0:amd64 (0.24.22-1build1) ...
verify	Run npx playwright install --with-deps chromium webkit	2026-10-05T07:00:41.7236181Z Setting up libinstpatch-1.0-2:amd64 (1.1.6-1build2) ...
verify	Run npx playwright install --with-deps chromium webkit	2026-10-05T07:00:41.7257530Z Setting up xfonts-scalable (1:1.0.3-1.3) ...
verify	Run npx playwright install --with-deps chromium webkit	2026-10-05T07:00:41.7484410Z Setting up libswscale7:amd64 (7:6.1.1-3ubuntu5) ...
verify	Run npx playwright install --with-deps chromium webkit	2026-10-05T07:00:41.7507156Z Setting up libavif16:amd64 (1.0.4-1ubuntu3) ...
verify	Run npx playwright install --with-deps chromium webkit	2026-10-05T07:00:41.7529284Z Setting up libpulse0:amd64 (1:16.1+dfsg1-2ubuntu10.1) ...
verify	Run npx playwright install --with-deps chromium webkit	2026-10-05T07:00:41.7594384Z Setting up libavformat60:amd64 (7:6.1.1-3ubuntu5) ...
verify	Run npx playwright install --with-deps chromium webkit	2026-10-05T07:00:41.7619357Z Setting up libsphinxbase3t64:amd64 (0.8+5prealpha+1-17build2) ...
verify	Run npx playwright install --with-deps chromium webkit	2026-10-05T07:00:41.7638991Z Setting up libsdl2-2.0-0:amd64 (2.30.0+dfsg-1ubuntu3.1) ...
verify	Run npx playwright install --with-deps chromium webkit	2026-10-05T07:00:41.7660153Z Setting up libfluidsynth3:amd64 (2.3.4-1build3) ...
verify	Run npx playwright install --with-deps chromium webkit	2026-10-05T07:00:41.7681616Z Setting up libpocketsphinx3:amd64 (0.8.0+real5prealpha+1-15ubuntu5) ...
verify	Run npx playwright install --with-deps chromium webkit	2026-10-05T07:00:41.7706276Z Setting up libavfilter9:amd64 (7:6.1.1-3ubuntu5) ...
verify	Run npx playwright install --with-deps chromium webkit	2026-10-05T07:00:41.7730141Z Setting up gstreamer1.0-libav:amd64 (1.24.1-1build1) ...
verify	Run npx playwright install --with-deps chromium webkit	2026-10-05T07:00:41.8018903Z Processing triggers for fontconfig (2.15.0-1.1ubuntu2) ...
verify	Run npx playwright install --with-deps chromium webkit	2026-10-05T07:00:41.8764206Z Processing triggers for libc-bin (2.39-0ubuntu8.9) ...
verify	Run npx playwright install --with-deps chromium webkit	2026-10-05T07:00:41.9257603Z Processing triggers for man-db (2.12.0-4build2) ...
verify	Run npx playwright install --with-deps chromium webkit	2026-10-05T07:00:41.9277989Z Not building database; man-db/auto-update is not 'true'.
verify	Run npx playwright install --with-deps chromium webkit	2026-10-05T07:00:41.9308151Z Processing triggers for libglib2.0-0t64:amd64 (2.80.0-6ubuntu3.9) ...
verify	Run npx playwright install --with-deps chromium webkit	2026-10-05T07:00:41.9559274Z Setting up libgtk-4-1:amd64 (4.14.5+ds-0ubuntu0.10) ...
verify	Run npx playwright install --with-deps chromium webkit	2026-10-05T07:00:42.1293489Z Setting up glib-networking:amd64 (2.80.0-1build1) ...
verify	Run npx playwright install --with-deps chromium webkit	2026-10-05T07:00:42.1332297Z Setting up libsoup-3.0-0:amd64 (3.4.4-5ubuntu0.8) ...
verify	Run npx playwright install --with-deps chromium webkit	2026-10-05T07:00:42.1368235Z Setting up libgssdp-1.6-0:amd64 (1.6.3-1build3) ...
verify	Run npx playwright install --with-deps chromium webkit	2026-10-05T07:00:42.1453369Z Setting up gstreamer1.0-plugins-good:amd64 (1.24.2-1ubuntu1.8) ...
verify	Run npx playwright install --with-deps chromium webkit	2026-10-05T07:00:42.1480434Z Setting up libgupnp-1.6-0:amd64 (1.6.6-1build3) ...
verify	Run npx playwright install --with-deps chromium webkit	2026-10-05T07:00:42.1561620Z Setting up libgupnp-igd-1.6-0:amd64 (1.6.0-3build3) ...
verify	Run npx playwright install --with-deps chromium webkit	2026-10-05T07:00:42.1602473Z Setting up libnice10:amd64 (0.1.21-2build3) ...
verify	Run npx playwright install --with-deps chromium webkit	2026-10-05T07:00:42.1663921Z Setting up libgstreamer-plugins-bad1.0-0:amd64 (1.24.2-1ubuntu4) ...
verify	Run npx playwright install --with-deps chromium webkit	2026-10-05T07:00:42.1718478Z Setting up gstreamer1.0-plugins-bad:amd64 (1.24.2-1ubuntu4) ...
verify	Run npx playwright install --with-deps chromium webkit	2026-10-05T07:00:42.1742991Z Processing triggers for libc-bin (2.39-0ubuntu8.9) ...
verify	Run npx playwright install --with-deps chromium webkit	2026-10-05T07:00:42.7335265Z 
verify	Run npx playwright install --with-deps chromium webkit	2026-10-05T07:00:42.7336009Z Running kernel seems to be up-to-date.
verify	Run npx playwright install --with-deps chromium webkit	2026-10-05T07:00:42.7336440Z 
verify	Run npx playwright install --with-deps chromium webkit	2026-10-05T07:00:42.7336738Z No services need to be restarted.
verify	Run npx playwright install --with-deps chromium webkit	2026-10-05T07:00:42.7337000Z 
verify	Run npx playwright install --with-deps chromium webkit	2026-10-05T07:00:42.7337168Z No containers need to be restarted.
verify	Run npx playwright install --with-deps chromium webkit	2026-10-05T07:00:42.7337389Z 
verify	Run npx playwright install --with-deps chromium webkit	2026-10-05T07:00:42.7337631Z No user sessions are running outdated binaries.
verify	Run npx playwright install --with-deps chromium webkit	2026-10-05T07:00:42.7337883Z 
verify	Run npx playwright install --with-deps chromium webkit	2026-10-05T07:00:42.7338208Z No VM guests are running outdated hypervisor (qemu) binaries on this host.
verify	Run npx playwright install --with-deps chromium webkit	2026-10-05T07:00:43.5136747Z Downloading Chrome for Testing 149.0.7827.55 (playwright chromium v1228) from https://cdn.playwright.dev/builds/cft/149.0.7827.55/linux64/chrome-linux64.zip
verify	Run npx playwright install --with-deps chromium webkit	2026-10-05T07:00:44.5175773Z |                                                                                |   0% of 177 MiB
verify	Run npx playwright install --with-deps chromium webkit	2026-10-05T07:00:44.7356054Z |■■■■■■■■                                                                        |  10% of 177 MiB
verify	Run npx playwright install --with-deps chromium webkit	2026-10-05T07:00:44.8172602Z |■■■■■■■■■■■■■■■■                                                                |  20% of 177 MiB
verify	Run npx playwright install --with-deps chromium webkit	2026-10-05T07:00:44.9027739Z |■■■■■■■■■■■■■■■■■■■■■■■■                                                        |  30% of 177 MiB
verify	Run npx playwright install --with-deps chromium webkit	2026-10-05T07:00:44.9834347Z |■■■■■■■■■■■■■■■■■■■■■■■■■■■■■■■■                                                |  40% of 177 MiB
verify	Run npx playwright install --with-deps chromium webkit	2026-10-05T07:00:45.0628909Z |■■■■■■■■■■■■■■■■■■■■■■■■■■■■■■■■■■■■■■■■                                        |  50% of 177 MiB
verify	Run npx playwright install --with-deps chromium webkit	2026-10-05T07:00:45.1412219Z |■■■■■■■■■■■■■■■■■■■■■■■■■■■■■■■■■■■■■■■■■■■■■■■■                                |  60% of 177 MiB
verify	Run npx playwright install --with-deps chromium webkit	2026-10-05T07:00:45.2179348Z |■■■■■■■■■■■■■■■■■■■■■■■■■■■■■■■■■■■■■■■■■■■■■■■■■■■■■■■■                        |  70% of 177 MiB
verify	Run npx playwright install --with-deps chromium webkit	2026-10-05T07:00:45.2931972Z |■■■■■■■■■■■■■■■■■■■■■■■■■■■■■■■■■■■■■■■■■■■■■■■■■■■■■■■■■■■■■■■■                |  80% of 177 MiB
verify	Run npx playwright install --with-deps chromium webkit	2026-10-05T07:00:45.3682483Z |■■■■■■■■■■■■■■■■■■■■■■■■■■■■■■■■■■■■■■■■■■■■■■■■■■■■■■■■■■■■■■■■■■■■■■■■        |  90% of 177 MiB
verify	Run npx playwright install --with-deps chromium webkit	2026-10-05T07:00:45.4488174Z |■■■■■■■■■■■■■■■■■■■■■■■■■■■■■■■■■■■■■■■■■■■■■■■■■■■■■■■■■■■■■■■■■■■■■■■■■■■■■■■■| 100% of 177 MiB
verify	Run npx playwright install --with-deps chromium webkit	2026-10-05T07:00:48.5380549Z Chrome for Testing 149.0.7827.55 (playwright chromium v1228) downloaded to /home/runner/.cache/ms-playwright/chromium-1228
verify	Run npx playwright install --with-deps chromium webkit	2026-10-05T07:00:48.5384249Z Downloading FFmpeg (playwright ffmpeg v1011) from https://cdn.playwright.dev/dbazure/download/playwright/builds/ffmpeg/1011/ffmpeg-linux.zip
verify	Run npx playwright install --with-deps chromium webkit	2026-10-05T07:00:49.5651861Z |                                                                                |   0% of 2.3 MiB
verify	Run npx playwright install --with-deps chromium webkit	2026-10-05T07:00:49.6024760Z |■■■■■■■■                                                                        |  10% of 2.3 MiB
verify	Run npx playwright install --with-deps chromium webkit	2026-10-05T07:00:49.6251017Z |■■■■■■■■■■■■■■■■                                                                |  20% of 2.3 MiB
verify	Run npx playwright install --with-deps chromium webkit	2026-10-05T07:00:49.6417397Z |■■■■■■■■■■■■■■■■■■■■■■■■                                                        |  30% of 2.3 MiB
verify	Run npx playwright install --with-deps chromium webkit	2026-10-05T07:00:49.6577057Z |■■■■■■■■■■■■■■■■■■■■■■■■■■■■■■■■                                                |  40% of 2.3 MiB
verify	Run npx playwright install --with-deps chromium webkit	2026-10-05T07:00:49.6625524Z |■■■■■■■■■■■■■■■■■■■■■■■■■■■■■■■■■■■■■■■■                                        |  50% of 2.3 MiB
verify	Run npx playwright install --with-deps chromium webkit	2026-10-05T07:00:49.6716997Z |■■■■■■■■■■■■■■■■■■■■■■■■■■■■■■■■■■■■■■■■■■■■■■■■                                |  60% of 2.3 MiB
verify	Run npx playwright install --with-deps chromium webkit	2026-10-05T07:00:49.6800188Z |■■■■■■■■■■■■■■■■■■■■■■■■■■■■■■■■■■■■■■■■■■■■■■■■■■■■■■■■                        |  70% of 2.3 MiB
verify	Run npx playwright install --with-deps chromium webkit	2026-10-05T07:00:49.6858762Z |■■■■■■■■■■■■■■■■■■■■■■■■■■■■■■■■■■■■■■■■■■■■■■■■■■■■■■■■■■■■■■■■                |  80% of 2.3 MiB
verify	Run npx playwright install --with-deps chromium webkit	2026-10-05T07:00:49.6948084Z |■■■■■■■■■■■■■■■■■■■■■■■■■■■■■■■■■■■■■■■■■■■■■■■■■■■■■■■■■■■■■■■■■■■■■■■■        |  90% of 2.3 MiB
verify	Run npx playwright install --with-deps chromium webkit	2026-10-05T07:00:49.6970423Z |■■■■■■■■■■■■■■■■■■■■■■■■■■■■■■■■■■■■■■■■■■■■■■■■■■■■■■■■■■■■■■■■■■■■■■■■■■■■■■■■| 100% of 2.3 MiB
verify	Run npx playwright install --with-deps chromium webkit	2026-10-05T07:00:49.7521649Z FFmpeg (playwright ffmpeg v1011) downloaded to /home/runner/.cache/ms-playwright/ffmpeg-1011
verify	Run npx playwright install --with-deps chromium webkit	2026-10-05T07:00:49.7524883Z Downloading Chrome Headless Shell 149.0.7827.55 (playwright chromium-headless-shell v1228) from https://cdn.playwright.dev/builds/cft/149.0.7827.55/linux64/chrome-headless-shell-linux64.zip
verify	Run npx playwright install --with-deps chromium webkit	2026-10-05T07:00:50.7600616Z |                                                                                |   0% of 114.2 MiB
verify	Run npx playwright install --with-deps chromium webkit	2026-10-05T07:00:50.9449163Z |■■■■■■■■                                                                        |  10% of 114.2 MiB
verify	Run npx playwright install --with-deps chromium webkit	2026-10-05T07:00:50.9814424Z |■■■■■■■■■■■■■■■■                                                                |  20% of 114.2 MiB
verify	Run npx playwright install --with-deps chromium webkit	2026-10-05T07:00:51.0154365Z |■■■■■■■■■■■■■■■■■■■■■■■■                                                        |  30% of 114.2 MiB
verify	Run npx playwright install --with-deps chromium webkit	2026-10-05T07:00:51.0638968Z |■■■■■■■■■■■■■■■■■■■■■■■■■■■■■■■■                                                |  40% of 114.2 MiB
verify	Run npx playwright install --with-deps chromium webkit	2026-10-05T07:00:51.0869201Z |■■■■■■■■■■■■■■■■■■■■■■■■■■■■■■■■■■■■■■■■                                        |  50% of 114.2 MiB
verify	Run npx playwright install --with-deps chromium webkit	2026-10-05T07:00:51.1089681Z |■■■■■■■■■■■■■■■■■■■■■■■■■■■■■■■■■■■■■■■■■■■■■■■■                                |  60% of 114.2 MiB
verify	Run npx playwright install --with-deps chromium webkit	2026-10-05T07:00:51.1510945Z |■■■■■■■■■■■■■■■■■■■■■■■■■■■■■■■■■■■■■■■■■■■■■■■■■■■■■■■■                        |  70% of 114.2 MiB
verify	Run npx playwright install --with-deps chromium webkit	2026-10-05T07:00:51.1759241Z |■■■■■■■■■■■■■■■■■■■■■■■■■■■■■■■■■■■■■■■■■■■■■■■■■■■■■■■■■■■■■■■■                |  80% of 114.2 MiB
verify	Run npx playwright install --with-deps chromium webkit	2026-10-05T07:00:51.1969557Z |■■■■■■■■■■■■■■■■■■■■■■■■■■■■■■■■■■■■■■■■■■■■■■■■■■■■■■■■■■■■■■■■■■■■■■■■        |  90% of 114.2 MiB
verify	Run npx playwright install --with-deps chromium webkit	2026-10-05T07:00:51.2378106Z |■■■■■■■■■■■■■■■■■■■■■■■■■■■■■■■■■■■■■■■■■■■■■■■■■■■■■■■■■■■■■■■■■■■■■■■■■■■■■■■■| 100% of 114.2 MiB
verify	Run npx playwright install --with-deps chromium webkit	2026-10-05T07:00:53.5101537Z Chrome Headless Shell 149.0.7827.55 (playwright chromium-headless-shell v1228) downloaded to /home/runner/.cache/ms-playwright/chromium_headless_shell-1228
verify	Run npx playwright install --with-deps chromium webkit	2026-10-05T07:00:53.5103858Z Downloading WebKit 26.5 (playwright webkit v2311) from https://cdn.playwright.dev/dbazure/download/playwright/builds/webkit/2311/webkit-ubuntu-24.04.zip
verify	Run npx playwright install --with-deps chromium webkit	2026-10-05T07:00:54.5007159Z |                                                                                |   0% of 100.9 MiB
verify	Run npx playwright install --with-deps chromium webkit	2026-10-05T07:00:54.7253780Z |■■■■■■■■                                                                        |  10% of 100.9 MiB
verify	Run npx playwright install --with-deps chromium webkit	2026-10-05T07:00:54.7889817Z |■■■■■■■■■■■■■■■■                                                                |  20% of 100.9 MiB
verify	Run npx playwright install --with-deps chromium webkit	2026-10-05T07:00:54.8501340Z |■■■■■■■■■■■■■■■■■■■■■■■■                                                        |  30% of 100.9 MiB
verify	Run npx playwright install --with-deps chromium webkit	2026-10-05T07:00:54.9148718Z |■■■■■■■■■■■■■■■■■■■■■■■■■■■■■■■■                                                |  40% of 100.9 MiB
verify	Run npx playwright install --with-deps chromium webkit	2026-10-05T07:00:54.9785468Z |■■■■■■■■■■■■■■■■■■■■■■■■■■■■■■■■■■■■■■■■                                        |  50% of 100.9 MiB
verify	Run npx playwright install --with-deps chromium webkit	2026-10-05T07:00:55.0506809Z |■■■■■■■■■■■■■■■■■■■■■■■■■■■■■■■■■■■■■■■■■■■■■■■■                                |  60% of 100.9 MiB
verify	Run npx playwright install --with-deps chromium webkit	2026-10-05T07:00:55.1242578Z |■■■■■■■■■■■■■■■■■■■■■■■■■■■■■■■■■■■■■■■■■■■■■■■■■■■■■■■■                        |  70% of 100.9 MiB
verify	Run npx playwright install --with-deps chromium webkit	2026-10-05T07:00:55.2478931Z |■■■■■■■■■■■■■■■■■■■■■■■■■■■■■■■■■■■■■■■■■■■■■■■■■■■■■■■■■■■■■■■■                |  80% of 100.9 MiB
verify	Run npx playwright install --with-deps chromium webkit	2026-10-05T07:00:55.3041323Z |■■■■■■■■■■■■■■■■■■■■■■■■■■■■■■■■■■■■■■■■■■■■■■■■■■■■■■■■■■■■■■■■■■■■■■■■        |  90% of 100.9 MiB
verify	Run npx playwright install --with-deps chromium webkit	2026-10-05T07:00:55.3869188Z |■■■■■■■■■■■■■■■■■■■■■■■■■■■■■■■■■■■■■■■■■■■■■■■■■■■■■■■■■■■■■■■■■■■■■■■■■■■■■■■■| 100% of 100.9 MiB
verify	Run npx playwright install --with-deps chromium webkit	2026-10-05T07:00:57.4364497Z WebKit 26.5 (playwright webkit v2311) downloaded to /home/runner/.cache/ms-playwright/webkit-2311
verify	Run xvfb-run -a npm run test:browser	﻿2026-10-05T07:00:57.6555112Z ##[group]Run xvfb-run -a npm run test:browser
verify	Run xvfb-run -a npm run test:browser	2026-10-05T07:00:57.6555475Z [36;1mxvfb-run -a npm run test:browser[0m
verify	Run xvfb-run -a npm run test:browser	2026-10-05T07:00:57.6594672Z shell: /usr/bin/bash -e {0}
verify	Run xvfb-run -a npm run test:browser	2026-10-05T07:00:57.6594994Z ##[endgroup]
verify	Run xvfb-run -a npm run test:browser	2026-10-05T07:01:00.4234767Z 
verify	Run xvfb-run -a npm run test:browser	2026-10-05T07:01:00.4235727Z > gekichin@0.1.0 test:browser
verify	Run xvfb-run -a npm run test:browser	2026-10-05T07:01:00.4236193Z > playwright test
verify	Run xvfb-run -a npm run test:browser	2026-10-05T07:01:00.4236357Z 
verify	Run xvfb-run -a npm run test:browser	2026-10-05T07:01:02.6189970Z 
verify	Run xvfb-run -a npm run test:browser	2026-10-05T07:01:02.6190697Z Running 57 tests using 1 worker
verify	Run xvfb-run -a npm run test:browser	2026-10-05T07:01:02.6206890Z 
verify	Run xvfb-run -a npm run test:browser	2026-10-05T07:01:12.9894245Z   ✓   1 [chromium] › browser-tests/combat-throttle.spec.ts:36:1 › Normal lever retains its target, clears on controls pause, and Easy keeps cruise (9.8s)
verify	Run xvfb-run -a npm run test:browser	2026-10-05T07:01:28.9107854Z   ✓   2 [chromium] › browser-tests/combat-throttle.spec.ts:102:1 › Normal sea-loss clears a held lever and steering key; a fresh focused throttle command works after respawn (15.9s)
verify	Run xvfb-run -a npm run test:browser	2026-10-05T07:01:34.5760500Z   ✓   3 [chromium] › browser-tests/combat-throttle.spec.ts:161:1 › large-text landscape throttle placement stays clear of real controls and matches the saved preview (5.7s)
verify	Run xvfb-run -a npm run test:browser	2026-10-05T07:01:46.8674008Z   ✓   4 [chromium] › browser-tests/combat.spec.ts:31:1 › Easy combat clock, six-face HUD, pause and explicit resume follow product controls (12.3s)
verify	Run xvfb-run -a npm run test:browser	2026-10-05T07:02:02.3550757Z   ✓   5 [chromium] › browser-tests/combat.spec.ts:59:1 › Normal keyboard firing consumes real ammunition and updates flight HUD, then pauses cleanly (15.5s)
verify	Run xvfb-run -a npm run test:browser	2026-10-05T07:02:22.4693743Z   ✓   6 [chromium] › browser-tests/combat.spec.ts:91:1 › ten product restart cycles retain one bounded scene and stable WebGL resources (20.1s)
verify	Run xvfb-run -a npm run test:browser	2026-10-05T07:02:31.0086507Z   ✓   7 [chromium] › browser-tests/combat.spec.ts:133:1 › abort replaces the previous result display before the next rendered frame (8.5s)
verify	Run xvfb-run -a npm run test:browser	2026-10-05T07:02:44.1587811Z   ✓   8 [chromium] › browser-tests/combat.spec.ts:163:1 › Normal sea contact clears held controls and respawns the player under new ownership (13.1s)
verify	Run xvfb-run -a npm run test:browser	2026-10-05T07:03:43.1632596Z   ✓   9 [chromium] › browser-tests/evasion-recording.spec.ts:21:1 › A12/R45 records six paired real-projectile evasion cases through the normal FlightScene camera (59.0s)
verify	Run xvfb-run -a npm run test:browser	2026-10-05T07:03:56.2974599Z   ✓  10 [chromium] › browser-tests/evasion-visual.spec.ts:3:1 › normal product camera shows a main-gun warning and an ordinary turn (13.1s)
verify	Run xvfb-run -a npm run test:browser	2026-10-05T07:04:11.7665630Z   ✓  11 [chromium] › browser-tests/p1-flow.spec.ts:9:1 › Normal keyboard flight, loop interruption, pause, settings, report and reflight use one operation (15.4s)
verify	Run xvfb-run -a npm run test:browser	2026-10-05T07:04:19.7260793Z   ✓  12 [chromium] › browser-tests/p1-flow.spec.ts:33:1 › multi-touch cancel, lost capture, resize and compatibility click release held input (7.9s)
verify	Run xvfb-run -a npm run test:browser	2026-10-05T07:04:58.0589079Z   ✓  13 [chromium] › browser-tests/p1-flow.spec.ts:51:1 › Easy one button fits specified viewports and ten repeated starts never duplicate app resources (38.3s)
verify	Run xvfb-run -a npm run test:browser	2026-10-05T07:05:06.3830992Z   ✓  14 [chromium] › browser-tests/p1-flow.spec.ts:65:1 › WebGL loss while paused or editing gives guidance and restoration needs explicit resume (8.3s)
verify	Run xvfb-run -a npm run test:browser	2026-10-05T07:05:12.6997687Z   ✓  15 [chromium] › browser-tests/p1-flow.spec.ts:74:1 › an aborted combat report does not write a best record or make game API requests (6.3s)
verify	Run xvfb-run -a npm run test:browser	2026-10-05T07:05:20.0176735Z   ✓  16 [chromium] › browser-tests/p1-flow.spec.ts:93:1 › an explicit visibilitychange fixture stops flight and visible recovery never resumes it (7.3s)
verify	Run xvfb-run -a npm run test:browser	2026-10-05T07:05:28.1117531Z   ✓  17 [chromium] › browser-tests/p1-flow.spec.ts:114:1 › sound starts OFF, pauses with flight and reuses one audio context after replay (8.1s)
verify	Run xvfb-run -a npm run test:browser	2026-10-05T07:05:35.2239783Z   ✓  18 [chromium] › browser-tests/p1-independent-ui.spec.ts:10:1 › touch preview controls fit their scroller and Gekichin settings leave other games storage untouched (7.1s)
verify	Run xvfb-run -a npm run test:browser	2026-10-05T07:05:41.6712371Z   ✓  19 [chromium] › browser-tests/p1-independent.spec.ts:10:1 › a pause binding on Enter leaves home and result button activation with native Enter (6.4s)
verify	Run xvfb-run -a npm run test:browser	2026-10-05T07:05:51.2027534Z   ✓  20 [chromium] › browser-tests/p1-independent.spec.ts:36:1 › an event-loop stall of at least two seconds freezes the flight until explicit resume (9.5s)
verify	Run xvfb-run -a npm run test:browser	2026-10-05T07:05:55.6277384Z   ✓  21 [chromium] › browser-tests/p1-independent.spec.ts:57:1 › when WebGL creation fails, settings and help remain available while flight stays disabled (4.4s)
verify	Run xvfb-run -a npm run test:browser	2026-10-05T07:06:07.1080208Z   ✓  22 [chromium] › browser-tests/p1-settings.spec.ts:20:1 › nine keyboard actions reject duplicate, reserved, modifier and IME input; draft and focus are transactional (11.5s)
verify	Run xvfb-run -a npm run test:browser	2026-10-05T07:06:18.9794992Z   ✓  23 [chromium] › browser-tests/p1-settings.spec.ts:48:1 › home editors offer both modes and persist touch size, opacity and placement only after save (11.9s)
verify	Run xvfb-run -a npm run test:browser	2026-10-05T07:06:26.1478139Z   ✓  24 [chromium] › browser-tests/p1-settings.spec.ts:68:1 › a multi-key save failure rolls back and only explicit session use changes active settings (7.2s)
verify	Run xvfb-run -a npm run test:browser	2026-10-05T07:06:34.7430896Z   ✓  25 [chromium] › browser-tests/p1-settings.spec.ts:90:1 › future-version values are never downgraded and failed drafts can be cancelled (8.6s)
verify	Run xvfb-run -a npm run test:browser	2026-10-05T07:07:13.8046396Z   ✓  26 [chromium] › browser-tests/p1-settings.spec.ts:104:1 › home, settings and guide stay reachable at all required viewports and 200 percent text (39.0s)
verify	Run xvfb-run -a npm run test:browser	2026-10-05T07:07:29.7012100Z   ✓  27 [chromium] › browser-tests/throttle-lever.spec.ts:11:2 › v1 read migration, repeated v2 save, rectangular preview and 200% settings 320x568 (15.9s)
verify	Run xvfb-run -a npm run test:browser	2026-10-05T07:07:47.2500791Z   ✓  28 [chromium] › browser-tests/throttle-lever.spec.ts:11:2 › v1 read migration, repeated v2 save, rectangular preview and 200% settings 393x852 (17.5s)
verify	Run xvfb-run -a npm run test:browser	2026-10-05T07:08:03.0263039Z   ✓  29 [chromium] › browser-tests/throttle-lever.spec.ts:11:2 › v1 read migration, repeated v2 save, rectangular preview and 200% settings 568x320 (15.8s)
verify	Run xvfb-run -a npm run test:browser	2026-10-05T07:08:21.1229718Z   ✓  30 [chromium] › browser-tests/throttle-lever.spec.ts:11:2 › v1 read migration, repeated v2 save, rectangular preview and 200% settings 852x393 (18.1s)
verify	Run xvfb-run -a npm run test:browser	2026-10-05T07:08:30.2331465Z   ✓  31 [chromium] › browser-tests/throttle-lever.spec.ts:34:1 › future v2, legacy raw and failed save remain protected through cancel and session-only use (9.1s)
verify	Run xvfb-run -a npm run test:browser	2026-10-05T07:08:31.8950852Z   ✓  32 [chromium] › browser-tests/throttle-lever.spec.ts:42:1 › real browser pointer and focused slider input spring home and release independently (1.6s)
verify	Run xvfb-run -a npm run test:browser	2026-10-05T07:08:42.8380888Z   ✓  33 [chromium] › browser-tests/throttle-lever.spec.ts:64:1 › Normal live flight accepts the lever, stops through settings and Easy has none (10.9s)
verify	Run xvfb-run -a npm run test:browser	2026-10-05T07:08:59.8607174Z   ✓  34 [chromium] › browser-tests/throttle-lever.spec.ts:78:2 › hidden HUD obstacle measurement preserves controls 320x568 text 100% (17.0s)
verify	Run xvfb-run -a npm run test:browser	2026-10-05T07:09:23.2498054Z   ✓  35 [chromium] › browser-tests/throttle-lever.spec.ts:78:2 › hidden HUD obstacle measurement preserves controls 320x568 text 200% (23.4s)
verify	Run xvfb-run -a npm run test:browser	2026-10-05T07:09:45.8542488Z   ✓  36 [chromium] › browser-tests/throttle-lever.spec.ts:78:2 › hidden HUD obstacle measurement preserves controls 568x320 text 100% (22.6s)
verify	Run xvfb-run -a npm run test:browser	2026-10-05T07:10:09.0652886Z   ✓  37 [chromium] › browser-tests/throttle-lever.spec.ts:78:2 › hidden HUD obstacle measurement preserves controls 568x320 text 200% (23.2s)
verify	Run xvfb-run -a npm run test:browser	2026-10-05T07:10:19.4116306Z   ✓  38 [chromium] › browser-tests/throttle-lever.spec.ts:104:1 › settings footer and close remain reachable at 200 percent CSS zoom (10.3s)
verify	Run xvfb-run -a npm run test:browser	2026-10-05T07:10:28.8984433Z   ✓  39 [webkit-ui] › browser-tests/p1-independent-ui.spec.ts:10:1 › touch preview controls fit their scroller and Gekichin settings leave other games storage untouched (6.6s)
verify	Run xvfb-run -a npm run test:browser	2026-10-05T07:10:34.4882733Z   ✓  40 [webkit-ui] › browser-tests/p1-settings.spec.ts:20:1 › nine keyboard actions reject duplicate, reserved, modifier and IME input; draft and focus are transactional (5.6s)
verify	Run xvfb-run -a npm run test:browser	2026-10-05T07:10:39.4570698Z   ✓  41 [webkit-ui] › browser-tests/p1-settings.spec.ts:48:1 › home editors offer both modes and persist touch size, opacity and placement only after save (5.0s)
verify	Run xvfb-run -a npm run test:browser	2026-10-05T07:10:42.3343972Z   ✓  42 [webkit-ui] › browser-tests/p1-settings.spec.ts:68:1 › a multi-key save failure rolls back and only explicit session use changes active settings (2.9s)
verify	Run xvfb-run -a npm run test:browser	2026-10-05T07:10:46.5425203Z   ✓  43 [webkit-ui] › browser-tests/p1-settings.spec.ts:90:1 › future-version values are never downgraded and failed drafts can be cancelled (4.2s)
verify	Run xvfb-run -a npm run test:browser	2026-10-05T07:11:02.7781314Z   ✓  44 [webkit-ui] › browser-tests/p1-settings.spec.ts:104:1 › home, settings and guide stay reachable at all required viewports and 200 percent text (16.2s)
verify	Run xvfb-run -a npm run test:browser	2026-10-05T07:11:08.9480960Z   ✓  45 [webkit-ui] › browser-tests/throttle-lever.spec.ts:11:2 › v1 read migration, repeated v2 save, rectangular preview and 200% settings 320x568 (6.1s)
verify	Run xvfb-run -a npm run test:browser	2026-10-05T07:11:15.7184796Z   ✓  46 [webkit-ui] › browser-tests/throttle-lever.spec.ts:11:2 › v1 read migration, repeated v2 save, rectangular preview and 200% settings 393x852 (6.8s)
verify	Run xvfb-run -a npm run test:browser	2026-10-05T07:11:21.7489729Z   ✓  47 [webkit-ui] › browser-tests/throttle-lever.spec.ts:11:2 › v1 read migration, repeated v2 save, rectangular preview and 200% settings 568x320 (6.0s)
verify	Run xvfb-run -a npm run test:browser	2026-10-05T07:11:29.3631099Z   ✓  48 [webkit-ui] › browser-tests/throttle-lever.spec.ts:11:2 › v1 read migration, repeated v2 save, rectangular preview and 200% settings 852x393 (7.6s)
verify	Run xvfb-run -a npm run test:browser	2026-10-05T07:11:33.2716225Z   ✓  49 [webkit-ui] › browser-tests/throttle-lever.spec.ts:34:1 › future v2, legacy raw and failed save remain protected through cancel and session-only use (3.9s)
verify	Run xvfb-run -a npm run test:browser	2026-10-05T07:11:33.8554343Z   ✓  50 [webkit-ui] › browser-tests/throttle-lever.spec.ts:42:1 › real browser pointer and focused slider input spring home and release independently (565ms)
verify	Run xvfb-run -a npm run test:browser	2026-10-05T07:11:34.0834032Z   -  51 [webkit-ui] › browser-tests/throttle-lever.spec.ts:64:1 › Normal live flight accepts the lever, stops through settings and Easy has none
verify	Run xvfb-run -a npm run test:browser	2026-10-05T07:11:39.6783857Z   ✓  52 [webkit-ui] › browser-tests/throttle-lever.spec.ts:78:2 › hidden HUD obstacle measurement preserves controls 320x568 text 100% (5.6s)
verify	Run xvfb-run -a npm run test:browser	2026-10-05T07:11:46.9551629Z   ✓  53 [webkit-ui] › browser-tests/throttle-lever.spec.ts:78:2 › hidden HUD obstacle measurement preserves controls 320x568 text 200% (7.3s)
verify	Run xvfb-run -a npm run test:browser	2026-10-05T07:11:53.9612111Z   ✓  54 [webkit-ui] › browser-tests/throttle-lever.spec.ts:78:2 › hidden HUD obstacle measurement preserves controls 568x320 text 100% (7.0s)
verify	Run xvfb-run -a npm run test:browser	2026-10-05T07:12:01.7540315Z   ✓  55 [webkit-ui] › browser-tests/throttle-lever.spec.ts:78:2 › hidden HUD obstacle measurement preserves controls 568x320 text 200% (7.8s)
verify	Run xvfb-run -a npm run test:browser	2026-10-05T07:12:05.3165696Z   ✓  56 [webkit-ui] › browser-tests/throttle-lever.spec.ts:104:1 › settings footer and close remain reachable at 200 percent CSS zoom (3.6s)
verify	Run xvfb-run -a npm run test:browser	2026-10-05T07:12:15.0837329Z   ✓  57 [chromium-headed] › browser-tests/p1-native-visibility.spec.ts:8:1 › a native headed tab hides the flight, freezes its clock and requires explicit resume (9.3s)
verify	Run xvfb-run -a npm run test:browser	2026-10-05T07:12:15.1112414Z 
verify	Run xvfb-run -a npm run test:browser	2026-10-05T07:12:15.1184547Z   1 skipped
verify	Run xvfb-run -a npm run test:browser	2026-10-05T07:12:15.1184904Z   56 passed (11.2m)
verify	Read unchanged flight baseline for visual comparison	﻿2026-10-05T07:12:15.1502777Z ##[group]Run actions/checkout@3d3c42e5aac5ba805825da76410c181273ba90b1
verify	Read unchanged flight baseline for visual comparison	2026-10-05T07:12:15.1503155Z with:
verify	Read unchanged flight baseline for visual comparison	2026-10-05T07:12:15.1503397Z   ref: c0cf927fcf7dd75edae6fee539072e4b3498c86e
verify	Read unchanged flight baseline for visual comparison	2026-10-05T07:12:15.1503700Z   path: .throttle-baseline
verify	Read unchanged flight baseline for visual comparison	2026-10-05T07:12:15.1504093Z   persist-credentials: false
verify	Read unchanged flight baseline for visual comparison	2026-10-05T07:12:15.1504444Z   repository: chameleonjp-lab/gekichin
verify	Read unchanged flight baseline for visual comparison	2026-10-05T07:12:15.1506608Z   token: ***
verify	Read unchanged flight baseline for visual comparison	2026-10-05T07:12:15.1506821Z   ssh-strict: true
verify	Read unchanged flight baseline for visual comparison	2026-10-05T07:12:15.1507030Z   ssh-user: git
verify	Read unchanged flight baseline for visual comparison	2026-10-05T07:12:15.1507234Z   clean: true
verify	Read unchanged flight baseline for visual comparison	2026-10-05T07:12:15.1507463Z   sparse-checkout-cone-mode: true
verify	Read unchanged flight baseline for visual comparison	2026-10-05T07:12:15.1507722Z   fetch-depth: 1
verify	Read unchanged flight baseline for visual comparison	2026-10-05T07:12:15.1507931Z   fetch-tags: false
verify	Read unchanged flight baseline for visual comparison	2026-10-05T07:12:15.1508142Z   show-progress: true
verify	Read unchanged flight baseline for visual comparison	2026-10-05T07:12:15.1508364Z   lfs: false
verify	Read unchanged flight baseline for visual comparison	2026-10-05T07:12:15.1508760Z   submodules: false
verify	Read unchanged flight baseline for visual comparison	2026-10-05T07:12:15.1508997Z   set-safe-directory: true
verify	Read unchanged flight baseline for visual comparison	2026-10-05T07:12:15.1509392Z   allow-unsafe-pr-checkout: false
verify	Read unchanged flight baseline for visual comparison	2026-10-05T07:12:15.1509659Z ##[endgroup]
verify	Read unchanged flight baseline for visual comparison	2026-10-05T07:12:15.2314527Z Syncing repository: chameleonjp-lab/gekichin
verify	Read unchanged flight baseline for visual comparison	2026-10-05T07:12:15.2336920Z ##[group]Getting Git version info
verify	Read unchanged flight baseline for visual comparison	2026-10-05T07:12:15.2338054Z Working directory is '/home/runner/work/gekichin/gekichin/.throttle-baseline'
verify	Read unchanged flight baseline for visual comparison	2026-10-05T07:12:15.2371558Z [command]/usr/bin/git version
verify	Read unchanged flight baseline for visual comparison	2026-10-05T07:12:15.2417199Z git version 2.55.0
verify	Read unchanged flight baseline for visual comparison	2026-10-05T07:12:15.2432087Z ##[endgroup]
verify	Read unchanged flight baseline for visual comparison	2026-10-05T07:12:15.2441908Z Temporarily overriding HOME='/home/runner/work/_temp/22512cd2-b2ef-4f12-8c04-d5d8bc5024c6' before making global git config changes
verify	Read unchanged flight baseline for visual comparison	2026-10-05T07:12:15.2443354Z Adding repository directory to the temporary git global config as a safe directory
verify	Read unchanged flight baseline for visual comparison	2026-10-05T07:12:15.2448365Z [command]/usr/bin/git config --global --add safe.directory /home/runner/work/gekichin/gekichin/.throttle-baseline
verify	Read unchanged flight baseline for visual comparison	2026-10-05T07:12:15.2484011Z ##[group]Determining repository object format
verify	Read unchanged flight baseline for visual comparison	2026-10-05T07:12:15.2485974Z ##[endgroup]
verify	Read unchanged flight baseline for visual comparison	2026-10-05T07:12:15.2486756Z ##[group]Initializing the repository
verify	Read unchanged flight baseline for visual comparison	2026-10-05T07:12:15.2490934Z [command]/usr/bin/git init /home/runner/work/gekichin/gekichin/.throttle-baseline
verify	Read unchanged flight baseline for visual comparison	2026-10-05T07:12:15.2533129Z hint: Using 'master' as the name for the initial branch. This default branch name
verify	Read unchanged flight baseline for visual comparison	2026-10-05T07:12:15.2534185Z hint: will change to "main" in Git 3.0. To configure the initial branch name
verify	Read unchanged flight baseline for visual comparison	2026-10-05T07:12:15.2537528Z hint: to use in all of your new repositories, which will suppress this warning,
verify	Read unchanged flight baseline for visual comparison	2026-10-05T07:12:15.2538206Z hint: call:
verify	Read unchanged flight baseline for visual comparison	2026-10-05T07:12:15.2538733Z hint:
verify	Read unchanged flight baseline for visual comparison	2026-10-05T07:12:15.2539311Z hint: 	git config --global init.defaultBranch <name>
verify	Read unchanged flight baseline for visual comparison	2026-10-05T07:12:15.2539843Z hint:
verify	Read unchanged flight baseline for visual comparison	2026-10-05T07:12:15.2540490Z hint: Names commonly chosen instead of 'master' are 'main', 'trunk' and
verify	Read unchanged flight baseline for visual comparison	2026-10-05T07:12:15.2541332Z hint: 'development'. The just-created branch can be renamed via this command:
verify	Read unchanged flight baseline for visual comparison	2026-10-05T07:12:15.2541905Z hint:
verify	Read unchanged flight baseline for visual comparison	2026-10-05T07:12:15.2543536Z hint: 	git branch -m <name>
verify	Read unchanged flight baseline for visual comparison	2026-10-05T07:12:15.2543968Z hint:
verify	Read unchanged flight baseline for visual comparison	2026-10-05T07:12:15.2544642Z hint: Disable this message with "git config set advice.defaultBranchName false"
verify	Read unchanged flight baseline for visual comparison	2026-10-05T07:12:15.2545736Z Initialized empty Git repository in /home/runner/work/gekichin/gekichin/.throttle-baseline/.git/
verify	Read unchanged flight baseline for visual comparison	2026-10-05T07:12:15.2547380Z [command]/usr/bin/git remote add origin https://github.com/chameleonjp-lab/gekichin
verify	Read unchanged flight baseline for visual comparison	2026-10-05T07:12:15.2577901Z ##[endgroup]
verify	Read unchanged flight baseline for visual comparison	2026-10-05T07:12:15.2578723Z ##[group]Disabling automatic garbage collection
verify	Read unchanged flight baseline for visual comparison	2026-10-05T07:12:15.2582347Z [command]/usr/bin/git config --local gc.auto 0
verify	Read unchanged flight baseline for visual comparison	2026-10-05T07:12:15.2624740Z ##[endgroup]
verify	Read unchanged flight baseline for visual comparison	2026-10-05T07:12:15.2625892Z ##[group]Setting up auth
verify	Read unchanged flight baseline for visual comparison	2026-10-05T07:12:15.2627816Z Removing SSH command configuration
verify	Read unchanged flight baseline for visual comparison	2026-10-05T07:12:15.2628893Z [command]/usr/bin/git config --local --name-only --get-regexp core\.sshCommand
verify	Read unchanged flight baseline for visual comparison	2026-10-05T07:12:15.2655015Z [command]/usr/bin/git submodule foreach --recursive sh -c "git config --local --name-only --get-regexp 'core\.sshCommand' && git config --local --unset-all 'core.sshCommand' || :"
verify	Read unchanged flight baseline for visual comparison	2026-10-05T07:12:15.2860088Z Removing HTTP extra header
verify	Read unchanged flight baseline for visual comparison	2026-10-05T07:12:15.2866118Z [command]/usr/bin/git config --local --name-only --get-regexp http\.https\:\/\/github\.com\/\.extraheader
verify	Read unchanged flight baseline for visual comparison	2026-10-05T07:12:15.2895598Z [command]/usr/bin/git submodule foreach --recursive sh -c "git config --local --name-only --get-regexp 'http\.https\:\/\/github\.com\/\.extraheader' && git config --local --unset-all 'http.https://github.com/.extraheader' || :"
verify	Read unchanged flight baseline for visual comparison	2026-10-05T07:12:15.3124764Z Removing includeIf entries pointing to credentials config files
verify	Read unchanged flight baseline for visual comparison	2026-10-05T07:12:15.3125890Z [command]/usr/bin/git config --local --name-only --get-regexp ^includeIf\.gitdir:
verify	Read unchanged flight baseline for visual comparison	2026-10-05T07:12:15.3160147Z [command]/usr/bin/git submodule foreach --recursive git config --local --show-origin --name-only --get-regexp remote.origin.url
verify	Read unchanged flight baseline for visual comparison	2026-10-05T07:12:15.3401699Z [command]/usr/bin/git config --file /home/runner/work/_temp/git-credentials-3aa44b2e-127e-4032-93c7-13d95e1add46.config http.https://github.com/.extraheader AUTHORIZATION: basic ***
verify	Read unchanged flight baseline for visual comparison	2026-10-05T07:12:15.3475462Z [command]/usr/bin/git config --local includeIf.gitdir:/home/runner/work/gekichin/gekichin/.throttle-baseline/.git.path /home/runner/work/_temp/git-credentials-3aa44b2e-127e-4032-93c7-13d95e1add46.config
verify	Read unchanged flight baseline for visual comparison	2026-10-05T07:12:15.3530607Z [command]/usr/bin/git config --local includeIf.gitdir:/home/runner/work/gekichin/gekichin/.throttle-baseline/.git/worktrees/*.path /home/runner/work/_temp/git-credentials-3aa44b2e-127e-4032-93c7-13d95e1add46.config
verify	Read unchanged flight baseline for visual comparison	2026-10-05T07:12:15.3561952Z [command]/usr/bin/git config --local includeIf.gitdir:/github/workspace/.throttle-baseline/.git.path /github/runner_temp/git-credentials-3aa44b2e-127e-4032-93c7-13d95e1add46.config
verify	Read unchanged flight baseline for visual comparison	2026-10-05T07:12:15.3606751Z [command]/usr/bin/git config --local includeIf.gitdir:/github/workspace/.throttle-baseline/.git/worktrees/*.path /github/runner_temp/git-credentials-3aa44b2e-127e-4032-93c7-13d95e1add46.config
verify	Read unchanged flight baseline for visual comparison	2026-10-05T07:12:15.3645449Z ##[endgroup]
verify	Read unchanged flight baseline for visual comparison	2026-10-05T07:12:15.3646226Z ##[group]Fetching the repository
verify	Read unchanged flight baseline for visual comparison	2026-10-05T07:12:15.3653548Z [command]/usr/bin/git -c protocol.version=2 fetch --no-tags --prune --no-recurse-submodules --depth=1 origin c0cf927fcf7dd75edae6fee539072e4b3498c86e
verify	Read unchanged flight baseline for visual comparison	2026-10-05T07:12:19.4300312Z From https://github.com/chameleonjp-lab/gekichin
verify	Read unchanged flight baseline for visual comparison	2026-10-05T07:12:19.4301155Z  * branch            c0cf927fcf7dd75edae6fee539072e4b3498c86e -> FETCH_HEAD
verify	Read unchanged flight baseline for visual comparison	2026-10-05T07:12:19.4311614Z [command]/usr/bin/git rev-parse --verify --quiet c0cf927fcf7dd75edae6fee539072e4b3498c86e^{object}
verify	Read unchanged flight baseline for visual comparison	2026-10-05T07:12:19.4339914Z c0cf927fcf7dd75edae6fee539072e4b3498c86e
verify	Read unchanged flight baseline for visual comparison	2026-10-05T07:12:19.4341930Z ##[endgroup]
verify	Read unchanged flight baseline for visual comparison	2026-10-05T07:12:19.4342515Z ##[group]Determining the checkout info
verify	Read unchanged flight baseline for visual comparison	2026-10-05T07:12:19.4343172Z ##[endgroup]
verify	Read unchanged flight baseline for visual comparison	2026-10-05T07:12:19.4348350Z [command]/usr/bin/git sparse-checkout disable
verify	Read unchanged flight baseline for visual comparison	2026-10-05T07:12:19.4392743Z [command]/usr/bin/git config --local --unset-all extensions.worktreeConfig
verify	Read unchanged flight baseline for visual comparison	2026-10-05T07:12:19.4426701Z ##[group]Checking out the ref
verify	Read unchanged flight baseline for visual comparison	2026-10-05T07:12:19.4432339Z [command]/usr/bin/git checkout --progress --force c0cf927fcf7dd75edae6fee539072e4b3498c86e
verify	Read unchanged flight baseline for visual comparison	2026-10-05T07:12:19.7129140Z Note: switching to 'c0cf927fcf7dd75edae6fee539072e4b3498c86e'.
verify	Read unchanged flight baseline for visual comparison	2026-10-05T07:12:19.7129999Z 
verify	Read unchanged flight baseline for visual comparison	2026-10-05T07:12:19.7130721Z You are in 'detached HEAD' state. You can look around, make experimental
verify	Read unchanged flight baseline for visual comparison	2026-10-05T07:12:19.7131785Z changes and commit them, and you can discard any commits you make in this
verify	Read unchanged flight baseline for visual comparison	2026-10-05T07:12:19.7132916Z state without impacting any branches by switching back to a branch.
verify	Read unchanged flight baseline for visual comparison	2026-10-05T07:12:19.7133514Z 
verify	Read unchanged flight baseline for visual comparison	2026-10-05T07:12:19.7134157Z If you want to create a new branch to retain commits you create, you may
verify	Read unchanged flight baseline for visual comparison	2026-10-05T07:12:19.7135148Z do so (now or later) by using -c with the switch command. Example:
verify	Read unchanged flight baseline for visual comparison	2026-10-05T07:12:19.7135736Z 
verify	Read unchanged flight baseline for visual comparison	2026-10-05T07:12:19.7136170Z   git switch -c <new-branch-name>
verify	Read unchanged flight baseline for visual comparison	2026-10-05T07:12:19.7136572Z 
verify	Read unchanged flight baseline for visual comparison	2026-10-05T07:12:19.7136927Z Or undo this operation with:
verify	Read unchanged flight baseline for visual comparison	2026-10-05T07:12:19.7137303Z 
verify	Read unchanged flight baseline for visual comparison	2026-10-05T07:12:19.7137619Z   git switch -
verify	Read unchanged flight baseline for visual comparison	2026-10-05T07:12:19.7138072Z 
verify	Read unchanged flight baseline for visual comparison	2026-10-05T07:12:19.7138939Z Turn off this advice by setting config variable advice.detachedHead to false
verify	Read unchanged flight baseline for visual comparison	2026-10-05T07:12:19.7139456Z 
verify	Read unchanged flight baseline for visual comparison	2026-10-05T07:12:19.7139876Z HEAD is now at c0cf927 Record final combat acceptance and ordinary input recovery
verify	Read unchanged flight baseline for visual comparison	2026-10-05T07:12:19.7147958Z ##[endgroup]
verify	Read unchanged flight baseline for visual comparison	2026-10-05T07:12:19.7190094Z [command]/usr/bin/git log -1 --format=%H
verify	Read unchanged flight baseline for visual comparison	2026-10-05T07:12:19.7229482Z c0cf927fcf7dd75edae6fee539072e4b3498c86e
verify	Read unchanged flight baseline for visual comparison	2026-10-05T07:12:19.7230712Z ##[group]Removing auth
verify	Read unchanged flight baseline for visual comparison	2026-10-05T07:12:19.7231149Z Removing SSH command configuration
verify	Read unchanged flight baseline for visual comparison	2026-10-05T07:12:19.7231861Z [command]/usr/bin/git config --local --name-only --get-regexp core\.sshCommand
verify	Read unchanged flight baseline for visual comparison	2026-10-05T07:12:19.7263417Z [command]/usr/bin/git submodule foreach --recursive sh -c "git config --local --name-only --get-regexp 'core\.sshCommand' && git config --local --unset-all 'core.sshCommand' || :"
verify	Read unchanged flight baseline for visual comparison	2026-10-05T07:12:19.7453163Z Removing HTTP extra header
verify	Read unchanged flight baseline for visual comparison	2026-10-05T07:12:19.7461214Z [command]/usr/bin/git config --local --name-only --get-regexp http\.https\:\/\/github\.com\/\.extraheader
verify	Read unchanged flight baseline for visual comparison	2026-10-05T07:12:19.7493641Z [command]/usr/bin/git submodule foreach --recursive sh -c "git config --local --name-only --get-regexp 'http\.https\:\/\/github\.com\/\.extraheader' && git config --local --unset-all 'http.https://github.com/.extraheader' || :"
verify	Read unchanged flight baseline for visual comparison	2026-10-05T07:12:19.7674051Z Removing includeIf entries pointing to credentials config files
verify	Read unchanged flight baseline for visual comparison	2026-10-05T07:12:19.7689675Z [command]/usr/bin/git config --local --name-only --get-regexp ^includeIf\.gitdir:
verify	Read unchanged flight baseline for visual comparison	2026-10-05T07:12:19.7701455Z includeif.gitdir:/home/runner/work/gekichin/gekichin/.throttle-baseline/.git.path
verify	Read unchanged flight baseline for visual comparison	2026-10-05T07:12:19.7702603Z includeif.gitdir:/home/runner/work/gekichin/gekichin/.throttle-baseline/.git/worktrees/*.path
verify	Read unchanged flight baseline for visual comparison	2026-10-05T07:12:19.7706219Z includeif.gitdir:/github/workspace/.throttle-baseline/.git.path
verify	Read unchanged flight baseline for visual comparison	2026-10-05T07:12:19.7706889Z includeif.gitdir:/github/workspace/.throttle-baseline/.git/worktrees/*.path
verify	Read unchanged flight baseline for visual comparison	2026-10-05T07:12:19.7710140Z [command]/usr/bin/git config --local --get-all includeif.gitdir:/home/runner/work/gekichin/gekichin/.throttle-baseline/.git.path
verify	Read unchanged flight baseline for visual comparison	2026-10-05T07:12:19.7732838Z /home/runner/work/_temp/git-credentials-3aa44b2e-127e-4032-93c7-13d95e1add46.config
verify	Read unchanged flight baseline for visual comparison	2026-10-05T07:12:19.7743156Z [command]/usr/bin/git config --local --unset includeif.gitdir:/home/runner/work/gekichin/gekichin/.throttle-baseline/.git.path \/home\/runner\/work\/_temp\/git\-credentials\-3aa44b2e\-127e\-4032\-93c7\-13d95e1add46\.config
verify	Read unchanged flight baseline for visual comparison	2026-10-05T07:12:19.7777792Z [command]/usr/bin/git config --local --get-all includeif.gitdir:/home/runner/work/gekichin/gekichin/.throttle-baseline/.git/worktrees/*.path
verify	Read unchanged flight baseline for visual comparison	2026-10-05T07:12:19.7798339Z /home/runner/work/_temp/git-credentials-3aa44b2e-127e-4032-93c7-13d95e1add46.config
verify	Read unchanged flight baseline for visual comparison	2026-10-05T07:12:19.7805660Z [command]/usr/bin/git config --local --unset includeif.gitdir:/home/runner/work/gekichin/gekichin/.throttle-baseline/.git/worktrees/*.path \/home\/runner\/work\/_temp\/git\-credentials\-3aa44b2e\-127e\-4032\-93c7\-13d95e1add46\.config
verify	Read unchanged flight baseline for visual comparison	2026-10-05T07:12:19.7836926Z [command]/usr/bin/git config --local --get-all includeif.gitdir:/github/workspace/.throttle-baseline/.git.path
verify	Read unchanged flight baseline for visual comparison	2026-10-05T07:12:19.7865609Z /github/runner_temp/git-credentials-3aa44b2e-127e-4032-93c7-13d95e1add46.config
verify	Read unchanged flight baseline for visual comparison	2026-10-05T07:12:19.7871042Z [command]/usr/bin/git config --local --unset includeif.gitdir:/github/workspace/.throttle-baseline/.git.path \/github\/runner_temp\/git\-credentials\-3aa44b2e\-127e\-4032\-93c7\-13d95e1add46\.config
verify	Read unchanged flight baseline for visual comparison	2026-10-05T07:12:19.7905180Z [command]/usr/bin/git config --local --get-all includeif.gitdir:/github/workspace/.throttle-baseline/.git/worktrees/*.path
verify	Read unchanged flight baseline for visual comparison	2026-10-05T07:12:19.7926569Z /github/runner_temp/git-credentials-3aa44b2e-127e-4032-93c7-13d95e1add46.config
verify	Read unchanged flight baseline for visual comparison	2026-10-05T07:12:19.7933517Z [command]/usr/bin/git config --local --unset includeif.gitdir:/github/workspace/.throttle-baseline/.git/worktrees/*.path \/github\/runner_temp\/git\-credentials\-3aa44b2e\-127e\-4032\-93c7\-13d95e1add46\.config
verify	Read unchanged flight baseline for visual comparison	2026-10-05T07:12:19.7963817Z [command]/usr/bin/git submodule foreach --recursive git config --local --show-origin --name-only --get-regexp remote.origin.url
verify	Read unchanged flight baseline for visual comparison	2026-10-05T07:12:19.8144746Z Removing credentials config '/home/runner/work/_temp/git-credentials-3aa44b2e-127e-4032-93c7-13d95e1add46.config'
verify	Read unchanged flight baseline for visual comparison	2026-10-05T07:12:19.8154939Z ##[endgroup]
verify	Run npm ci --prefix .throttle-baseline	﻿2026-10-05T07:12:19.8269482Z ##[group]Run npm ci --prefix .throttle-baseline
verify	Run npm ci --prefix .throttle-baseline	2026-10-05T07:12:19.8270024Z [36;1mnpm ci --prefix .throttle-baseline[0m
verify	Run npm ci --prefix .throttle-baseline	2026-10-05T07:12:19.8322686Z shell: /usr/bin/bash -e {0}
verify	Run npm ci --prefix .throttle-baseline	2026-10-05T07:12:19.8323087Z ##[endgroup]
verify	Run npm ci --prefix .throttle-baseline	2026-10-05T07:12:21.5467485Z 
verify	Run npm ci --prefix .throttle-baseline	2026-10-05T07:12:21.5468719Z added 35 packages, and audited 36 packages in 2s
verify	Run npm ci --prefix .throttle-baseline	2026-10-05T07:12:21.5469146Z 
verify	Run npm ci --prefix .throttle-baseline	2026-10-05T07:12:21.5469422Z 11 packages are looking for funding
verify	Run npm ci --prefix .throttle-baseline	2026-10-05T07:12:21.5469910Z   run `npm fund` for details
verify	Run npm ci --prefix .throttle-baseline	2026-10-05T07:12:21.5509706Z 
verify	Run npm ci --prefix .throttle-baseline	2026-10-05T07:12:21.5509965Z 1 low severity vulnerability
verify	Run npm ci --prefix .throttle-baseline	2026-10-05T07:12:21.5510163Z 
verify	Run npm ci --prefix .throttle-baseline	2026-10-05T07:12:21.5510303Z To address all issues, run:
verify	Run npm ci --prefix .throttle-baseline	2026-10-05T07:12:21.5510570Z   npm audit fix
verify	Run npm ci --prefix .throttle-baseline	2026-10-05T07:12:21.5510714Z 
verify	Run npm ci --prefix .throttle-baseline	2026-10-05T07:12:21.5510836Z Run `npm audit` for details.
verify	Run npm ci --prefix .throttle-baseline	2026-10-05T07:12:21.5520011Z npm warn install-scripts 1 package has install scripts not yet covered by allowScripts:
verify	Run npm ci --prefix .throttle-baseline	2026-10-05T07:12:21.5520896Z npm warn install-scripts   esbuild@0.27.7 (postinstall: node install.js)
verify	Run npm ci --prefix .throttle-baseline	2026-10-05T07:12:21.5521340Z npm warn install-scripts
verify	Run npm ci --prefix .throttle-baseline	2026-10-05T07:12:21.5521885Z npm warn install-scripts Run `npm install-scripts ls` to review, or `npm install-scripts approve <pkg>` to allow.
verify	Compare baseline and candidate at the same viewport and input	﻿2026-10-05T07:12:21.5720450Z ##[group]Run node scripts/capture-throttle-comparison.mjs .throttle-baseline
verify	Compare baseline and candidate at the same viewport and input	2026-10-05T07:12:21.5721025Z [36;1mnode scripts/capture-throttle-comparison.mjs .throttle-baseline[0m
verify	Compare baseline and candidate at the same viewport and input	2026-10-05T07:12:21.5761076Z shell: /usr/bin/bash -e {0}
verify	Compare baseline and candidate at the same viewport and input	2026-10-05T07:12:21.5761376Z ##[endgroup]
verify	Run actions/upload-artifact@v4	﻿2026-10-05T07:12:46.1918154Z ##[group]Run actions/upload-artifact@v4
verify	Run actions/upload-artifact@v4	2026-10-05T07:12:46.1918463Z with:
verify	Run actions/upload-artifact@v4	2026-10-05T07:12:46.1918929Z   name: browser-evidence
verify	Run actions/upload-artifact@v4	2026-10-05T07:12:46.1919387Z   path: playwright-report/
verify	Run actions/upload-artifact@v4	test-results/
verify	Run actions/upload-artifact@v4	docs/evidence/acceptance/evasion/evasion-browser-trials.json.gz
verify	Run actions/upload-artifact@v4	
verify	Run actions/upload-artifact@v4	2026-10-05T07:12:46.1919863Z   if-no-files-found: ignore
verify	Run actions/upload-artifact@v4	2026-10-05T07:12:46.1920122Z   compression-level: 6
verify	Run actions/upload-artifact@v4	2026-10-05T07:12:46.1920352Z   overwrite: false
verify	Run actions/upload-artifact@v4	2026-10-05T07:12:46.1920569Z   include-hidden-files: false
verify	Run actions/upload-artifact@v4	2026-10-05T07:12:46.1920805Z ##[endgroup]
verify	Run actions/upload-artifact@v4	2026-10-05T07:12:46.3518593Z (node:8221) [DEP0040] DeprecationWarning: The `punycode` module is deprecated. Please use a userland alternative instead.
verify	Run actions/upload-artifact@v4	2026-10-05T07:12:46.3519777Z (Use `node --trace-deprecation ...` to show where the warning was created)
verify	Run actions/upload-artifact@v4	2026-10-05T07:12:46.3712081Z Multiple search paths detected. Calculating the least common ancestor of all paths
verify	Run actions/upload-artifact@v4	2026-10-05T07:12:46.3714656Z The least common ancestor is /home/runner/work/gekichin/gekichin. This will be the root directory of the artifact
verify	Run actions/upload-artifact@v4	2026-10-05T07:12:46.3715724Z With the provided path, there will be 60 files uploaded
verify	Run actions/upload-artifact@v4	2026-10-05T07:12:46.3719921Z Artifact name is valid!
verify	Run actions/upload-artifact@v4	2026-10-05T07:12:46.3720653Z Root directory input is valid!
verify	Run actions/upload-artifact@v4	2026-10-05T07:12:46.7571699Z Beginning upload of artifact content to blob storage
verify	Run actions/upload-artifact@v4	2026-10-05T07:12:47.0416956Z (node:8221) [DEP0169] DeprecationWarning: `url.parse()` behavior is not standardized and prone to errors that have security implications. Use the WHATWG URL API instead. CVEs are not issued for `url.parse()` vulnerabilities.
verify	Run actions/upload-artifact@v4	2026-10-05T07:12:47.8092137Z Uploaded bytes 7224740
verify	Run actions/upload-artifact@v4	2026-10-05T07:12:47.8732615Z Finished uploading artifact content to blob storage!
verify	Run actions/upload-artifact@v4	2026-10-05T07:12:47.8733614Z SHA256 digest of uploaded artifact zip is 146e44dbcb7dd9a1099298f2d123806de85c75b08de4027208038a3ac5af8506
verify	Run actions/upload-artifact@v4	2026-10-05T07:12:47.8735426Z Finalizing artifact upload
verify	Run actions/upload-artifact@v4	2026-10-05T07:12:48.1331779Z Artifact browser-evidence.zip successfully finalized. Artifact ID 11330093072
verify	Run actions/upload-artifact@v4	2026-10-05T07:12:48.1333076Z Artifact browser-evidence has been successfully uploaded! Final size is 7224740 bytes. Artifact ID is 11330093072
verify	Run actions/upload-artifact@v4	2026-10-05T07:12:48.1337836Z Artifact download URL: https://github.com/chameleonjp-lab/gekichin/actions/runs/37275243877/artifacts/11330093072
verify	Post Read unchanged flight baseline for visual comparison	﻿2026-10-05T07:12:48.1506242Z Post job cleanup.
verify	Post Read unchanged flight baseline for visual comparison	2026-10-05T07:12:48.2280948Z [command]/usr/bin/git version
verify	Post Read unchanged flight baseline for visual comparison	2026-10-05T07:12:48.2316725Z git version 2.55.0
verify	Post Read unchanged flight baseline for visual comparison	2026-10-05T07:12:48.2348889Z Temporarily overriding HOME='/home/runner/work/_temp/b1c747c7-8cba-4f54-8cce-e21921cbba4d' before making global git config changes
verify	Post Read unchanged flight baseline for visual comparison	2026-10-05T07:12:48.2350533Z Adding repository directory to the temporary git global config as a safe directory
verify	Post Read unchanged flight baseline for visual comparison	2026-10-05T07:12:48.2352336Z [command]/usr/bin/git config --global --add safe.directory /home/runner/work/gekichin/gekichin/.throttle-baseline
verify	Post Read unchanged flight baseline for visual comparison	2026-10-05T07:12:48.2380204Z Removing SSH command configuration
verify	Post Read unchanged flight baseline for visual comparison	2026-10-05T07:12:48.2386606Z [command]/usr/bin/git config --local --name-only --get-regexp core\.sshCommand
verify	Post Read unchanged flight baseline for visual comparison	2026-10-05T07:12:48.2416945Z [command]/usr/bin/git submodule foreach --recursive sh -c "git config --local --name-only --get-regexp 'core\.sshCommand' && git config --local --unset-all 'core.sshCommand' || :"
verify	Post Read unchanged flight baseline for visual comparison	2026-10-05T07:12:48.2618075Z Removing HTTP extra header
verify	Post Read unchanged flight baseline for visual comparison	2026-10-05T07:12:48.2623593Z [command]/usr/bin/git config --local --name-only --get-regexp http\.https\:\/\/github\.com\/\.extraheader
verify	Post Read unchanged flight baseline for visual comparison	2026-10-05T07:12:48.2654485Z [command]/usr/bin/git submodule foreach --recursive sh -c "git config --local --name-only --get-regexp 'http\.https\:\/\/github\.com\/\.extraheader' && git config --local --unset-all 'http.https://github.com/.extraheader' || :"
verify	Post Read unchanged flight baseline for visual comparison	2026-10-05T07:12:48.2843014Z Removing includeIf entries pointing to credentials config files
verify	Post Read unchanged flight baseline for visual comparison	2026-10-05T07:12:48.2849898Z [command]/usr/bin/git config --local --name-only --get-regexp ^includeIf\.gitdir:
verify	Post Read unchanged flight baseline for visual comparison	2026-10-05T07:12:48.2878389Z [command]/usr/bin/git submodule foreach --recursive git config --local --show-origin --name-only --get-regexp remote.origin.url
verify	Post Run actions/setup-node@v4	﻿2026-10-05T07:12:48.3236540Z Post job cleanup.
verify	Post Run actions/setup-node@v4	2026-10-05T07:12:48.4491574Z (node:8329) [DEP0040] DeprecationWarning: The `punycode` module is deprecated. Please use a userland alternative instead.
verify	Post Run actions/setup-node@v4	2026-10-05T07:12:48.4492312Z (Use `node --trace-deprecation ...` to show where the warning was created)
verify	Post Run actions/setup-node@v4	2026-10-05T07:12:48.4495007Z Cache hit occurred on the primary key node-cache-Linux-x64-npm-6daa055a9f390972a62517bdf89cc7faf62242687fb9edaf4ddbd1a35171a1f5, not saving cache.
verify	Post Run actions/checkout@3d3c42e5aac5ba805825da76410c181273ba90b1	﻿2026-10-05T07:12:48.4620101Z Post job cleanup.
verify	Post Run actions/checkout@3d3c42e5aac5ba805825da76410c181273ba90b1	2026-10-05T07:12:48.5482218Z [command]/usr/bin/git version
verify	Post Run actions/checkout@3d3c42e5aac5ba805825da76410c181273ba90b1	2026-10-05T07:12:48.5523290Z git version 2.55.0
verify	Post Run actions/checkout@3d3c42e5aac5ba805825da76410c181273ba90b1	2026-10-05T07:12:48.5560920Z Temporarily overriding HOME='/home/runner/work/_temp/b23fa407-af7e-41e6-80cb-17494af18c71' before making global git config changes
verify	Post Run actions/checkout@3d3c42e5aac5ba805825da76410c181273ba90b1	2026-10-05T07:12:48.5562148Z Adding repository directory to the temporary git global config as a safe directory
verify	Post Run actions/checkout@3d3c42e5aac5ba805825da76410c181273ba90b1	2026-10-05T07:12:48.5567241Z [command]/usr/bin/git config --global --add safe.directory /home/runner/work/gekichin/gekichin
verify	Post Run actions/checkout@3d3c42e5aac5ba805825da76410c181273ba90b1	2026-10-05T07:12:48.5595754Z Removing SSH command configuration
verify	Post Run actions/checkout@3d3c42e5aac5ba805825da76410c181273ba90b1	2026-10-05T07:12:48.5603114Z [command]/usr/bin/git config --local --name-only --get-regexp core\.sshCommand
verify	Post Run actions/checkout@3d3c42e5aac5ba805825da76410c181273ba90b1	2026-10-05T07:12:48.5634495Z [command]/usr/bin/git submodule foreach --recursive sh -c "git config --local --name-only --get-regexp 'core\.sshCommand' && git config --local --unset-all 'core.sshCommand' || :"
verify	Post Run actions/checkout@3d3c42e5aac5ba805825da76410c181273ba90b1	2026-10-05T07:12:48.5824626Z Removing HTTP extra header
verify	Post Run actions/checkout@3d3c42e5aac5ba805825da76410c181273ba90b1	2026-10-05T07:12:48.5829966Z [command]/usr/bin/git config --local --name-only --get-regexp http\.https\:\/\/github\.com\/\.extraheader
verify	Post Run actions/checkout@3d3c42e5aac5ba805825da76410c181273ba90b1	2026-10-05T07:12:48.5856946Z [command]/usr/bin/git submodule foreach --recursive sh -c "git config --local --name-only --get-regexp 'http\.https\:\/\/github\.com\/\.extraheader' && git config --local --unset-all 'http.https://github.com/.extraheader' || :"
verify	Post Run actions/checkout@3d3c42e5aac5ba805825da76410c181273ba90b1	2026-10-05T07:12:48.6047255Z Removing includeIf entries pointing to credentials config files
verify	Post Run actions/checkout@3d3c42e5aac5ba805825da76410c181273ba90b1	2026-10-05T07:12:48.6052615Z [command]/usr/bin/git config --local --name-only --get-regexp ^includeIf\.gitdir:
verify	Post Run actions/checkout@3d3c42e5aac5ba805825da76410c181273ba90b1	2026-10-05T07:12:48.6080018Z [command]/usr/bin/git submodule foreach --recursive git config --local --show-origin --name-only --get-regexp remote.origin.url
verify	Complete job	﻿2026-10-05T07:12:48.6434392Z Cleaning up orphan processes
verify	Complete job	2026-10-05T07:12:48.6728445Z ##[warning]Node.js 20 is deprecated. The following actions target Node.js 20 but are being forced to run on Node.js 24: actions/setup-node@v4, actions/upload-artifact@v4. For more information see: https://github.blog/changelog/2025-09-19-deprecation-of-node-20-on-github-actions-runners/
