verify	Set up job	﻿2026-10-05T04:55:16.4745684Z Current runner version: '2.337.0'
verify	Set up job	2026-10-05T04:55:16.4767105Z ##[group]Runner Image Provisioner
verify	Set up job	2026-10-05T04:55:16.4767855Z Hosted Compute Agent
verify	Set up job	2026-10-05T04:55:16.4768352Z Version: 20260901.588
verify	Set up job	2026-10-05T04:55:16.4768859Z Commit: f88ec8081b781fac6c440065ac7ff9e710ce3d0b
verify	Set up job	2026-10-05T04:55:16.4769508Z Build Date: 2026-09-01T19:56:44Z
verify	Set up job	2026-10-05T04:55:16.4770067Z Worker ID: {8c1ccbdc-7cdc-4f2a-bbab-f8ebe7c3ab8f}
verify	Set up job	2026-10-05T04:55:16.4770640Z Azure Region: westus3
verify	Set up job	2026-10-05T04:55:16.4771201Z ##[endgroup]
verify	Set up job	2026-10-05T04:55:16.4772223Z ##[group]Operating System
verify	Set up job	2026-10-05T04:55:16.4772802Z Ubuntu
verify	Set up job	2026-10-05T04:55:16.4773228Z 24.04.5
verify	Set up job	2026-10-05T04:55:16.4773627Z LTS
verify	Set up job	2026-10-05T04:55:16.4774127Z ##[endgroup]
verify	Set up job	2026-10-05T04:55:16.4774579Z ##[group]Runner Image
verify	Set up job	2026-10-05T04:55:16.4775114Z Image: ubuntu-24.04
verify	Set up job	2026-10-05T04:55:16.4775711Z Version: 20260927.320.1
verify	Set up job	2026-10-05T04:55:16.4776579Z Included Software: https://github.com/actions/runner-images/blob/ubuntu24/20260927.320/images/ubuntu/Ubuntu2404-Readme.md
verify	Set up job	2026-10-05T04:55:16.4777994Z Image Release: https://github.com/actions/runner-images/releases/tag/ubuntu24%2F20260927.320
verify	Set up job	2026-10-05T04:55:16.4778827Z ##[endgroup]
verify	Set up job	2026-10-05T04:55:16.4779735Z ##[group]GITHUB_TOKEN Permissions
verify	Set up job	2026-10-05T04:55:16.4781449Z Contents: read
verify	Set up job	2026-10-05T04:55:16.4781999Z Metadata: read
verify	Set up job	2026-10-05T04:55:16.4782480Z ##[endgroup]
verify	Set up job	2026-10-05T04:55:16.4784171Z Secret source: Actions
verify	Set up job	2026-10-05T04:55:16.4784909Z Cache mode: write
verify	Set up job	2026-10-05T04:55:16.4785658Z Prepare workflow directory
verify	Set up job	2026-10-05T04:55:16.5049636Z Prepare all required actions
verify	Set up job	2026-10-05T04:55:16.5103713Z Getting action download info
verify	Set up job	2026-10-05T04:55:16.8197075Z Download action repository 'actions/checkout@v4' (SHA:11d5960a326750d5838078e36cf38b85af677262)
verify	Set up job	2026-10-05T04:55:16.9174765Z Download action repository 'actions/setup-node@v4' (SHA:49933ea5288caeca8642d1e84afbd3f7d6820020)
verify	Set up job	2026-10-05T04:55:17.0149334Z Download action repository 'actions/upload-artifact@v4' (SHA:ea165f8d65b6e75b540449e92b4886f43607fa02)
verify	Set up job	2026-10-05T04:55:17.2327633Z Complete job name: verify
verify	Run actions/checkout@v4	﻿2026-10-05T04:55:17.2920264Z ##[group]Run actions/checkout@v4
verify	Run actions/checkout@v4	2026-10-05T04:55:17.2920926Z with:
verify	Run actions/checkout@v4	2026-10-05T04:55:17.2921279Z   repository: chameleonjp-lab/gekichin
verify	Run actions/checkout@v4	2026-10-05T04:55:17.2924213Z   token: ***
verify	Run actions/checkout@v4	2026-10-05T04:55:17.2924564Z   ssh-strict: true
verify	Run actions/checkout@v4	2026-10-05T04:55:17.2924910Z   ssh-user: git
verify	Run actions/checkout@v4	2026-10-05T04:55:17.2925258Z   persist-credentials: true
verify	Run actions/checkout@v4	2026-10-05T04:55:17.2925780Z   clean: true
verify	Run actions/checkout@v4	2026-10-05T04:55:17.2926132Z   sparse-checkout-cone-mode: true
verify	Run actions/checkout@v4	2026-10-05T04:55:17.2926535Z   fetch-depth: 1
verify	Run actions/checkout@v4	2026-10-05T04:55:17.2926869Z   fetch-tags: false
verify	Run actions/checkout@v4	2026-10-05T04:55:17.2927213Z   show-progress: true
verify	Run actions/checkout@v4	2026-10-05T04:55:17.2927559Z   lfs: false
verify	Run actions/checkout@v4	2026-10-05T04:55:17.2927871Z   submodules: false
verify	Run actions/checkout@v4	2026-10-05T04:55:17.2928212Z   set-safe-directory: true
verify	Run actions/checkout@v4	2026-10-05T04:55:17.2928601Z   allow-unsafe-pr-checkout: false
verify	Run actions/checkout@v4	2026-10-05T04:55:17.2929176Z ##[endgroup]
verify	Run actions/checkout@v4	2026-10-05T04:55:17.3737786Z Syncing repository: chameleonjp-lab/gekichin
verify	Run actions/checkout@v4	2026-10-05T04:55:17.3739955Z ##[group]Getting Git version info
verify	Run actions/checkout@v4	2026-10-05T04:55:17.3740896Z Working directory is '/home/runner/work/gekichin/gekichin'
verify	Run actions/checkout@v4	2026-10-05T04:55:17.3742109Z [command]/usr/bin/git version
verify	Run actions/checkout@v4	2026-10-05T04:55:17.3822583Z git version 2.55.0
verify	Run actions/checkout@v4	2026-10-05T04:55:17.3839913Z ##[endgroup]
verify	Run actions/checkout@v4	2026-10-05T04:55:17.3853436Z Temporarily overriding HOME='/home/runner/work/_temp/993a8367-4346-48ce-875a-f84145cbf704' before making global git config changes
verify	Run actions/checkout@v4	2026-10-05T04:55:17.3855210Z Adding repository directory to the temporary git global config as a safe directory
verify	Run actions/checkout@v4	2026-10-05T04:55:17.3858743Z [command]/usr/bin/git config --global --add safe.directory /home/runner/work/gekichin/gekichin
verify	Run actions/checkout@v4	2026-10-05T04:55:17.3908439Z Deleting the contents of '/home/runner/work/gekichin/gekichin'
verify	Run actions/checkout@v4	2026-10-05T04:55:17.3916529Z ##[group]Initializing the repository
verify	Run actions/checkout@v4	2026-10-05T04:55:17.3922853Z [command]/usr/bin/git init /home/runner/work/gekichin/gekichin
verify	Run actions/checkout@v4	2026-10-05T04:55:17.4008584Z hint: Using 'master' as the name for the initial branch. This default branch name
verify	Run actions/checkout@v4	2026-10-05T04:55:17.4010288Z hint: will change to "main" in Git 3.0. To configure the initial branch name
verify	Run actions/checkout@v4	2026-10-05T04:55:17.4011428Z hint: to use in all of your new repositories, which will suppress this warning,
verify	Run actions/checkout@v4	2026-10-05T04:55:17.4012343Z hint: call:
verify	Run actions/checkout@v4	2026-10-05T04:55:17.4013166Z hint:
verify	Run actions/checkout@v4	2026-10-05T04:55:17.4013767Z hint: 	git config --global init.defaultBranch <name>
verify	Run actions/checkout@v4	2026-10-05T04:55:17.4014526Z hint:
verify	Run actions/checkout@v4	2026-10-05T04:55:17.4015235Z hint: Names commonly chosen instead of 'master' are 'main', 'trunk' and
verify	Run actions/checkout@v4	2026-10-05T04:55:17.4016607Z hint: 'development'. The just-created branch can be renamed via this command:
verify	Run actions/checkout@v4	2026-10-05T04:55:17.4017533Z hint:
verify	Run actions/checkout@v4	2026-10-05T04:55:17.4018052Z hint: 	git branch -m <name>
verify	Run actions/checkout@v4	2026-10-05T04:55:17.4018627Z hint:
verify	Run actions/checkout@v4	2026-10-05T04:55:17.4019410Z hint: Disable this message with "git config set advice.defaultBranchName false"
verify	Run actions/checkout@v4	2026-10-05T04:55:17.4020636Z Initialized empty Git repository in /home/runner/work/gekichin/gekichin/.git/
verify	Run actions/checkout@v4	2026-10-05T04:55:17.4023386Z [command]/usr/bin/git remote add origin https://github.com/chameleonjp-lab/gekichin
verify	Run actions/checkout@v4	2026-10-05T04:55:17.4066242Z ##[endgroup]
verify	Run actions/checkout@v4	2026-10-05T04:55:17.4067302Z ##[group]Disabling automatic garbage collection
verify	Run actions/checkout@v4	2026-10-05T04:55:17.4069352Z [command]/usr/bin/git config --local gc.auto 0
verify	Run actions/checkout@v4	2026-10-05T04:55:17.4110492Z ##[endgroup]
verify	Run actions/checkout@v4	2026-10-05T04:55:17.4111530Z ##[group]Setting up auth
verify	Run actions/checkout@v4	2026-10-05T04:55:17.4112513Z [command]/usr/bin/git config --local --name-only --get-regexp core\.sshCommand
verify	Run actions/checkout@v4	2026-10-05T04:55:17.4134473Z [command]/usr/bin/git submodule foreach --recursive sh -c "git config --local --name-only --get-regexp 'core\.sshCommand' && git config --local --unset-all 'core.sshCommand' || :"
verify	Run actions/checkout@v4	2026-10-05T04:55:17.4454102Z [command]/usr/bin/git config --local --name-only --get-regexp http\.https\:\/\/github\.com\/\.extraheader
verify	Run actions/checkout@v4	2026-10-05T04:55:17.4493934Z [command]/usr/bin/git submodule foreach --recursive sh -c "git config --local --name-only --get-regexp 'http\.https\:\/\/github\.com\/\.extraheader' && git config --local --unset-all 'http.https://github.com/.extraheader' || :"
verify	Run actions/checkout@v4	2026-10-05T04:55:17.4690784Z [command]/usr/bin/git config --local --name-only --get-regexp ^includeIf\.gitdir:
verify	Run actions/checkout@v4	2026-10-05T04:55:17.4722429Z [command]/usr/bin/git submodule foreach --recursive git config --local --show-origin --name-only --get-regexp remote.origin.url
verify	Run actions/checkout@v4	2026-10-05T04:55:17.4910611Z [command]/usr/bin/git config --local http.https://github.com/.extraheader AUTHORIZATION: basic ***
verify	Run actions/checkout@v4	2026-10-05T04:55:17.4945433Z ##[endgroup]
verify	Run actions/checkout@v4	2026-10-05T04:55:17.4946538Z ##[group]Fetching the repository
verify	Run actions/checkout@v4	2026-10-05T04:55:17.4952999Z [command]/usr/bin/git -c protocol.version=2 fetch --no-tags --prune --no-recurse-submodules --depth=1 origin +6665c4220714553227ab84521b9715a34a44dd2a:refs/remotes/pull/5/merge
verify	Run actions/checkout@v4	2026-10-05T04:55:18.3037385Z From https://github.com/chameleonjp-lab/gekichin
verify	Run actions/checkout@v4	2026-10-05T04:55:18.3039387Z  * [new ref]         6665c4220714553227ab84521b9715a34a44dd2a -> pull/5/merge
verify	Run actions/checkout@v4	2026-10-05T04:55:18.3043181Z ##[endgroup]
verify	Run actions/checkout@v4	2026-10-05T04:55:18.3044283Z ##[group]Determining the checkout info
verify	Run actions/checkout@v4	2026-10-05T04:55:18.3045440Z ##[endgroup]
verify	Run actions/checkout@v4	2026-10-05T04:55:18.3049352Z [command]/usr/bin/git sparse-checkout disable
verify	Run actions/checkout@v4	2026-10-05T04:55:18.3132155Z [command]/usr/bin/git config --local --unset-all extensions.worktreeConfig
verify	Run actions/checkout@v4	2026-10-05T04:55:18.3159724Z ##[group]Checking out the ref
verify	Run actions/checkout@v4	2026-10-05T04:55:18.3162053Z [command]/usr/bin/git checkout --progress --force refs/remotes/pull/5/merge
verify	Run actions/checkout@v4	2026-10-05T04:55:18.3286777Z Note: switching to 'refs/remotes/pull/5/merge'.
verify	Run actions/checkout@v4	2026-10-05T04:55:18.3287771Z 
verify	Run actions/checkout@v4	2026-10-05T04:55:18.3288825Z You are in 'detached HEAD' state. You can look around, make experimental
verify	Run actions/checkout@v4	2026-10-05T04:55:18.3290771Z changes and commit them, and you can discard any commits you make in this
verify	Run actions/checkout@v4	2026-10-05T04:55:18.3292639Z state without impacting any branches by switching back to a branch.
verify	Run actions/checkout@v4	2026-10-05T04:55:18.3293794Z 
verify	Run actions/checkout@v4	2026-10-05T04:55:18.3294358Z If you want to create a new branch to retain commits you create, you may
verify	Run actions/checkout@v4	2026-10-05T04:55:18.3295898Z do so (now or later) by using -c with the switch command. Example:
verify	Run actions/checkout@v4	2026-10-05T04:55:18.3296834Z 
verify	Run actions/checkout@v4	2026-10-05T04:55:18.3297157Z   git switch -c <new-branch-name>
verify	Run actions/checkout@v4	2026-10-05T04:55:18.3297656Z 
verify	Run actions/checkout@v4	2026-10-05T04:55:18.3298014Z Or undo this operation with:
verify	Run actions/checkout@v4	2026-10-05T04:55:18.3298594Z 
verify	Run actions/checkout@v4	2026-10-05T04:55:18.3298986Z   git switch -
verify	Run actions/checkout@v4	2026-10-05T04:55:18.3299609Z 
verify	Run actions/checkout@v4	2026-10-05T04:55:18.3300334Z Turn off this advice by setting config variable advice.detachedHead to false
verify	Run actions/checkout@v4	2026-10-05T04:55:18.3301334Z 
verify	Run actions/checkout@v4	2026-10-05T04:55:18.3302429Z HEAD is now at 6665c42 Merge 5db76f68b53c846ae4e4aec4754f78e108107a37 into 98119b5ae6604ad5975024b0e523b78eef369662
verify	Run actions/checkout@v4	2026-10-05T04:55:18.3306799Z ##[endgroup]
verify	Run actions/checkout@v4	2026-10-05T04:55:18.3333727Z [command]/usr/bin/git log -1 --format=%H
verify	Run actions/checkout@v4	2026-10-05T04:55:18.3356551Z 6665c4220714553227ab84521b9715a34a44dd2a
verify	Run actions/setup-node@v4	﻿2026-10-05T04:55:18.3725768Z ##[group]Run actions/setup-node@v4
verify	Run actions/setup-node@v4	2026-10-05T04:55:18.3726722Z with:
verify	Run actions/setup-node@v4	2026-10-05T04:55:18.3727419Z   node-version: 24
verify	Run actions/setup-node@v4	2026-10-05T04:55:18.3728146Z   cache: npm
verify	Run actions/setup-node@v4	2026-10-05T04:55:18.3728850Z   always-auth: false
verify	Run actions/setup-node@v4	2026-10-05T04:55:18.3729615Z   check-latest: false
verify	Run actions/setup-node@v4	2026-10-05T04:55:18.3736816Z   token: ***
verify	Run actions/setup-node@v4	2026-10-05T04:55:18.3737548Z ##[endgroup]
verify	Run actions/setup-node@v4	2026-10-05T04:55:18.4877318Z Found in cache @ /opt/hostedtoolcache/node/24.21.0/x64
verify	Run actions/setup-node@v4	2026-10-05T04:55:18.4881156Z (node:2143) [DEP0040] DeprecationWarning: The `punycode` module is deprecated. Please use a userland alternative instead.
verify	Run actions/setup-node@v4	2026-10-05T04:55:18.4884535Z (Use `node --trace-deprecation ...` to show where the warning was created)
verify	Run actions/setup-node@v4	2026-10-05T04:55:18.4887830Z ##[group]Environment details
verify	Run actions/setup-node@v4	2026-10-05T04:55:18.8292225Z node: v24.21.0
verify	Run actions/setup-node@v4	2026-10-05T04:55:18.8292738Z npm: 11.19.0
verify	Run actions/setup-node@v4	2026-10-05T04:55:18.8292964Z yarn: 1.22.22
verify	Run actions/setup-node@v4	2026-10-05T04:55:18.8293874Z ##[endgroup]
verify	Run actions/setup-node@v4	2026-10-05T04:55:18.8307444Z [command]/opt/hostedtoolcache/node/24.21.0/x64/bin/npm config get cache
verify	Run actions/setup-node@v4	2026-10-05T04:55:19.0766918Z /home/runner/.npm
verify	Run actions/setup-node@v4	2026-10-05T04:55:19.2831183Z Cache hit for: node-cache-Linux-x64-npm-6daa055a9f390972a62517bdf89cc7faf62242687fb9edaf4ddbd1a35171a1f5
verify	Run actions/setup-node@v4	2026-10-05T04:55:19.2942667Z (node:2143) [DEP0169] DeprecationWarning: `url.parse()` behavior is not standardized and prone to errors that have security implications. Use the WHATWG URL API instead. CVEs are not issued for `url.parse()` vulnerabilities.
verify	Run actions/setup-node@v4	2026-10-05T04:55:20.4911639Z Received 37941081 of 46329689 (81.9%), 36.2 MBs/sec
verify	Run actions/setup-node@v4	2026-10-05T04:55:20.5777907Z Received 46329689 of 46329689 (100.0%), 40.6 MBs/sec
verify	Run actions/setup-node@v4	2026-10-05T04:55:20.5799308Z Cache Size: ~44 MB (46329689 B)
verify	Run actions/setup-node@v4	2026-10-05T04:55:20.5800353Z [command]/usr/bin/tar -xf /home/runner/work/_temp/d0d7695a-6d8e-4d94-8209-f70c6b34abb6/cache.tzst -P -C /home/runner/work/gekichin/gekichin --use-compress-program unzstd
verify	Run actions/setup-node@v4	2026-10-05T04:55:20.6399362Z Cache restored successfully
verify	Run actions/setup-node@v4	2026-10-05T04:55:20.6424694Z Cache restored from key: node-cache-Linux-x64-npm-6daa055a9f390972a62517bdf89cc7faf62242687fb9edaf4ddbd1a35171a1f5
verify	Run npm ci	﻿2026-10-05T04:55:20.6579569Z ##[group]Run npm ci
verify	Run npm ci	2026-10-05T04:55:20.6579850Z [36;1mnpm ci[0m
verify	Run npm ci	2026-10-05T04:55:20.6800989Z shell: /usr/bin/bash -e {0}
verify	Run npm ci	2026-10-05T04:55:20.6801260Z ##[endgroup]
verify	Run npm ci	2026-10-05T04:55:23.1642218Z 
verify	Run npm ci	2026-10-05T04:55:23.1651194Z added 35 packages, and audited 36 packages in 2s
verify	Run npm ci	2026-10-05T04:55:23.1651619Z 
verify	Run npm ci	2026-10-05T04:55:23.1651867Z 11 packages are looking for funding
verify	Run npm ci	2026-10-05T04:55:23.1652286Z   run `npm fund` for details
verify	Run npm ci	2026-10-05T04:55:23.1680153Z 
verify	Run npm ci	2026-10-05T04:55:23.1680420Z 1 low severity vulnerability
verify	Run npm ci	2026-10-05T04:55:23.1680684Z 
verify	Run npm ci	2026-10-05T04:55:23.1680870Z To address all issues, run:
verify	Run npm ci	2026-10-05T04:55:23.1681233Z   npm audit fix
verify	Run npm ci	2026-10-05T04:55:23.1681409Z 
verify	Run npm ci	2026-10-05T04:55:23.1681581Z Run `npm audit` for details.
verify	Run npm ci	2026-10-05T04:55:23.1689140Z npm warn install-scripts 1 package has install scripts not yet covered by allowScripts:
verify	Run npm ci	2026-10-05T04:55:23.1689857Z npm warn install-scripts   esbuild@0.27.7 (postinstall: node install.js)
verify	Run npm ci	2026-10-05T04:55:23.1690206Z npm warn install-scripts
verify	Run npm ci	2026-10-05T04:55:23.1690768Z npm warn install-scripts Run `npm install-scripts ls` to review, or `npm install-scripts approve <pkg>` to allow.
verify	Run npm test	﻿2026-10-05T04:55:23.2129922Z ##[group]Run npm test
verify	Run npm test	2026-10-05T04:55:23.2130190Z [36;1mnpm test[0m
verify	Run npm test	2026-10-05T04:55:23.2188382Z shell: /usr/bin/bash -e {0}
verify	Run npm test	2026-10-05T04:55:23.2188617Z ##[endgroup]
verify	Run npm test	2026-10-05T04:55:23.3126017Z 
verify	Run npm test	2026-10-05T04:55:23.3126582Z > gekichin@0.1.0 test
verify	Run npm test	2026-10-05T04:55:23.3126987Z > node --import tsx --test tests/*.test.ts
verify	Run npm test	2026-10-05T04:55:23.3127168Z 
verify	Run npm test	2026-10-05T04:55:23.5632645Z ✔ return arrows guide inward/outward and left/right using the inherited flight yaw (0.894669ms)
verify	Run npm test	2026-10-05T04:55:26.2879602Z ✔ initial eight plus forty-two and simultaneous deaths conserve fifty distinct tokens (5.013909ms)
verify	Run npm test	2026-10-05T04:55:26.2881798Z ✔ the only reserve goes to the player even if the player loss is recorded last (4.045128ms)
verify	Run npm test	2026-10-05T04:55:26.2884205Z ✔ handoff at exactly180ticks keeps HP, position, magazines and reload clocks (5.871672ms)
verify	Run npm test	2026-10-05T04:55:26.2885837Z ✔ Q-only survivors recheck handoff after their first deployment rather than losing the mission (2.887072ms)
verify	Run npm test	2026-10-05T04:55:26.2887391Z ✔ a blocked reservation consumes no extra token and reports exactlyfive seconds of continuous failure (6.203722ms)
verify	Run npm test	2026-10-05T04:55:26.2888721Z ✔ player and wingman barrels use exact5/15 and17/57tick intervals (2.490514ms)
verify	Run npm test	2026-10-05T04:55:26.2890012Z ✔ both empty initiates common360tick reload and no empty shot changes ammunition or N (0.288806ms)
verify	Run npm test	2026-10-05T04:55:26.2892831Z ✔ atomic volleys preserve64 player slots and saturation does not consume ammunition or IDs (2.674803ms)
verify	Run npm test	2026-10-05T04:55:26.2894235Z ✔ all source distances use far-side200/500/800 boundaries with integer mHP (0.87538ms)
verify	Run npm test	2026-10-05T04:55:26.2895700Z ✔ shot affiliation survives death/handoff and the90tick half-open lifetime is exact (0.519563ms)
verify	Run npm test	2026-10-05T04:55:26.2898586Z ✔ normal launch is the tick-start physical nose despite simultaneous turning and acceleration (215.398474ms)
verify	Run npm test	2026-10-05T04:55:26.2901414Z ✔ moving-sphere sweep resolves crossing trajectories within one tick (0.149916ms)
verify	Run npm test	2026-10-05T04:55:26.2904144Z ✔ 160000-point example floors only once, preserves negatives and distinguishes N0 (0.308845ms)
verify	Run npm test	2026-10-05T04:55:26.2905673Z ✔ overkill, duplicate events and wingman final blows retain actual damage and one hit (0.24518ms)
verify	Run npm test	2026-10-05T04:55:26.2908921Z ✔ best records are victory-only, mode/version-separated, tied records retain the earlier record (0.828579ms)
verify	Run npm test	2026-10-05T04:55:26.2912788Z ✔ corrupt or future best formats and failed writes never damage an existing record (0.533925ms)
verify	Run npm test	2026-10-05T04:55:26.2913941Z ✔ same-tick final turret and final ally losses produce mutual defeat before any respawn (49.837232ms)
verify	Run npm test	2026-10-05T04:55:26.2915142Z ✔ victory freezes flying bullets, unhit shots stay in N, and every result component is immutable (57.906908ms)
verify	Run npm test	2026-10-05T04:55:26.2916608Z ✔ an integrated timezero turret destruction cancels its genuine due warning shot before allocation (45.640575ms)
verify	Run npm test	2026-10-05T04:55:26.2922323Z ✔ a destruction during the warning releases its reservation and visual warning immediately without erasing older shots (34.510587ms)
verify	Run npm test	2026-10-05T04:55:26.2950577Z ✔ the last lifetime endpoint is excluded while the immediately earlier contact is valid (338.685515ms)
verify	Run npm test	2026-10-05T04:55:26.2952306Z ✔ boundary grace uses600 active ticks, resets on return, and never teleports an aircraft (174.036318ms)
verify	Run npm test	2026-10-05T04:55:26.2953621Z ✔ a timezero hull/sea collision cancels the player shot and gives no turret damage (202.654532ms)
verify	Run npm test	2026-10-05T04:55:26.2955238Z ✔ Normal player bullets damage friendly aircraft; Easy and wingman shots stop at protected contact (465.494276ms)
verify	Run npm test	2026-10-05T04:55:26.3037171Z ✔ main direct24HP never also deals splash to that plane, while colocated exposed allies receive12HP once (158.003548ms)
verify	Run npm test	2026-10-05T04:55:26.3038552Z ✔ main splash excludes the20m boundary and cannot cross a canonical turret shield (452.132824ms)
verify	Run npm test	2026-10-05T04:55:26.3069045Z ✔ synthetic15minute all-eight-guns fixture has no allocation failures and bounded live damage IDs (266.91703ms)
verify	Run npm test	2026-10-05T04:55:26.3264761Z ✔ intercept includes the fixed warning delay, chooses a positive root, and rejects an unreachable target (3.069488ms)
verify	Run npm test	2026-10-05T04:55:26.3267509Z ✔ the integrated tick-start warning uses actual moving-aircraft velocity after previous is reset (1395.810274ms)
verify	Run npm test	2026-10-05T04:55:26.3269137Z ✔ main warning lasts sixty ticks, keeps its physical aim fixed, and fires one 400m/s shot (3.397251ms)
verify	Run npm test	2026-10-05T04:55:26.3270535Z ✔ MG fires F, F+6, … F+54, then releases its reservation for 120ticks after the last shot (2.72672ms)
verify	Run npm test	2026-10-05T04:55:26.3271929Z ✔ MG cancellation after two real shots reloads from the last shot; target generation changes cancel pending shots (2.000096ms)
verify	Run npm test	2026-10-05T04:55:26.3273273Z ✔ a turret destroyed by an earlier contact cannot commit its same-tick pending shot (3.710464ms)
verify	Run npm test	2026-10-05T04:55:26.3274477Z ✔ main finite tracking does not exceed its turn speed and times out after 120ticks (4.100492ms)
verify	Run npm test	2026-10-05T04:55:26.3275783Z ✔ mg finite tracking does not exceed its turn speed and times out after 120ticks (1.345038ms)
verify	Run npm test	2026-10-05T04:55:26.3277093Z ✔ local yaw/pitch limits reject internal and off-axis targets on every exterior face (0.952736ms)
verify	Run npm test	2026-10-05T04:55:26.3278638Z ✔ active and per-aircraft caps are enforced, and unused IDs precede recently released reservations (5.317226ms)
verify	Run npm test	2026-10-05T04:55:26.3280086Z ✔ a full enemy pool defers every remaining burst slot by one tick and pauses after sixty consecutive failures (3.859879ms)
verify	Run npm test	2026-10-05T04:55:26.3281645Z ✔ wingmen assign at most two pilots to the final turret, release dead assignments, and keep flight updates external (29.248794ms)
verify	Run npm test	2026-10-05T04:55:26.3283125Z ✔ a real finite-flight wingman reaches and destroys a last top turret with ordinary scattered bullets (89.972949ms)
verify	Run npm test	2026-10-05T04:55:26.3284557Z ✔ a real finite-flight wingman reaches and destroys a last bottom turret with ordinary scattered bullets (92.004382ms)
verify	Run npm test	2026-10-05T04:55:26.3286102Z ✔ a real finite-flight wingman reaches and destroys a last left turret with ordinary scattered bullets (60.390021ms)
verify	Run npm test	2026-10-05T04:55:26.3290335Z ✔ a real finite-flight wingman reaches and destroys a last right turret with ordinary scattered bullets (46.848978ms)
verify	Run npm test	2026-10-05T04:55:26.3291877Z ✔ a real finite-flight wingman reaches and destroys a last front turret with ordinary scattered bullets (59.356784ms)
verify	Run npm test	2026-10-05T04:55:26.3293303Z ✔ a real finite-flight wingman reaches and destroys a last rear turret with ordinary scattered bullets (49.925085ms)
verify	Run npm test	2026-10-05T04:55:28.3962536Z ✔ A12/R45 inspection fixture compares ordinary evasion with no evasion through the real projectile sweep (4375.82694ms)
verify	Run npm test	2026-10-05T04:55:34.6528176Z ✔ fixed source flight and camera tuning remain unchanged (2.092625ms)
verify	Run npm test	2026-10-05T04:55:34.6541690Z ✔ right turn, climb and throttle preserve physical signs and bounded speed (2.575853ms)
verify	Run npm test	2026-10-05T04:55:34.6543107Z ✔ five second loop ends once and new steering interrupts without teleportation (3.642521ms)
verify	Run npm test	2026-10-05T04:55:34.6544785Z ✔ no P1 placeholder target pulls steering; hidden/dead targets are rejected and shot correction is finite (0.570571ms)
verify	Run npm test	2026-10-05T04:55:34.6546530Z ✔ preparation, pause, report and stale callbacks keep one authoritative operation (404.718954ms)
verify	Run npm test	2026-10-05T04:55:34.6559744Z ✔ accepted fixed-tick inputs produce the same final flight at 30/60/120Hz rendering (8197.20157ms)
verify	Run npm test	2026-10-05T04:55:34.6622975Z ✔ keyboard schema exposes nine actions and rejects invalid or duplicate settings (0.863021ms)
verify	Run npm test	2026-10-05T04:55:45.3101385Z ✔ layout data fixes 100 unique turrets, six face counts, unit axes, HP and approach intervals (10.355922ms)
verify	Run npm test	2026-10-05T04:55:45.3104752Z ✔ synthetic finite-fleet fixture preserves all 50 identities through simultaneous losses and respawns (18.465868ms)
verify	Run npm test	2026-10-05T04:55:45.3108319Z ✔ scoring preserves the fixed 160,000 example, time monotonicity, negative totals and N=0 semantics (0.366162ms)
verify	Run npm test	2026-10-05T04:55:45.3115767Z ✔ score events are idempotent and retain shooter ownership across the finishing hit (0.494084ms)
verify	Run npm test	2026-10-05T04:55:45.3116812Z ✔ mode-specific best records accept only valid victories and preserve future envelopes (1.027569ms)
verify	Run npm test	2026-10-05T04:55:45.3118374Z ✔ ordinary combat inputs preserve the same logical snapshot at 30, 60 and 120 Hz (18593.898565ms)
verify	Run npm test	2026-10-05T04:55:45.3390350Z ✔ canonical layout has fixed100 unique IDs, six-face20/80 distribution and24,000HP (6.80603ms)
verify	Run npm test	2026-10-05T04:55:45.3391722Z ✔ every turret has a350m ordinary-flight approach with aircraft radius+10m clearance and first-contact firing access (35.05662ms)
verify	Run npm test	2026-10-05T04:55:45.3392963Z ✔ spawn and return corridor candidates satisfy all real muzzle range margins and30m separation (8.857934ms)
verify	Run npm test	2026-10-05T04:55:45.3394125Z ✔ the exterior network connects above/below/front/rear and sides without hull shortcuts (22.684718ms)
verify	Run npm test	2026-10-05T04:55:45.3395354Z ✔ shared first-contact geometry blocks opposite faces but keeps visible armor gaps open (15.944707ms)
verify	Run npm test	2026-10-05T04:55:45.3396793Z ✔ rounded-box sweeps catch tunnelling, reject inflated-box corner false positives and handle rotated boxes (0.499063ms)
verify	Run npm test	2026-10-05T04:55:45.3398134Z ✔ spatial grid returns the same nearest collision as all canonical parts, including changing barrels (109.583402ms)
verify	Run npm test	2026-10-05T04:55:45.3399334Z ✔ camera casts use the same first contact, and moving aircraft / sea sweeps find real crossings (2.255601ms)
verify	Run npm test	2026-10-05T04:55:45.3400490Z ✔ integer damage clamps overkill, damage stages have exact thresholds, attack IDs resolve once (1.002741ms)
verify	Run npm test	2026-10-05T04:55:45.3401679Z ✔ destroyed turrets retain a low canonical wreck and final destruction time / freeze are stable (1.487482ms)
verify	Run npm test	2026-10-05T04:55:45.3402703Z ✔ retired numeric attack IDs remain rejected while retained de-dup state stays bounded by live IDs (4.143667ms)
verify	Run npm test	2026-10-05T04:55:45.3403748Z ✔ pointercancel releases its own steering and button owners while preserving another active pointer (3.745767ms)
verify	Run npm test	2026-10-05T04:55:45.3404723Z ✔ resize and blur clear held pointer and keyboard state so stale input cannot resume flight (1.547533ms)
verify	Run npm test	2026-10-05T04:55:45.3405833Z ✔ settings writes roll back earlier keys after a later write fails (0.332902ms)
verify	Run npm test	2026-10-05T04:55:45.3406792Z ✔ future settings versions block the whole save without touching any stored value (0.251189ms)
verify	Run npm test	2026-10-05T04:55:45.3408374Z ✔ a wall-clock gap of two seconds discards accumulated time and needs a later fresh frame (184.210988ms)
verify	Run npm test	2026-10-05T04:55:45.3409039Z ℹ tests 76
verify	Run npm test	2026-10-05T04:55:45.3409290Z ℹ suites 0
verify	Run npm test	2026-10-05T04:55:45.3409549Z ℹ pass 76
verify	Run npm test	2026-10-05T04:55:45.3409802Z ℹ fail 0
verify	Run npm test	2026-10-05T04:55:45.3410076Z ℹ cancelled 0
verify	Run npm test	2026-10-05T04:55:45.3410372Z ℹ skipped 0
verify	Run npm test	2026-10-05T04:55:45.3410640Z ℹ todo 0
verify	Run npm test	2026-10-05T04:55:45.3410975Z ℹ duration_ms 21987.021152
verify	Run npm run build	﻿2026-10-05T04:55:45.3541487Z ##[group]Run npm run build
verify	Run npm run build	2026-10-05T04:55:45.3541731Z [36;1mnpm run build[0m
verify	Run npm run build	2026-10-05T04:55:45.3596907Z shell: /usr/bin/bash -e {0}
verify	Run npm run build	2026-10-05T04:55:45.3597142Z ##[endgroup]
verify	Run npm run build	2026-10-05T04:55:45.4395161Z 
verify	Run npm run build	2026-10-05T04:55:45.4395653Z > gekichin@0.1.0 build
verify	Run npm run build	2026-10-05T04:55:45.4395953Z > tsc --noEmit && vite build
verify	Run npm run build	2026-10-05T04:55:45.4396098Z 
verify	Run npm run build	2026-10-05T04:55:47.0250415Z [36mvite v8.3.1 [32mbuilding client environment for production...[36m[39m
verify	Run npm run build	2026-10-05T04:55:47.0357367Z transforming...
verify	Run npm run build	2026-10-05T04:55:47.1380636Z ✓ 29 modules transformed.
verify	Run npm run build	2026-10-05T04:55:47.1675216Z rendering chunks...
verify	Run npm run build	2026-10-05T04:55:47.2256731Z computing gzip size...
verify	Run npm run build	2026-10-05T04:55:47.2316963Z dist/index.html                   0.61 kB │ gzip:   0.40 kB
verify	Run npm run build	2026-10-05T04:55:47.2317689Z dist/assets/index-B79rSzXU.css   22.09 kB │ gzip:   5.37 kB
verify	Run npm run build	2026-10-05T04:55:47.2318349Z dist/assets/index-BTLHVFty.js   737.00 kB │ gzip: 196.00 kB
verify	Run npm run build	2026-10-05T04:55:47.2318661Z 
verify	Run npm run build	2026-10-05T04:55:47.2320532Z [32m✓ built in 203ms[39m
verify	Run npm run build	2026-10-05T04:55:47.2326490Z [33m[plugin builtin:vite-reporter] 
verify	Run npm run build	2026-10-05T04:55:47.2327115Z (!) Some chunks are larger than 500 kB after minification. Consider:
verify	Run npm run build	2026-10-05T04:55:47.2327743Z - Using dynamic import() to code-split the application
verify	Run npm run build	2026-10-05T04:55:47.2328774Z - Use build.rolldownOptions.output.codeSplitting to improve chunking: https://rolldown.rs/reference/OutputOptions.codeSplitting
verify	Run npm run build	2026-10-05T04:55:47.2330115Z - Adjust chunk size limit for this warning via build.chunkSizeWarningLimit.[39m
verify	Run npx playwright install --with-deps chromium webkit	﻿2026-10-05T04:55:47.2529177Z ##[group]Run npx playwright install --with-deps chromium webkit
verify	Run npx playwright install --with-deps chromium webkit	2026-10-05T04:55:47.2529571Z [36;1mnpx playwright install --with-deps chromium webkit[0m
verify	Run npx playwright install --with-deps chromium webkit	2026-10-05T04:55:47.2585995Z shell: /usr/bin/bash -e {0}
verify	Run npx playwright install --with-deps chromium webkit	2026-10-05T04:55:47.2586222Z ##[endgroup]
verify	Run npx playwright install --with-deps chromium webkit	2026-10-05T04:55:47.8792189Z Installing dependencies...
verify	Run npx playwright install --with-deps chromium webkit	2026-10-05T04:55:47.8854957Z Switching to root user to install dependencies...
verify	Run npx playwright install --with-deps chromium webkit	2026-10-05T04:55:48.0548515Z Get:1 https://packages.microsoft.com/ubuntu/24.04/prod noble InRelease [3600 B]
verify	Run npx playwright install --with-deps chromium webkit	2026-10-05T04:55:48.0728330Z Get:2 file:/etc/apt/apt-mirrors.txt Mirrorlist [144 B]
verify	Run npx playwright install --with-deps chromium webkit	2026-10-05T04:55:48.0922442Z Hit:3 http://azure.archive.ubuntu.com/ubuntu noble InRelease
verify	Run npx playwright install --with-deps chromium webkit	2026-10-05T04:55:48.0931130Z Get:4 http://azure.archive.ubuntu.com/ubuntu noble-updates InRelease [126 kB]
verify	Run npx playwright install --with-deps chromium webkit	2026-10-05T04:55:48.0989528Z Get:5 http://azure.archive.ubuntu.com/ubuntu noble-backports InRelease [126 kB]
verify	Run npx playwright install --with-deps chromium webkit	2026-10-05T04:55:48.1031437Z Get:6 http://azure.archive.ubuntu.com/ubuntu noble-security InRelease [126 kB]
verify	Run npx playwright install --with-deps chromium webkit	2026-10-05T04:55:48.1532798Z Get:7 https://packages.microsoft.com/ubuntu/24.04/prod noble/main amd64 Packages [511 kB]
verify	Run npx playwright install --with-deps chromium webkit	2026-10-05T04:55:48.1693957Z Get:8 https://packages.microsoft.com/ubuntu/24.04/prod noble/main arm64 Packages [458 kB]
verify	Run npx playwright install --with-deps chromium webkit	2026-10-05T04:55:48.1761282Z Get:9 https://packages.microsoft.com/ubuntu/24.04/prod noble/main armhf Packages [12.6 kB]
verify	Run npx playwright install --with-deps chromium webkit	2026-10-05T04:55:48.3412716Z Get:10 http://azure.archive.ubuntu.com/ubuntu noble-updates/main amd64 Packages [1364 kB]
verify	Run npx playwright install --with-deps chromium webkit	2026-10-05T04:55:48.3470134Z Get:11 http://azure.archive.ubuntu.com/ubuntu noble-updates/main Translation-en [304 kB]
verify	Run npx playwright install --with-deps chromium webkit	2026-10-05T04:55:48.3496662Z Get:12 http://azure.archive.ubuntu.com/ubuntu noble-updates/main amd64 Components [181 kB]
verify	Run npx playwright install --with-deps chromium webkit	2026-10-05T04:55:48.3527025Z Get:13 http://azure.archive.ubuntu.com/ubuntu noble-updates/universe amd64 Packages [1699 kB]
verify	Run npx playwright install --with-deps chromium webkit	2026-10-05T04:55:48.3576920Z Get:14 http://azure.archive.ubuntu.com/ubuntu noble-updates/universe Translation-en [341 kB]
verify	Run npx playwright install --with-deps chromium webkit	2026-10-05T04:55:48.3581288Z Get:15 http://azure.archive.ubuntu.com/ubuntu noble-updates/universe amd64 Components [388 kB]
verify	Run npx playwright install --with-deps chromium webkit	2026-10-05T04:55:48.3600541Z Get:16 http://azure.archive.ubuntu.com/ubuntu noble-updates/restricted amd64 Packages [1720 kB]
verify	Run npx playwright install --with-deps chromium webkit	2026-10-05T04:55:48.3676005Z Get:17 http://azure.archive.ubuntu.com/ubuntu noble-updates/restricted Translation-en [394 kB]
verify	Run npx playwright install --with-deps chromium webkit	2026-10-05T04:55:48.3700300Z Get:18 http://azure.archive.ubuntu.com/ubuntu noble-updates/multiverse amd64 Components [940 B]
verify	Run npx playwright install --with-deps chromium webkit	2026-10-05T04:55:48.3897347Z Get:19 http://azure.archive.ubuntu.com/ubuntu noble-backports/main amd64 Components [5776 B]
verify	Run npx playwright install --with-deps chromium webkit	2026-10-05T04:55:48.4326976Z Get:20 http://azure.archive.ubuntu.com/ubuntu noble-backports/universe amd64 Components [12.6 kB]
verify	Run npx playwright install --with-deps chromium webkit	2026-10-05T04:55:48.4333877Z Get:21 http://azure.archive.ubuntu.com/ubuntu noble-security/main amd64 Packages [1069 kB]
verify	Run npx playwright install --with-deps chromium webkit	2026-10-05T04:55:48.4376721Z Get:22 http://azure.archive.ubuntu.com/ubuntu noble-security/main Translation-en [221 kB]
verify	Run npx playwright install --with-deps chromium webkit	2026-10-05T04:55:48.4388223Z Get:23 http://azure.archive.ubuntu.com/ubuntu noble-security/main amd64 Components [46.4 kB]
verify	Run npx playwright install --with-deps chromium webkit	2026-10-05T04:55:48.4394153Z Get:24 http://azure.archive.ubuntu.com/ubuntu noble-security/universe amd64 Packages [1216 kB]
verify	Run npx playwright install --with-deps chromium webkit	2026-10-05T04:55:48.4441378Z Get:25 http://azure.archive.ubuntu.com/ubuntu noble-security/universe Translation-en [244 kB]
verify	Run npx playwright install --with-deps chromium webkit	2026-10-05T04:55:48.4454764Z Get:26 http://azure.archive.ubuntu.com/ubuntu noble-security/universe amd64 Components [76.4 kB]
verify	Run npx playwright install --with-deps chromium webkit	2026-10-05T04:55:48.4462255Z Get:27 http://azure.archive.ubuntu.com/ubuntu noble-security/restricted amd64 Packages [1566 kB]
verify	Run npx playwright install --with-deps chromium webkit	2026-10-05T04:55:48.4522848Z Get:28 http://azure.archive.ubuntu.com/ubuntu noble-security/restricted Translation-en [361 kB]
verify	Run npx playwright install --with-deps chromium webkit	2026-10-05T04:55:59.0567886Z Fetched 12.6 MB in 1s (9750 kB/s)
verify	Run npx playwright install --with-deps chromium webkit	2026-10-05T04:55:59.7404321Z Reading package lists...
verify	Run npx playwright install --with-deps chromium webkit	2026-10-05T04:55:59.7613398Z Reading package lists...
verify	Run npx playwright install --with-deps chromium webkit	2026-10-05T04:55:59.9554259Z Building dependency tree...
verify	Run npx playwright install --with-deps chromium webkit	2026-10-05T04:55:59.9561306Z Reading state information...
verify	Run npx playwright install --with-deps chromium webkit	2026-10-05T04:55:59.9763514Z libasound2t64 is already the newest version (1.2.11-1ubuntu0.3).
verify	Run npx playwright install --with-deps chromium webkit	2026-10-05T04:55:59.9764732Z libasound2t64 set to manually installed.
verify	Run npx playwright install --with-deps chromium webkit	2026-10-05T04:55:59.9765121Z libatk-bridge2.0-0t64 is already the newest version (2.52.0-1build1).
verify	Run npx playwright install --with-deps chromium webkit	2026-10-05T04:55:59.9765673Z libatk-bridge2.0-0t64 set to manually installed.
verify	Run npx playwright install --with-deps chromium webkit	2026-10-05T04:55:59.9766115Z libatk1.0-0t64 is already the newest version (2.52.0-1build1).
verify	Run npx playwright install --with-deps chromium webkit	2026-10-05T04:55:59.9766433Z libatk1.0-0t64 set to manually installed.
verify	Run npx playwright install --with-deps chromium webkit	2026-10-05T04:55:59.9766773Z libatspi2.0-0t64 is already the newest version (2.52.0-1build1).
verify	Run npx playwright install --with-deps chromium webkit	2026-10-05T04:55:59.9767110Z libatspi2.0-0t64 set to manually installed.
verify	Run npx playwright install --with-deps chromium webkit	2026-10-05T04:55:59.9767448Z libcairo2 is already the newest version (1.18.0-3build1).
verify	Run npx playwright install --with-deps chromium webkit	2026-10-05T04:55:59.9767764Z libcairo2 set to manually installed.
verify	Run npx playwright install --with-deps chromium webkit	2026-10-05T04:55:59.9768098Z libcups2t64 is already the newest version (2.4.7-1.2ubuntu7.14).
verify	Run npx playwright install --with-deps chromium webkit	2026-10-05T04:55:59.9768417Z libcups2t64 set to manually installed.
verify	Run npx playwright install --with-deps chromium webkit	2026-10-05T04:55:59.9768750Z libdbus-1-3 is already the newest version (1.14.10-4ubuntu4.1).
verify	Run npx playwright install --with-deps chromium webkit	2026-10-05T04:55:59.9769077Z libdbus-1-3 set to manually installed.
verify	Run npx playwright install --with-deps chromium webkit	2026-10-05T04:55:59.9769417Z libdrm2 is already the newest version (2.4.125-1ubuntu0.1~24.04.2).
verify	Run npx playwright install --with-deps chromium webkit	2026-10-05T04:55:59.9769744Z libdrm2 set to manually installed.
verify	Run npx playwright install --with-deps chromium webkit	2026-10-05T04:55:59.9770065Z libglib2.0-0t64 is already the newest version (2.80.0-6ubuntu3.9).
verify	Run npx playwright install --with-deps chromium webkit	2026-10-05T04:55:59.9770398Z libglib2.0-0t64 set to manually installed.
verify	Run npx playwright install --with-deps chromium webkit	2026-10-05T04:55:59.9770742Z libnspr4 is already the newest version (2:4.35-1.1build1).
verify	Run npx playwright install --with-deps chromium webkit	2026-10-05T04:55:59.9771053Z libnspr4 set to manually installed.
verify	Run npx playwright install --with-deps chromium webkit	2026-10-05T04:55:59.9771351Z libnss3 is already the newest version (2:3.98-1ubuntu0.2).
verify	Run npx playwright install --with-deps chromium webkit	2026-10-05T04:55:59.9771640Z libnss3 set to manually installed.
verify	Run npx playwright install --with-deps chromium webkit	2026-10-05T04:55:59.9771962Z libpango-1.0-0 is already the newest version (1.52.1+ds-1build1).
verify	Run npx playwright install --with-deps chromium webkit	2026-10-05T04:55:59.9772293Z libpango-1.0-0 set to manually installed.
verify	Run npx playwright install --with-deps chromium webkit	2026-10-05T04:55:59.9772615Z libx11-6 is already the newest version (2:1.8.7-1build1).
verify	Run npx playwright install --with-deps chromium webkit	2026-10-05T04:55:59.9772907Z libx11-6 set to manually installed.
verify	Run npx playwright install --with-deps chromium webkit	2026-10-05T04:55:59.9773189Z libxcb1 is already the newest version (1.15-1ubuntu2).
verify	Run npx playwright install --with-deps chromium webkit	2026-10-05T04:55:59.9773473Z libxcb1 set to manually installed.
verify	Run npx playwright install --with-deps chromium webkit	2026-10-05T04:55:59.9773803Z libxcomposite1 is already the newest version (1:0.4.5-1build3).
verify	Run npx playwright install --with-deps chromium webkit	2026-10-05T04:55:59.9774126Z libxcomposite1 set to manually installed.
verify	Run npx playwright install --with-deps chromium webkit	2026-10-05T04:55:59.9774447Z libxdamage1 is already the newest version (1:1.1.6-1build1).
verify	Run npx playwright install --with-deps chromium webkit	2026-10-05T04:55:59.9774759Z libxdamage1 set to manually installed.
verify	Run npx playwright install --with-deps chromium webkit	2026-10-05T04:55:59.9775064Z libxext6 is already the newest version (2:1.3.4-1build2).
verify	Run npx playwright install --with-deps chromium webkit	2026-10-05T04:55:59.9775351Z libxext6 set to manually installed.
verify	Run npx playwright install --with-deps chromium webkit	2026-10-05T04:55:59.9775892Z libxfixes3 is already the newest version (1:6.0.0-2build1).
verify	Run npx playwright install --with-deps chromium webkit	2026-10-05T04:55:59.9776198Z libxfixes3 set to manually installed.
verify	Run npx playwright install --with-deps chromium webkit	2026-10-05T04:55:59.9776513Z libxkbcommon0 is already the newest version (1.6.0-1build1).
verify	Run npx playwright install --with-deps chromium webkit	2026-10-05T04:55:59.9776834Z libxkbcommon0 set to manually installed.
verify	Run npx playwright install --with-deps chromium webkit	2026-10-05T04:55:59.9777162Z libxrandr2 is already the newest version (2:1.5.2-2build1).
verify	Run npx playwright install --with-deps chromium webkit	2026-10-05T04:55:59.9777456Z libxrandr2 set to manually installed.
verify	Run npx playwright install --with-deps chromium webkit	2026-10-05T04:55:59.9777772Z xvfb is already the newest version (2:21.1.12-1ubuntu1.8).
verify	Run npx playwright install --with-deps chromium webkit	2026-10-05T04:55:59.9778191Z fonts-noto-color-emoji is already the newest version (2.047-0ubuntu0.24.04.1).
verify	Run npx playwright install --with-deps chromium webkit	2026-10-05T04:55:59.9778622Z libfontconfig1 is already the newest version (2.15.0-1.1ubuntu2).
verify	Run npx playwright install --with-deps chromium webkit	2026-10-05T04:55:59.9778947Z libfontconfig1 set to manually installed.
verify	Run npx playwright install --with-deps chromium webkit	2026-10-05T04:55:59.9779293Z libfreetype6 is already the newest version (2.13.2+dfsg-1ubuntu0.1).
verify	Run npx playwright install --with-deps chromium webkit	2026-10-05T04:55:59.9779620Z libfreetype6 set to manually installed.
verify	Run npx playwright install --with-deps chromium webkit	2026-10-05T04:55:59.9779934Z fonts-liberation is already the newest version (1:2.1.5-3).
verify	Run npx playwright install --with-deps chromium webkit	2026-10-05T04:55:59.9780253Z fonts-liberation set to manually installed.
verify	Run npx playwright install --with-deps chromium webkit	2026-10-05T04:55:59.9780572Z libicu74 is already the newest version (74.2-1ubuntu3.1).
verify	Run npx playwright install --with-deps chromium webkit	2026-10-05T04:55:59.9780940Z libatomic1 is already the newest version (14.2.0-4ubuntu2~24.04.1).
verify	Run npx playwright install --with-deps chromium webkit	2026-10-05T04:55:59.9781463Z libatomic1 set to manually installed.
verify	Run npx playwright install --with-deps chromium webkit	2026-10-05T04:55:59.9781790Z libcairo-gobject2 is already the newest version (1.18.0-3build1).
verify	Run npx playwright install --with-deps chromium webkit	2026-10-05T04:55:59.9782364Z libcairo-gobject2 set to manually installed.
verify	Run npx playwright install --with-deps chromium webkit	2026-10-05T04:55:59.9782702Z libenchant-2-2 is already the newest version (2.3.3-2build2).
verify	Run npx playwright install --with-deps chromium webkit	2026-10-05T04:55:59.9783016Z libenchant-2-2 set to manually installed.
verify	Run npx playwright install --with-deps chromium webkit	2026-10-05T04:55:59.9783321Z libepoxy0 is already the newest version (1.5.10-1build1).
verify	Run npx playwright install --with-deps chromium webkit	2026-10-05T04:55:59.9783614Z libepoxy0 set to manually installed.
verify	Run npx playwright install --with-deps chromium webkit	2026-10-05T04:55:59.9783968Z libgdk-pixbuf-2.0-0 is already the newest version (2.42.10+dfsg-3ubuntu3.3).
verify	Run npx playwright install --with-deps chromium webkit	2026-10-05T04:55:59.9784330Z libgdk-pixbuf-2.0-0 set to manually installed.
verify	Run npx playwright install --with-deps chromium webkit	2026-10-05T04:55:59.9784685Z libgstreamer1.0-0 is already the newest version (1.24.2-1ubuntu0.1).
verify	Run npx playwright install --with-deps chromium webkit	2026-10-05T04:55:59.9785012Z libgstreamer1.0-0 set to manually installed.
verify	Run npx playwright install --with-deps chromium webkit	2026-10-05T04:55:59.9785334Z libharfbuzz0b is already the newest version (8.3.0-2build2).
verify	Run npx playwright install --with-deps chromium webkit	2026-10-05T04:55:59.9785863Z libharfbuzz0b set to manually installed.
verify	Run npx playwright install --with-deps chromium webkit	2026-10-05T04:55:59.9786226Z libjpeg-turbo8 is already the newest version (2.1.5-2ubuntu2).
verify	Run npx playwright install --with-deps chromium webkit	2026-10-05T04:55:59.9786667Z libjpeg-turbo8 set to manually installed.
verify	Run npx playwright install --with-deps chromium webkit	2026-10-05T04:55:59.9786993Z liblcms2-2 is already the newest version (2.14-2ubuntu0.1).
verify	Run npx playwright install --with-deps chromium webkit	2026-10-05T04:55:59.9787295Z liblcms2-2 set to manually installed.
verify	Run npx playwright install --with-deps chromium webkit	2026-10-05T04:55:59.9787659Z libpangocairo-1.0-0 is already the newest version (1.52.1+ds-1build1).
verify	Run npx playwright install --with-deps chromium webkit	2026-10-05T04:55:59.9788007Z libpangocairo-1.0-0 set to manually installed.
verify	Run npx playwright install --with-deps chromium webkit	2026-10-05T04:55:59.9788353Z libpng16-16t64 is already the newest version (1.6.43-5ubuntu0.6).
verify	Run npx playwright install --with-deps chromium webkit	2026-10-05T04:55:59.9788677Z libpng16-16t64 set to manually installed.
verify	Run npx playwright install --with-deps chromium webkit	2026-10-05T04:55:59.9789021Z libwayland-client0 is already the newest version (1.22.0-2.1build1).
verify	Run npx playwright install --with-deps chromium webkit	2026-10-05T04:55:59.9789365Z libwayland-client0 set to manually installed.
verify	Run npx playwright install --with-deps chromium webkit	2026-10-05T04:55:59.9789715Z libwayland-egl1 is already the newest version (1.22.0-2.1build1).
verify	Run npx playwright install --with-deps chromium webkit	2026-10-05T04:55:59.9790041Z libwayland-egl1 set to manually installed.
verify	Run npx playwright install --with-deps chromium webkit	2026-10-05T04:55:59.9790364Z libwebp7 is already the newest version (1.3.2-0.4build3).
verify	Run npx playwright install --with-deps chromium webkit	2026-10-05T04:55:59.9790672Z libwebp7 set to manually installed.
verify	Run npx playwright install --with-deps chromium webkit	2026-10-05T04:56:00.1207352Z libwebpdemux2 is already the newest version (1.3.2-0.4build3).
verify	Run npx playwright install --with-deps chromium webkit	2026-10-05T04:56:00.1207969Z libwebpdemux2 set to manually installed.
verify	Run npx playwright install --with-deps chromium webkit	2026-10-05T04:56:00.1208457Z libxml2 is already the newest version (2.9.14+dfsg-1.3ubuntu3.9).
verify	Run npx playwright install --with-deps chromium webkit	2026-10-05T04:56:00.1208888Z libxml2 set to manually installed.
verify	Run npx playwright install --with-deps chromium webkit	2026-10-05T04:56:00.1209245Z libxslt1.1 is already the newest version (1.1.39-0exp1ubuntu0.24.04.3).
verify	Run npx playwright install --with-deps chromium webkit	2026-10-05T04:56:00.1209735Z libxslt1.1 set to manually installed.
verify	Run npx playwright install --with-deps chromium webkit	2026-10-05T04:56:00.1210241Z The following additional packages will be installed:
verify	Run npx playwright install --with-deps chromium webkit	2026-10-05T04:56:00.1210843Z   glib-networking glib-networking-common glib-networking-services
verify	Run npx playwright install --with-deps chromium webkit	2026-10-05T04:56:00.1211359Z   gsettings-desktop-schemas libaa1 libabsl20220623t64 libass9 libasyncns0
verify	Run npx playwright install --with-deps chromium webkit	2026-10-05T04:56:00.1212065Z   libavc1394-0 libavcodec60 libavfilter9 libavformat60 libavtp0 libavutil58
verify	Run npx playwright install --with-deps chromium webkit	2026-10-05T04:56:00.1212777Z   libblas3 libbluray2 libbs2b0 libcaca0 libcairo-script-interpreter2
verify	Run npx playwright install --with-deps chromium webkit	2026-10-05T04:56:00.1213418Z   libcdparanoia0 libchromaprint1 libcjson1 libcodec2-1.2 libdav1d7
verify	Run npx playwright install --with-deps chromium webkit	2026-10-05T04:56:00.1214101Z   libdc1394-25 libdca0 libde265-0 libdecor-0-0 libdirectfb-1.7-7t64 libdv4t64
verify	Run npx playwright install --with-deps chromium webkit	2026-10-05T04:56:00.1214778Z   libdvdnav4 libdvdread8t64 libegl-mesa0 libegl1 libevent-core-2.1-7t64
verify	Run npx playwright install --with-deps chromium webkit	2026-10-05T04:56:00.1215480Z   libevent-pthreads-2.1-7t64 libfaad2 libflac12t64 libfluidsynth3 libfreeaptx0
verify	Run npx playwright install --with-deps chromium webkit	2026-10-05T04:56:00.1216316Z   libgav1-1 libgl1-mesa-dri libglx-mesa0 libgme0 libgraphene-1.0-0 libgsm1
verify	Run npx playwright install --with-deps chromium webkit	2026-10-05T04:56:00.1216999Z   libgssdp-1.6-0 libgstreamer-plugins-good1.0-0 libgtk-4-common libgupnp-1.6-0
verify	Run npx playwright install --with-deps chromium webkit	2026-10-05T04:56:00.1217629Z   libgupnp-igd-1.6-0 libhwy1t64 libiec61883-0 libimath-3-1-29t64
verify	Run npx playwright install --with-deps chromium webkit	2026-10-05T04:56:00.1218193Z   libinstpatch-1.0-2 libjack-jackd2-0 libjxl0.7 liblapack3 liblc3-1
verify	Run npx playwright install --with-deps chromium webkit	2026-10-05T04:56:00.1218595Z   libldacbt-enc2 liblilv-0-0 liblrdf0 libltc11 libmbedcrypto7t64 libmfx1
verify	Run npx playwright install --with-deps chromium webkit	2026-10-05T04:56:00.1219324Z   libmjpegutils-2.1-0t64 libmodplug1 libmp3lame0 libmpcdec6
verify	Run npx playwright install --with-deps chromium webkit	2026-10-05T04:56:00.1219721Z   libmpeg2encpp-2.1-0t64 libmpg123-0t64 libmplex2-2.1-0t64 libmysofa1
verify	Run npx playwright install --with-deps chromium webkit	2026-10-05T04:56:00.1220279Z   libneon27t64 libnice10 libopenal-data libopenal1 libopenexr-3-1-30
verify	Run npx playwright install --with-deps chromium webkit	2026-10-05T04:56:00.1220779Z   libopenh264-7 libopenmpt0t64 libopenni2-0 liborc-0.4-0t64
verify	Run npx playwright install --with-deps chromium webkit	2026-10-05T04:56:00.1221184Z   libpipewire-0.3-0t64 libplacebo338 libpocketsphinx3 libpostproc57
verify	Run npx playwright install --with-deps chromium webkit	2026-10-05T04:56:00.1221587Z   libproxy1v5 libpulse0 libqrencode4 libraptor2-0 librav1e0 libraw1394-11
verify	Run npx playwright install --with-deps chromium webkit	2026-10-05T04:56:00.1222001Z   librist4 librsvg2-2 librubberband2 libsamplerate0 libsbc1 libsdl2-2.0-0
verify	Run npx playwright install --with-deps chromium webkit	2026-10-05T04:56:00.1222412Z   libsecret-common libserd-0-0 libshine3 libshout3 libsndfile1 libsndio7.0
verify	Run npx playwright install --with-deps chromium webkit	2026-10-05T04:56:00.1222816Z   libsord-0-0 libsoundtouch1 libsoup-3.0-0 libsoup-3.0-common libsoxr0
verify	Run npx playwright install --with-deps chromium webkit	2026-10-05T04:56:00.1223254Z   libspa-0.2-modules libspandsp2t64 libspeex1 libsphinxbase3t64 libsratom-0-0
verify	Run npx playwright install --with-deps chromium webkit	2026-10-05T04:56:00.1223715Z   libsrt1.5-gnutls libsrtp2-1 libssh-gcrypt-4 libsvtav1enc1d1 libswresample4
verify	Run npx playwright install --with-deps chromium webkit	2026-10-05T04:56:00.1224153Z   libswscale7 libtag1v5 libtag1v5-vanilla libtheora0 libtwolame0 libudfread0
verify	Run npx playwright install --with-deps chromium webkit	2026-10-05T04:56:00.1224581Z   libunibreak5 libv4l-0t64 libv4lconvert0t64 libva-drm2 libva-x11-2 libva2
verify	Run npx playwright install --with-deps chromium webkit	2026-10-05T04:56:00.1224989Z   libvdpau1 libvidstab1.1 libvisual-0.4-0 libvo-aacenc0 libvo-amrwbenc0
verify	Run npx playwright install --with-deps chromium webkit	2026-10-05T04:56:00.1225412Z   libvorbisenc2 libvpl2 libwavpack1 libwebrtc-audio-processing1 libwildmidi2
verify	Run npx playwright install --with-deps chromium webkit	2026-10-05T04:56:00.1226217Z   libx265-199 libxcb-xkb1 libxkbcommon-x11-0 libxvidcore4 libyuv0 libzbar0t64
verify	Run npx playwright install --with-deps chromium webkit	2026-10-05T04:56:00.1226925Z   libzimg2 libzix-0-0 libzvbi-common libzvbi0t64 libzxing3 mesa-libgallium
verify	Run npx playwright install --with-deps chromium webkit	2026-10-05T04:56:00.1227442Z   ocl-icd-libopencl1 session-migration timgm6mb-soundfont xfonts-encodings
verify	Run npx playwright install --with-deps chromium webkit	2026-10-05T04:56:00.1227757Z   xfonts-utils
verify	Run npx playwright install --with-deps chromium webkit	2026-10-05T04:56:00.1227965Z Suggested packages:
verify	Run npx playwright install --with-deps chromium webkit	2026-10-05T04:56:00.1228272Z   frei0r-plugins gvfs libcuda1 libnvcuvid1 libnvidia-encode1 libbluray-bdj
verify	Run npx playwright install --with-deps chromium webkit	2026-10-05T04:56:00.1228702Z   libdirectfb-extra libdv-bin oss-compat libdvdcss2 libvisual-0.4-plugins
verify	Run npx playwright install --with-deps chromium webkit	2026-10-05T04:56:00.1229127Z   jackd2 liblrdf0-dev libportaudio2 opus-tools pipewire pulseaudio
verify	Run npx playwright install --with-deps chromium webkit	2026-10-05T04:56:00.1229525Z   raptor2-utils libraw1394-doc librsvg2-bin serdi sndiod sordi speex
verify	Run npx playwright install --with-deps chromium webkit	2026-10-05T04:56:00.1229875Z   libwildmidi-config opencl-icd fluid-soundfont-gm
verify	Run npx playwright install --with-deps chromium webkit	2026-10-05T04:56:00.1230139Z Recommended packages:
verify	Run npx playwright install --with-deps chromium webkit	2026-10-05T04:56:00.1230417Z   fonts-ipafont-mincho fonts-tlwg-loma gstreamer1.0-x libaacs0
verify	Run npx playwright install --with-deps chromium webkit	2026-10-05T04:56:00.1230803Z   default-libdecor-0-plugin-1 | libdecor-0-plugin-1 gstreamer1.0-gl
verify	Run npx playwright install --with-deps chromium webkit	2026-10-05T04:56:00.1231231Z   libgtk-4-bin librsvg2-common libgtk-4-media-gstreamer libpipewire-0.3-common
verify	Run npx playwright install --with-deps chromium webkit	2026-10-05T04:56:00.1231677Z   pocketsphinx-en-us va-driver-all | va-driver vdpau-driver-all | vdpau-driver
verify	Run npx playwright install --with-deps chromium webkit	2026-10-05T04:56:00.1232008Z   libmagickcore-6.q16-7-extra
verify	Run npx playwright install --with-deps chromium webkit	2026-10-05T04:56:00.2056677Z The following NEW packages will be installed:
verify	Run npx playwright install --with-deps chromium webkit	2026-10-05T04:56:00.2057397Z   fonts-freefont-ttf fonts-ipafont-gothic fonts-tlwg-loma-otf fonts-unifont
verify	Run npx playwright install --with-deps chromium webkit	2026-10-05T04:56:00.2058095Z   fonts-wqy-zenhei glib-networking glib-networking-common
verify	Run npx playwright install --with-deps chromium webkit	2026-10-05T04:56:00.2058778Z   glib-networking-services gsettings-desktop-schemas gstreamer1.0-libav
verify	Run npx playwright install --with-deps chromium webkit	2026-10-05T04:56:00.2059546Z   gstreamer1.0-plugins-bad gstreamer1.0-plugins-base gstreamer1.0-plugins-good
verify	Run npx playwright install --with-deps chromium webkit	2026-10-05T04:56:00.2060027Z   libaa1 libabsl20220623t64 libass9 libasyncns0 libavc1394-0 libavcodec60
verify	Run npx playwright install --with-deps chromium webkit	2026-10-05T04:56:00.2060438Z   libavfilter9 libavformat60 libavif16 libavtp0 libavutil58 libblas3
verify	Run npx playwright install --with-deps chromium webkit	2026-10-05T04:56:00.2060864Z   libbluray2 libbs2b0 libcaca0 libcairo-script-interpreter2 libcdparanoia0
verify	Run npx playwright install --with-deps chromium webkit	2026-10-05T04:56:00.2061432Z   libchromaprint1 libcjson1 libcodec2-1.2 libdav1d7 libdc1394-25 libdca0
verify	Run npx playwright install --with-deps chromium webkit	2026-10-05T04:56:00.2062103Z   libde265-0 libdecor-0-0 libdirectfb-1.7-7t64 libdv4t64 libdvdnav4
verify	Run npx playwright install --with-deps chromium webkit	2026-10-05T04:56:00.2062594Z   libdvdread8t64 libegl-mesa0 libegl1 libevent-2.1-7t64 libfaad2 libflac12t64
verify	Run npx playwright install --with-deps chromium webkit	2026-10-05T04:56:00.2063015Z   libflite1 libfluidsynth3 libfreeaptx0 libgav1-1 libgles2 libgme0
verify	Run npx playwright install --with-deps chromium webkit	2026-10-05T04:56:00.2063960Z   libgraphene-1.0-0 libgsm1 libgssdp-1.6-0 libgstreamer-gl1.0-0
verify	Run npx playwright install --with-deps chromium webkit	2026-10-05T04:56:00.2064357Z   libgstreamer-plugins-bad1.0-0 libgstreamer-plugins-base1.0-0
verify	Run npx playwright install --with-deps chromium webkit	2026-10-05T04:56:00.2064898Z   libgstreamer-plugins-good1.0-0 libgtk-4-1 libgtk-4-common libgupnp-1.6-0
verify	Run npx playwright install --with-deps chromium webkit	2026-10-05T04:56:00.2065399Z   libgupnp-igd-1.6-0 libharfbuzz-icu0 libhwy1t64 libhyphen0 libiec61883-0
verify	Run npx playwright install --with-deps chromium webkit	2026-10-05T04:56:00.2066095Z   libimath-3-1-29t64 libinstpatch-1.0-2 libjack-jackd2-0 libjxl0.7 liblapack3
verify	Run npx playwright install --with-deps chromium webkit	2026-10-05T04:56:00.2066527Z   liblc3-1 libldacbt-enc2 liblilv-0-0 liblrdf0 libltc11 libmanette-0.2-0
verify	Run npx playwright install --with-deps chromium webkit	2026-10-05T04:56:00.2066949Z   libmbedcrypto7t64 libmfx1 libmjpegutils-2.1-0t64 libmodplug1 libmp3lame0
verify	Run npx playwright install --with-deps chromium webkit	2026-10-05T04:56:00.2067374Z   libmpcdec6 libmpeg2encpp-2.1-0t64 libmpg123-0t64 libmplex2-2.1-0t64
verify	Run npx playwright install --with-deps chromium webkit	2026-10-05T04:56:00.2067758Z   libmysofa1 libneon27t64 libnice10 libopenal-data libopenal1
verify	Run npx playwright install --with-deps chromium webkit	2026-10-05T04:56:00.2068158Z   libopenexr-3-1-30 libopenh264-7 libopenmpt0t64 libopenni2-0 libopus0
verify	Run npx playwright install --with-deps chromium webkit	2026-10-05T04:56:00.2068549Z   liborc-0.4-0t64 libpipewire-0.3-0t64 libplacebo338 libpocketsphinx3
verify	Run npx playwright install --with-deps chromium webkit	2026-10-05T04:56:00.2068956Z   libpostproc57 libproxy1v5 libpulse0 libqrencode4 libraptor2-0 librav1e0
verify	Run npx playwright install --with-deps chromium webkit	2026-10-05T04:56:00.2069390Z   libraw1394-11 librist4 librsvg2-2 librubberband2 libsamplerate0 libsbc1
verify	Run npx playwright install --with-deps chromium webkit	2026-10-05T04:56:00.2069887Z   libsdl2-2.0-0 libsecret-1-0 libsecret-common libserd-0-0 libshine3 libshout3
verify	Run npx playwright install --with-deps chromium webkit	2026-10-05T04:56:00.2070491Z   libsndfile1 libsndio7.0 libsord-0-0 libsoundtouch1 libsoup-3.0-0
verify	Run npx playwright install --with-deps chromium webkit	2026-10-05T04:56:00.2071019Z   libsoup-3.0-common libsoxr0 libspa-0.2-modules libspandsp2t64 libspeex1
verify	Run npx playwright install --with-deps chromium webkit	2026-10-05T04:56:00.2071515Z   libsphinxbase3t64 libsratom-0-0 libsrt1.5-gnutls libsrtp2-1 libssh-gcrypt-4
verify	Run npx playwright install --with-deps chromium webkit	2026-10-05T04:56:00.2071940Z   libsvtav1enc1d1 libswresample4 libswscale7 libtag1v5 libtag1v5-vanilla
verify	Run npx playwright install --with-deps chromium webkit	2026-10-05T04:56:00.2072324Z   libtheora0 libtwolame0 libudfread0 libunibreak5 libv4l-0t64
verify	Run npx playwright install --with-deps chromium webkit	2026-10-05T04:56:00.2072706Z   libv4lconvert0t64 libva-drm2 libva-x11-2 libva2 libvdpau1 libvidstab1.1
verify	Run npx playwright install --with-deps chromium webkit	2026-10-05T04:56:00.2073119Z   libvisual-0.4-0 libvo-aacenc0 libvo-amrwbenc0 libvorbisenc2 libvpl2 libvpx9
verify	Run npx playwright install --with-deps chromium webkit	2026-10-05T04:56:00.2073550Z   libwavpack1 libwayland-server0 libwebrtc-audio-processing1 libwildmidi2
verify	Run npx playwright install --with-deps chromium webkit	2026-10-05T04:56:00.2074094Z   libwoff1 libx264-164 libx265-199 libxcb-xkb1 libxkbcommon-x11-0 libxvidcore4
verify	Run npx playwright install --with-deps chromium webkit	2026-10-05T04:56:00.2074631Z   libyuv0 libzbar0t64 libzimg2 libzix-0-0 libzvbi-common libzvbi0t64 libzxing3
verify	Run npx playwright install --with-deps chromium webkit	2026-10-05T04:56:00.2075055Z   ocl-icd-libopencl1 session-migration timgm6mb-soundfont xfonts-cyrillic
verify	Run npx playwright install --with-deps chromium webkit	2026-10-05T04:56:00.2075405Z   xfonts-encodings xfonts-scalable xfonts-utils
verify	Run npx playwright install --with-deps chromium webkit	2026-10-05T04:56:00.2075814Z The following packages will be upgraded:
verify	Run npx playwright install --with-deps chromium webkit	2026-10-05T04:56:00.2076162Z   libevent-core-2.1-7t64 libevent-pthreads-2.1-7t64 libgbm1 libgl1-mesa-dri
verify	Run npx playwright install --with-deps chromium webkit	2026-10-05T04:56:00.2076490Z   libglx-mesa0 mesa-libgallium
verify	Run npx playwright install --with-deps chromium webkit	2026-10-05T04:56:00.2269281Z 6 upgraded, 181 newly installed, 0 to remove and 19 not upgraded.
verify	Run npx playwright install --with-deps chromium webkit	2026-10-05T04:56:00.2269711Z Need to get 125 MB of archives.
verify	Run npx playwright install --with-deps chromium webkit	2026-10-05T04:56:00.2270062Z After this operation, 364 MB of additional disk space will be used.
verify	Run npx playwright install --with-deps chromium webkit	2026-10-05T04:56:00.2270482Z Get:1 file:/etc/apt/apt-mirrors.txt Mirrorlist [144 B]
verify	Run npx playwright install --with-deps chromium webkit	2026-10-05T04:56:00.4944435Z Get:2 http://azure.archive.ubuntu.com/ubuntu noble/universe amd64 fonts-ipafont-gothic all 00303-21ubuntu1 [3513 kB]
verify	Run npx playwright install --with-deps chromium webkit	2026-10-05T04:56:01.0975074Z Get:3 http://azure.archive.ubuntu.com/ubuntu noble/main amd64 fonts-freefont-ttf all 20211204+svn4273-2 [5641 kB]
verify	Run npx playwright install --with-deps chromium webkit	2026-10-05T04:56:01.2779196Z Get:4 http://azure.archive.ubuntu.com/ubuntu noble/universe amd64 fonts-tlwg-loma-otf all 1:0.7.3-1 [107 kB]
verify	Run npx playwright install --with-deps chromium webkit	2026-10-05T04:56:01.3533945Z Get:5 http://azure.archive.ubuntu.com/ubuntu noble/universe amd64 fonts-unifont all 1:15.1.01-1build1 [2993 kB]
verify	Run npx playwright install --with-deps chromium webkit	2026-10-05T04:56:01.6198802Z Get:6 http://azure.archive.ubuntu.com/ubuntu noble/universe amd64 fonts-wqy-zenhei all 0.9.45-8 [7472 kB]
verify	Run npx playwright install --with-deps chromium webkit	2026-10-05T04:56:01.8348213Z Get:7 http://azure.archive.ubuntu.com/ubuntu noble/main amd64 libproxy1v5 amd64 0.5.4-4build1 [26.5 kB]
verify	Run npx playwright install --with-deps chromium webkit	2026-10-05T04:56:01.8989599Z Get:8 http://azure.archive.ubuntu.com/ubuntu noble/main amd64 glib-networking-common all 2.80.0-1build1 [6702 B]
verify	Run npx playwright install --with-deps chromium webkit	2026-10-05T04:56:01.9631144Z Get:9 http://azure.archive.ubuntu.com/ubuntu noble/main amd64 glib-networking-services amd64 2.80.0-1build1 [12.8 kB]
verify	Run npx playwright install --with-deps chromium webkit	2026-10-05T04:56:02.0272673Z Get:10 http://azure.archive.ubuntu.com/ubuntu noble/main amd64 session-migration amd64 0.3.9build1 [9034 B]
verify	Run npx playwright install --with-deps chromium webkit	2026-10-05T04:56:02.0912263Z Get:11 http://azure.archive.ubuntu.com/ubuntu noble-updates/main amd64 gsettings-desktop-schemas all 46.1-0ubuntu1 [35.6 kB]
verify	Run npx playwright install --with-deps chromium webkit	2026-10-05T04:56:02.1551889Z Get:12 http://azure.archive.ubuntu.com/ubuntu noble/main amd64 glib-networking amd64 2.80.0-1build1 [64.1 kB]
verify	Run npx playwright install --with-deps chromium webkit	2026-10-05T04:56:02.2193523Z Get:13 http://azure.archive.ubuntu.com/ubuntu noble-updates/universe amd64 libva2 amd64 2.20.0-2ubuntu0.2 [66.4 kB]
verify	Run npx playwright install --with-deps chromium webkit	2026-10-05T04:56:02.2840538Z Get:14 http://azure.archive.ubuntu.com/ubuntu noble-updates/universe amd64 libva-drm2 amd64 2.20.0-2ubuntu0.2 [7124 B]
verify	Run npx playwright install --with-deps chromium webkit	2026-10-05T04:56:02.3478254Z Get:15 http://azure.archive.ubuntu.com/ubuntu noble-updates/universe amd64 libva-x11-2 amd64 2.20.0-2ubuntu0.2 [12.0 kB]
verify	Run npx playwright install --with-deps chromium webkit	2026-10-05T04:56:02.4120315Z Get:16 http://azure.archive.ubuntu.com/ubuntu noble/main amd64 libvdpau1 amd64 1.5-2build1 [27.8 kB]
verify	Run npx playwright install --with-deps chromium webkit	2026-10-05T04:56:02.4778163Z Get:17 http://azure.archive.ubuntu.com/ubuntu noble/universe amd64 libvpl2 amd64 2023.3.0-1build1 [99.8 kB]
verify	Run npx playwright install --with-deps chromium webkit	2026-10-05T04:56:02.5422549Z Get:18 http://azure.archive.ubuntu.com/ubuntu noble/universe amd64 ocl-icd-libopencl1 amd64 2.3.2-1build1 [38.5 kB]
verify	Run npx playwright install --with-deps chromium webkit	2026-10-05T04:56:02.6072814Z Get:19 http://azure.archive.ubuntu.com/ubuntu noble/universe amd64 libavutil58 amd64 7:6.1.1-3ubuntu5 [401 kB]
verify	Run npx playwright install --with-deps chromium webkit	2026-10-05T04:56:02.6768582Z Get:20 http://azure.archive.ubuntu.com/ubuntu noble/universe amd64 libcodec2-1.2 amd64 1.2.0-2build1 [8998 kB]
verify	Run npx playwright install --with-deps chromium webkit	2026-10-05T04:56:02.9084321Z Get:21 http://azure.archive.ubuntu.com/ubuntu noble/universe amd64 libdav1d7 amd64 1.4.1-1build1 [604 kB]
verify	Run npx playwright install --with-deps chromium webkit	2026-10-05T04:56:02.9890866Z Get:22 http://azure.archive.ubuntu.com/ubuntu noble/universe amd64 libgsm1 amd64 1.0.22-1build1 [27.8 kB]
verify	Run npx playwright install --with-deps chromium webkit	2026-10-05T04:56:03.0743343Z Get:23 http://azure.archive.ubuntu.com/ubuntu noble/universe amd64 libhwy1t64 amd64 1.0.7-8.1build1 [584 kB]
verify	Run npx playwright install --with-deps chromium webkit	2026-10-05T04:56:03.4022708Z Get:24 http://azure.archive.ubuntu.com/ubuntu noble-updates/universe amd64 libjxl0.7 amd64 0.7.0-10.2ubuntu6.1 [1001 kB]
verify	Run npx playwright install --with-deps chromium webkit	2026-10-05T04:56:03.5560204Z Get:25 http://azure.archive.ubuntu.com/ubuntu noble/main amd64 libmp3lame0 amd64 3.100-6build1 [142 kB]
verify	Run npx playwright install --with-deps chromium webkit	2026-10-05T04:56:03.6243653Z Get:26 http://azure.archive.ubuntu.com/ubuntu noble/main amd64 libopus0 amd64 1.4-1build1 [208 kB]
verify	Run npx playwright install --with-deps chromium webkit	2026-10-05T04:56:03.6947939Z Get:27 http://azure.archive.ubuntu.com/ubuntu noble/universe amd64 librav1e0 amd64 0.7.1-2 [1022 kB]
verify	Run npx playwright install --with-deps chromium webkit	2026-10-05T04:56:03.7934605Z Get:28 http://azure.archive.ubuntu.com/ubuntu noble/main amd64 librsvg2-2 amd64 2.58.0+dfsg-1build1 [2135 kB]
verify	Run npx playwright install --with-deps chromium webkit	2026-10-05T04:56:03.9284308Z Get:29 http://azure.archive.ubuntu.com/ubuntu noble/universe amd64 libshine3 amd64 3.1.1-2build1 [23.2 kB]
verify	Run npx playwright install --with-deps chromium webkit	2026-10-05T04:56:03.9933570Z Get:30 http://azure.archive.ubuntu.com/ubuntu noble-updates/main amd64 libspeex1 amd64 1.2.1-2ubuntu2.24.04.1 [59.6 kB]
verify	Run npx playwright install --with-deps chromium webkit	2026-10-05T04:56:04.0576560Z Get:31 http://azure.archive.ubuntu.com/ubuntu noble/universe amd64 libsvtav1enc1d1 amd64 1.7.0+dfsg-2build1 [2425 kB]
verify	Run npx playwright install --with-deps chromium webkit	2026-10-05T04:56:04.1496010Z Get:32 http://azure.archive.ubuntu.com/ubuntu noble/universe amd64 libsoxr0 amd64 0.1.3-4build3 [80.0 kB]
verify	Run npx playwright install --with-deps chromium webkit	2026-10-05T04:56:04.2140548Z Get:33 http://azure.archive.ubuntu.com/ubuntu noble/universe amd64 libswresample4 amd64 7:6.1.1-3ubuntu5 [63.8 kB]
verify	Run npx playwright install --with-deps chromium webkit	2026-10-05T04:56:04.2783423Z Get:34 http://azure.archive.ubuntu.com/ubuntu noble/main amd64 libtheora0 amd64 1.1.1+dfsg.1-16.1build3 [211 kB]
verify	Run npx playwright install --with-deps chromium webkit	2026-10-05T04:56:04.3444993Z Get:35 http://azure.archive.ubuntu.com/ubuntu noble/main amd64 libtwolame0 amd64 0.4.0-2build3 [52.3 kB]
verify	Run npx playwright install --with-deps chromium webkit	2026-10-05T04:56:04.4097123Z Get:36 http://azure.archive.ubuntu.com/ubuntu noble/main amd64 libvorbisenc2 amd64 1.3.7-1build3 [80.8 kB]
verify	Run npx playwright install --with-deps chromium webkit	2026-10-05T04:56:04.4740681Z Get:37 http://azure.archive.ubuntu.com/ubuntu noble-updates/main amd64 libvpx9 amd64 1.14.0-1ubuntu2.3 [1143 kB]
verify	Run npx playwright install --with-deps chromium webkit	2026-10-05T04:56:04.5513126Z Get:38 http://azure.archive.ubuntu.com/ubuntu noble/universe amd64 libx264-164 amd64 2:0.164.3108+git31e19f9-1 [604 kB]
verify	Run npx playwright install --with-deps chromium webkit	2026-10-05T04:56:04.6221643Z Get:39 http://azure.archive.ubuntu.com/ubuntu noble/universe amd64 libx265-199 amd64 3.5-2build1 [1226 kB]
verify	Run npx playwright install --with-deps chromium webkit	2026-10-05T04:56:04.7007544Z Get:40 http://azure.archive.ubuntu.com/ubuntu noble/universe amd64 libxvidcore4 amd64 2:1.3.7-1build1 [219 kB]
verify	Run npx playwright install --with-deps chromium webkit	2026-10-05T04:56:04.7728694Z Get:41 http://azure.archive.ubuntu.com/ubuntu noble/universe amd64 libzvbi-common all 0.2.42-2 [42.4 kB]
verify	Run npx playwright install --with-deps chromium webkit	2026-10-05T04:56:04.8370311Z Get:42 http://azure.archive.ubuntu.com/ubuntu noble/universe amd64 libzvbi0t64 amd64 0.2.42-2 [261 kB]
verify	Run npx playwright install --with-deps chromium webkit	2026-10-05T04:56:04.9127044Z Get:43 http://azure.archive.ubuntu.com/ubuntu noble/universe amd64 libavcodec60 amd64 7:6.1.1-3ubuntu5 [5851 kB]
verify	Run npx playwright install --with-deps chromium webkit	2026-10-05T04:56:05.0742632Z Get:44 http://azure.archive.ubuntu.com/ubuntu noble/universe amd64 libunibreak5 amd64 5.1-2build1 [25.0 kB]
verify	Run npx playwright install --with-deps chromium webkit	2026-10-05T04:56:05.1397449Z Get:45 http://azure.archive.ubuntu.com/ubuntu noble/universe amd64 libass9 amd64 1:0.17.1-2build1 [104 kB]
verify	Run npx playwright install --with-deps chromium webkit	2026-10-05T04:56:05.2043899Z Get:46 http://azure.archive.ubuntu.com/ubuntu noble/universe amd64 libudfread0 amd64 1.1.2-1build1 [19.0 kB]
verify	Run npx playwright install --with-deps chromium webkit	2026-10-05T04:56:05.2684962Z Get:47 http://azure.archive.ubuntu.com/ubuntu noble/universe amd64 libbluray2 amd64 1:1.3.4-1build1 [159 kB]
verify	Run npx playwright install --with-deps chromium webkit	2026-10-05T04:56:05.3350102Z Get:48 http://azure.archive.ubuntu.com/ubuntu noble/universe amd64 libchromaprint1 amd64 1.5.1-5 [30.5 kB]
verify	Run npx playwright install --with-deps chromium webkit	2026-10-05T04:56:05.3997099Z Get:49 http://azure.archive.ubuntu.com/ubuntu noble/universe amd64 libgme0 amd64 0.6.3-7build1 [134 kB]
verify	Run npx playwright install --with-deps chromium webkit	2026-10-05T04:56:05.4659824Z Get:50 http://azure.archive.ubuntu.com/ubuntu noble-updates/main amd64 libmpg123-0t64 amd64 1.32.5-1ubuntu1.1 [169 kB]
verify	Run npx playwright install --with-deps chromium webkit	2026-10-05T04:56:05.5338638Z Get:51 http://azure.archive.ubuntu.com/ubuntu noble/universe amd64 libopenmpt0t64 amd64 0.7.3-1.1build3 [647 kB]
verify	Run npx playwright install --with-deps chromium webkit	2026-10-05T04:56:05.6101747Z Get:52 http://azure.archive.ubuntu.com/ubuntu noble/universe amd64 libcjson1 amd64 1.7.17-1 [24.8 kB]
verify	Run npx playwright install --with-deps chromium webkit	2026-10-05T04:56:05.6744507Z Get:53 http://azure.archive.ubuntu.com/ubuntu noble/universe amd64 libmbedcrypto7t64 amd64 2.28.8-1 [209 kB]
verify	Run npx playwright install --with-deps chromium webkit	2026-10-05T04:56:05.7428311Z Get:54 http://azure.archive.ubuntu.com/ubuntu noble/universe amd64 librist4 amd64 0.2.10+dfsg-2 [74.9 kB]
verify	Run npx playwright install --with-deps chromium webkit	2026-10-05T04:56:05.8084004Z Get:55 http://azure.archive.ubuntu.com/ubuntu noble/universe amd64 libsrt1.5-gnutls amd64 1.5.3-1build2 [316 kB]
verify	Run npx playwright install --with-deps chromium webkit	2026-10-05T04:56:05.8778938Z Get:56 http://azure.archive.ubuntu.com/ubuntu noble-updates/main amd64 libssh-gcrypt-4 amd64 0.10.6-2ubuntu0.5 [226 kB]
verify	Run npx playwright install --with-deps chromium webkit	2026-10-05T04:56:05.9464898Z Get:57 http://azure.archive.ubuntu.com/ubuntu noble/universe amd64 libavformat60 amd64 7:6.1.1-3ubuntu5 [1153 kB]
verify	Run npx playwright install --with-deps chromium webkit	2026-10-05T04:56:06.0333361Z Get:58 http://azure.archive.ubuntu.com/ubuntu noble/universe amd64 libbs2b0 amd64 3.1.0+dfsg-7build1 [10.6 kB]
verify	Run npx playwright install --with-deps chromium webkit	2026-10-05T04:56:06.0987805Z Get:59 http://azure.archive.ubuntu.com/ubuntu noble/universe amd64 libflite1 amd64 2.2-6build3 [13.6 MB]
verify	Run npx playwright install --with-deps chromium webkit	2026-10-05T04:56:06.4355244Z Get:60 http://azure.archive.ubuntu.com/ubuntu noble/universe amd64 libserd-0-0 amd64 0.32.2-1 [43.6 kB]
verify	Run npx playwright install --with-deps chromium webkit	2026-10-05T04:56:06.4989413Z Get:61 http://azure.archive.ubuntu.com/ubuntu noble/universe amd64 libzix-0-0 amd64 0.4.2-2build1 [23.6 kB]
verify	Run npx playwright install --with-deps chromium webkit	2026-10-05T04:56:06.5624539Z Get:62 http://azure.archive.ubuntu.com/ubuntu noble/universe amd64 libsord-0-0 amd64 0.16.16-2build1 [15.8 kB]
verify	Run npx playwright install --with-deps chromium webkit	2026-10-05T04:56:06.6257885Z Get:63 http://azure.archive.ubuntu.com/ubuntu noble/universe amd64 libsratom-0-0 amd64 0.6.16-1build1 [17.3 kB]
verify	Run npx playwright install --with-deps chromium webkit	2026-10-05T04:56:06.6893769Z Get:64 http://azure.archive.ubuntu.com/ubuntu noble/universe amd64 liblilv-0-0 amd64 0.24.22-1build1 [41.0 kB]
verify	Run npx playwright install --with-deps chromium webkit	2026-10-05T04:56:06.7527714Z Get:65 http://azure.archive.ubuntu.com/ubuntu noble/universe amd64 libmysofa1 amd64 1.3.2+dfsg-2ubuntu2 [1158 kB]
verify	Run npx playwright install --with-deps chromium webkit	2026-10-05T04:56:06.8387919Z Get:66 http://azure.archive.ubuntu.com/ubuntu noble/universe amd64 libplacebo338 amd64 6.338.2-2build1 [2654 kB]
verify	Run npx playwright install --with-deps chromium webkit	2026-10-05T04:56:06.9567322Z Get:67 http://azure.archive.ubuntu.com/ubuntu noble-updates/main amd64 libblas3 amd64 3.12.0-3build1.1 [238 kB]
verify	Run npx playwright install --with-deps chromium webkit	2026-10-05T04:56:07.0248938Z Get:68 http://azure.archive.ubuntu.com/ubuntu noble-updates/main amd64 liblapack3 amd64 3.12.0-3build1.1 [2646 kB]
verify	Run npx playwright install --with-deps chromium webkit	2026-10-05T04:56:07.1414458Z Get:69 http://azure.archive.ubuntu.com/ubuntu noble/main amd64 libasyncns0 amd64 0.8-6build4 [11.3 kB]
verify	Run npx playwright install --with-deps chromium webkit	2026-10-05T04:56:07.2064159Z Get:70 http://azure.archive.ubuntu.com/ubuntu noble/main amd64 libflac12t64 amd64 1.4.3+ds-2.1ubuntu2 [197 kB]
verify	Run npx playwright install --with-deps chromium webkit	2026-10-05T04:56:07.2740443Z Get:71 http://azure.archive.ubuntu.com/ubuntu noble-updates/main amd64 libsndfile1 amd64 1.2.2-1ubuntu5.24.04.1 [209 kB]
verify	Run npx playwright install --with-deps chromium webkit	2026-10-05T04:56:07.3396614Z Get:72 http://azure.archive.ubuntu.com/ubuntu noble-updates/main amd64 libpulse0 amd64 1:16.1+dfsg1-2ubuntu10.1 [292 kB]
verify	Run npx playwright install --with-deps chromium webkit	2026-10-05T04:56:07.4078425Z Get:73 http://azure.archive.ubuntu.com/ubuntu noble/universe amd64 libsphinxbase3t64 amd64 0.8+5prealpha+1-17build2 [126 kB]
verify	Run npx playwright install --with-deps chromium webkit	2026-10-05T04:56:07.4727760Z Get:74 http://azure.archive.ubuntu.com/ubuntu noble/universe amd64 libpocketsphinx3 amd64 0.8.0+real5prealpha+1-15ubuntu5 [133 kB]
verify	Run npx playwright install --with-deps chromium webkit	2026-10-05T04:56:07.5376784Z Get:75 http://azure.archive.ubuntu.com/ubuntu noble/universe amd64 libpostproc57 amd64 7:6.1.1-3ubuntu5 [49.9 kB]
verify	Run npx playwright install --with-deps chromium webkit	2026-10-05T04:56:07.6014224Z Get:76 http://azure.archive.ubuntu.com/ubuntu noble/main amd64 libsamplerate0 amd64 0.2.2-4build1 [1344 kB]
verify	Run npx playwright install --with-deps chromium webkit	2026-10-05T04:56:07.6909761Z Get:77 http://azure.archive.ubuntu.com/ubuntu noble/universe amd64 librubberband2 amd64 3.3.0+dfsg-2build1 [130 kB]
verify	Run npx playwright install --with-deps chromium webkit	2026-10-05T04:56:07.7557513Z Get:78 http://azure.archive.ubuntu.com/ubuntu noble/universe amd64 libswscale7 amd64 7:6.1.1-3ubuntu5 [193 kB]
verify	Run npx playwright install --with-deps chromium webkit	2026-10-05T04:56:07.8216775Z Get:79 http://azure.archive.ubuntu.com/ubuntu noble/universe amd64 libvidstab1.1 amd64 1.1.0-2build1 [38.5 kB]
verify	Run npx playwright install --with-deps chromium webkit	2026-10-05T04:56:07.8848245Z Get:80 http://azure.archive.ubuntu.com/ubuntu noble/universe amd64 libzimg2 amd64 3.0.5+ds1-1build1 [254 kB]
verify	Run npx playwright install --with-deps chromium webkit	2026-10-05T04:56:07.9527466Z Get:81 http://azure.archive.ubuntu.com/ubuntu noble/universe amd64 libavfilter9 amd64 7:6.1.1-3ubuntu5 [4235 kB]
verify	Run npx playwright install --with-deps chromium webkit	2026-10-05T04:56:08.1005970Z Get:82 http://azure.archive.ubuntu.com/ubuntu noble-updates/main amd64 liborc-0.4-0t64 amd64 1:0.4.38-1ubuntu0.1 [207 kB]
verify	Run npx playwright install --with-deps chromium webkit	2026-10-05T04:56:08.1683935Z Get:83 http://azure.archive.ubuntu.com/ubuntu noble-updates/main amd64 libgstreamer-plugins-base1.0-0 amd64 1.24.2-1ubuntu0.5 [862 kB]
verify	Run npx playwright install --with-deps chromium webkit	2026-10-05T04:56:08.2482804Z Get:84 http://azure.archive.ubuntu.com/ubuntu noble/universe amd64 gstreamer1.0-libav amd64 1.24.1-1build1 [103 kB]
verify	Run npx playwright install --with-deps chromium webkit	2026-10-05T04:56:08.3127062Z Get:85 http://azure.archive.ubuntu.com/ubuntu noble/main amd64 libcdparanoia0 amd64 3.10.2+debian-14build3 [48.5 kB]
verify	Run npx playwright install --with-deps chromium webkit	2026-10-05T04:56:08.3761350Z Get:86 http://azure.archive.ubuntu.com/ubuntu noble/main amd64 libvisual-0.4-0 amd64 0.4.2-2build1 [115 kB]
verify	Run npx playwright install --with-deps chromium webkit	2026-10-05T04:56:08.4408869Z Get:87 http://azure.archive.ubuntu.com/ubuntu noble-updates/main amd64 gstreamer1.0-plugins-base amd64 1.24.2-1ubuntu0.5 [721 kB]
verify	Run npx playwright install --with-deps chromium webkit	2026-10-05T04:56:08.5177495Z Get:88 http://azure.archive.ubuntu.com/ubuntu noble/main amd64 libaa1 amd64 1.4p5-51.1 [49.9 kB]
verify	Run npx playwright install --with-deps chromium webkit	2026-10-05T04:56:08.5810900Z Get:89 http://azure.archive.ubuntu.com/ubuntu noble/main amd64 libraw1394-11 amd64 2.1.2-2build3 [26.2 kB]
verify	Run npx playwright install --with-deps chromium webkit	2026-10-05T04:56:08.6443472Z Get:90 http://azure.archive.ubuntu.com/ubuntu noble/main amd64 libavc1394-0 amd64 0.5.4-5build3 [15.4 kB]
verify	Run npx playwright install --with-deps chromium webkit	2026-10-05T04:56:08.7074817Z Get:91 http://azure.archive.ubuntu.com/ubuntu noble-updates/main amd64 libcaca0 amd64 0.99.beta20-4ubuntu0.2 [209 kB]
verify	Run npx playwright install --with-deps chromium webkit	2026-10-05T04:56:08.7740309Z Get:92 http://azure.archive.ubuntu.com/ubuntu noble/main amd64 libdv4t64 amd64 1.0.0-17.1build1 [63.2 kB]
verify	Run npx playwright install --with-deps chromium webkit	2026-10-05T04:56:08.8377071Z Get:93 http://azure.archive.ubuntu.com/ubuntu noble-updates/main amd64 libgstreamer-plugins-good1.0-0 amd64 1.24.2-1ubuntu1.8 [34.3 kB]
verify	Run npx playwright install --with-deps chromium webkit	2026-10-05T04:56:08.9010381Z Get:94 http://azure.archive.ubuntu.com/ubuntu noble/main amd64 libiec61883-0 amd64 1.2.0-6build1 [24.5 kB]
verify	Run npx playwright install --with-deps chromium webkit	2026-10-05T04:56:08.9642436Z Get:95 http://azure.archive.ubuntu.com/ubuntu noble/main amd64 libshout3 amd64 2.4.6-1build2 [50.3 kB]
verify	Run npx playwright install --with-deps chromium webkit	2026-10-05T04:56:09.0275761Z Get:96 http://azure.archive.ubuntu.com/ubuntu noble/main amd64 libtag1v5-vanilla amd64 1.13.1-1build1 [326 kB]
verify	Run npx playwright install --with-deps chromium webkit	2026-10-05T04:56:09.0974262Z Get:97 http://azure.archive.ubuntu.com/ubuntu noble/main amd64 libtag1v5 amd64 1.13.1-1build1 [11.7 kB]
verify	Run npx playwright install --with-deps chromium webkit	2026-10-05T04:56:09.1606710Z Get:98 http://azure.archive.ubuntu.com/ubuntu noble/main amd64 libv4lconvert0t64 amd64 1.26.1-4build3 [87.6 kB]
verify	Run npx playwright install --with-deps chromium webkit	2026-10-05T04:56:09.2253808Z Get:99 http://azure.archive.ubuntu.com/ubuntu noble/main amd64 libv4l-0t64 amd64 1.26.1-4build3 [46.9 kB]
verify	Run npx playwright install --with-deps chromium webkit	2026-10-05T04:56:09.2886975Z Get:100 http://azure.archive.ubuntu.com/ubuntu noble/main amd64 libwavpack1 amd64 5.6.0-1build1 [84.6 kB]
verify	Run npx playwright install --with-deps chromium webkit	2026-10-05T04:56:09.3526214Z Get:101 http://azure.archive.ubuntu.com/ubuntu noble-updates/main amd64 libsoup-3.0-common all 3.4.4-5ubuntu0.8 [11.7 kB]
verify	Run npx playwright install --with-deps chromium webkit	2026-10-05T04:56:09.4157509Z Get:102 http://azure.archive.ubuntu.com/ubuntu noble-updates/main amd64 libsoup-3.0-0 amd64 3.4.4-5ubuntu0.8 [290 kB]
verify	Run npx playwright install --with-deps chromium webkit	2026-10-05T04:56:09.4872675Z Get:103 http://azure.archive.ubuntu.com/ubuntu noble-updates/main amd64 gstreamer1.0-plugins-good amd64 1.24.2-1ubuntu1.8 [2236 kB]
verify	Run npx playwright install --with-deps chromium webkit	2026-10-05T04:56:09.5969698Z Get:104 http://azure.archive.ubuntu.com/ubuntu noble-updates/main amd64 libabsl20220623t64 amd64 20220623.1-3.1ubuntu3.2 [423 kB]
verify	Run npx playwright install --with-deps chromium webkit	2026-10-05T04:56:09.6694332Z Get:105 http://azure.archive.ubuntu.com/ubuntu noble/universe amd64 libgav1-1 amd64 0.18.0-1build3 [357 kB]
verify	Run npx playwright install --with-deps chromium webkit	2026-10-05T04:56:09.7406945Z Get:106 http://azure.archive.ubuntu.com/ubuntu noble/universe amd64 libyuv0 amd64 0.0~git202401110.af6ac82-1 [178 kB]
verify	Run npx playwright install --with-deps chromium webkit	2026-10-05T04:56:09.8084094Z Get:107 http://azure.archive.ubuntu.com/ubuntu noble/universe amd64 libavif16 amd64 1.0.4-1ubuntu3 [91.2 kB]
verify	Run npx playwright install --with-deps chromium webkit	2026-10-05T04:56:09.8742518Z Get:108 http://azure.archive.ubuntu.com/ubuntu noble/universe amd64 libavtp0 amd64 0.2.0-1build1 [6414 B]
verify	Run npx playwright install --with-deps chromium webkit	2026-10-05T04:56:09.9384809Z Get:109 http://azure.archive.ubuntu.com/ubuntu noble/main amd64 libcairo-script-interpreter2 amd64 1.18.0-3build1 [60.3 kB]
verify	Run npx playwright install --with-deps chromium webkit	2026-10-05T04:56:10.0031124Z Get:110 http://azure.archive.ubuntu.com/ubuntu noble/universe amd64 libdc1394-25 amd64 2.2.6-4build1 [90.1 kB]
verify	Run npx playwright install --with-deps chromium webkit	2026-10-05T04:56:10.0684997Z Get:111 http://azure.archive.ubuntu.com/ubuntu noble-updates/main amd64 libde265-0 amd64 1.0.15-1ubuntu0.1 [167 kB]
verify	Run npx playwright install --with-deps chromium webkit	2026-10-05T04:56:10.1353008Z Get:112 http://azure.archive.ubuntu.com/ubuntu noble/main amd64 libdecor-0-0 amd64 0.2.2-1build2 [16.5 kB]
verify	Run npx playwright install --with-deps chromium webkit	2026-10-05T04:56:10.2001506Z Get:113 http://azure.archive.ubuntu.com/ubuntu noble/main amd64 libgles2 amd64 1.7.0-1build1 [17.1 kB]
verify	Run npx playwright install --with-deps chromium webkit	2026-10-05T04:56:10.2650018Z Get:114 http://azure.archive.ubuntu.com/ubuntu noble/universe amd64 libdirectfb-1.7-7t64 amd64 1.7.7-11.1ubuntu2 [1035 kB]
verify	Run npx playwright install --with-deps chromium webkit	2026-10-05T04:56:10.3500017Z Get:115 http://azure.archive.ubuntu.com/ubuntu noble/universe amd64 libdvdread8t64 amd64 6.1.3-1.1build1 [54.7 kB]
verify	Run npx playwright install --with-deps chromium webkit	2026-10-05T04:56:10.4152561Z Get:116 http://azure.archive.ubuntu.com/ubuntu noble/universe amd64 libdvdnav4 amd64 6.1.1-3build1 [39.5 kB]
verify	Run npx playwright install --with-deps chromium webkit	2026-10-05T04:56:10.4802641Z Get:117 http://azure.archive.ubuntu.com/ubuntu noble-updates/main amd64 libgl1-mesa-dri amd64 25.2.8-0ubuntu0.24.04.4 [38.0 kB]
verify	Run npx playwright install --with-deps chromium webkit	2026-10-05T04:56:10.5452819Z Get:118 http://azure.archive.ubuntu.com/ubuntu noble-updates/main amd64 libglx-mesa0 amd64 25.2.8-0ubuntu0.24.04.4 [110 kB]
verify	Run npx playwright install --with-deps chromium webkit	2026-10-05T04:56:10.6126900Z Get:119 http://azure.archive.ubuntu.com/ubuntu noble-updates/main amd64 libgbm1 amd64 25.2.8-0ubuntu0.24.04.4 [34.2 kB]
verify	Run npx playwright install --with-deps chromium webkit	2026-10-05T04:56:10.6781230Z Get:120 http://azure.archive.ubuntu.com/ubuntu noble-updates/main amd64 mesa-libgallium amd64 25.2.8-0ubuntu0.24.04.4 [10.8 MB]
verify	Run npx playwright install --with-deps chromium webkit	2026-10-05T04:56:10.9707260Z Get:121 http://azure.archive.ubuntu.com/ubuntu noble-updates/main amd64 libegl-mesa0 amd64 25.2.8-0ubuntu0.24.04.4 [117 kB]
verify	Run npx playwright install --with-deps chromium webkit	2026-10-05T04:56:11.0366693Z Get:122 http://azure.archive.ubuntu.com/ubuntu noble-updates/main amd64 libevent-2.1-7t64 amd64 2.1.12-stable-9ubuntu2.2 [146 kB]
verify	Run npx playwright install --with-deps chromium webkit	2026-10-05T04:56:11.1037285Z Get:123 http://azure.archive.ubuntu.com/ubuntu noble-updates/main amd64 libevent-pthreads-2.1-7t64 amd64 2.1.12-stable-9ubuntu2.2 [7988 B]
verify	Run npx playwright install --with-deps chromium webkit	2026-10-05T04:56:11.1694542Z Get:124 http://azure.archive.ubuntu.com/ubuntu noble-updates/main amd64 libevent-core-2.1-7t64 amd64 2.1.12-stable-9ubuntu2.2 [91.9 kB]
verify	Run npx playwright install --with-deps chromium webkit	2026-10-05T04:56:11.2345849Z Get:125 http://azure.archive.ubuntu.com/ubuntu noble/universe amd64 libfaad2 amd64 2.11.1-1build1 [207 kB]
verify	Run npx playwright install --with-deps chromium webkit	2026-10-05T04:56:11.3028746Z Get:126 http://azure.archive.ubuntu.com/ubuntu noble/universe amd64 libinstpatch-1.0-2 amd64 1.1.6-1build2 [251 kB]
verify	Run npx playwright install --with-deps chromium webkit	2026-10-05T04:56:11.3718870Z Get:127 http://azure.archive.ubuntu.com/ubuntu noble/main amd64 libjack-jackd2-0 amd64 1.9.21~dfsg-3ubuntu3 [289 kB]
verify	Run npx playwright install --with-deps chromium webkit	2026-10-05T04:56:11.4417080Z Get:128 http://azure.archive.ubuntu.com/ubuntu noble/main amd64 libwebrtc-audio-processing1 amd64 0.3.1-0ubuntu6 [290 kB]
verify	Run npx playwright install --with-deps chromium webkit	2026-10-05T04:56:11.5112956Z Get:129 http://azure.archive.ubuntu.com/ubuntu noble-updates/main amd64 libspa-0.2-modules amd64 1.0.5-1ubuntu3.3 [628 kB]
verify	Run npx playwright install --with-deps chromium webkit	2026-10-05T04:56:11.5879067Z Get:130 http://azure.archive.ubuntu.com/ubuntu noble-updates/main amd64 libpipewire-0.3-0t64 amd64 1.0.5-1ubuntu3.3 [252 kB]
verify	Run npx playwright install --with-deps chromium webkit	2026-10-05T04:56:11.6568478Z Get:131 http://azure.archive.ubuntu.com/ubuntu noble-updates/main amd64 libsdl2-2.0-0 amd64 2.30.0+dfsg-1ubuntu3.1 [686 kB]
verify	Run npx playwright install --with-deps chromium webkit	2026-10-05T04:56:11.7345327Z Get:132 http://azure.archive.ubuntu.com/ubuntu noble/universe amd64 timgm6mb-soundfont all 1.3-5 [5427 kB]
verify	Run npx playwright install --with-deps chromium webkit	2026-10-05T04:56:11.9107471Z Get:133 http://azure.archive.ubuntu.com/ubuntu noble/universe amd64 libfluidsynth3 amd64 2.3.4-1build3 [249 kB]
verify	Run npx playwright install --with-deps chromium webkit	2026-10-05T04:56:11.9801058Z Get:134 http://azure.archive.ubuntu.com/ubuntu noble/main amd64 libfreeaptx0 amd64 0.1.1-2build1 [13.5 kB]
verify	Run npx playwright install --with-deps chromium webkit	2026-10-05T04:56:12.0444030Z Get:135 http://azure.archive.ubuntu.com/ubuntu noble/main amd64 libgraphene-1.0-0 amd64 1.10.8-3build2 [46.2 kB]
verify	Run npx playwright install --with-deps chromium webkit	2026-10-05T04:56:12.1079227Z Get:136 http://azure.archive.ubuntu.com/ubuntu noble/main amd64 libgssdp-1.6-0 amd64 1.6.3-1build3 [40.4 kB]
verify	Run npx playwright install --with-deps chromium webkit	2026-10-05T04:56:12.1744739Z Get:137 http://azure.archive.ubuntu.com/ubuntu noble/main amd64 libegl1 amd64 1.7.0-1build1 [28.7 kB]
verify	Run npx playwright install --with-deps chromium webkit	2026-10-05T04:56:12.2399376Z Get:138 http://azure.archive.ubuntu.com/ubuntu noble-updates/main amd64 libgstreamer-gl1.0-0 amd64 1.24.2-1ubuntu0.5 [214 kB]
verify	Run npx playwright install --with-deps chromium webkit	2026-10-05T04:56:12.3266007Z Get:139 http://azure.archive.ubuntu.com/ubuntu noble-updates/main amd64 libgtk-4-common all 4.14.5+ds-0ubuntu0.10 [1497 kB]
verify	Run npx playwright install --with-deps chromium webkit	2026-10-05T04:56:12.5277076Z Get:140 http://azure.archive.ubuntu.com/ubuntu noble-updates/main amd64 libgtk-4-1 amd64 4.14.5+ds-0ubuntu0.10 [3295 kB]
verify	Run npx playwright install --with-deps chromium webkit	2026-10-05T04:56:12.6938491Z Get:141 http://azure.archive.ubuntu.com/ubuntu noble/main amd64 libgupnp-1.6-0 amd64 1.6.6-1build3 [92.7 kB]
verify	Run npx playwright install --with-deps chromium webkit	2026-10-05T04:56:12.7579753Z Get:142 http://azure.archive.ubuntu.com/ubuntu noble/universe amd64 libgupnp-igd-1.6-0 amd64 1.6.0-3build3 [16.5 kB]
verify	Run npx playwright install --with-deps chromium webkit	2026-10-05T04:56:12.8223173Z Get:143 http://azure.archive.ubuntu.com/ubuntu noble/main amd64 libharfbuzz-icu0 amd64 8.3.0-2build2 [13.3 kB]
verify	Run npx playwright install --with-deps chromium webkit	2026-10-05T04:56:12.8913340Z Get:144 http://azure.archive.ubuntu.com/ubuntu noble/main amd64 libhyphen0 amd64 2.8.8-7build3 [26.5 kB]
verify	Run npx playwright install --with-deps chromium webkit	2026-10-05T04:56:12.9560028Z Get:145 http://azure.archive.ubuntu.com/ubuntu noble/universe amd64 libimath-3-1-29t64 amd64 3.1.9-3.1ubuntu2 [72.2 kB]
verify	Run npx playwright install --with-deps chromium webkit	2026-10-05T04:56:13.0216940Z Get:146 http://azure.archive.ubuntu.com/ubuntu noble/main amd64 liblc3-1 amd64 1.0.4-3build1 [69.7 kB]
verify	Run npx playwright install --with-deps chromium webkit	2026-10-05T04:56:13.0872375Z Get:147 http://azure.archive.ubuntu.com/ubuntu noble/main amd64 libldacbt-enc2 amd64 2.0.2.3+git20200429+ed310a0-4ubuntu2 [27.1 kB]
verify	Run npx playwright install --with-deps chromium webkit	2026-10-05T04:56:13.1519731Z Get:148 http://azure.archive.ubuntu.com/ubuntu noble-updates/main amd64 libraptor2-0 amd64 2.0.16-3ubuntu0.1 [165 kB]
verify	Run npx playwright install --with-deps chromium webkit	2026-10-05T04:56:13.2244624Z Get:149 http://azure.archive.ubuntu.com/ubuntu noble/universe amd64 liblrdf0 amd64 0.6.1-4build1 [18.5 kB]
verify	Run npx playwright install --with-deps chromium webkit	2026-10-05T04:56:13.2890819Z Get:150 http://azure.archive.ubuntu.com/ubuntu noble/universe amd64 libltc11 amd64 1.3.2-1build1 [13.0 kB]
verify	Run npx playwright install --with-deps chromium webkit	2026-10-05T04:56:13.3534790Z Get:151 http://azure.archive.ubuntu.com/ubuntu noble/main amd64 libmanette-0.2-0 amd64 0.2.7-1build2 [30.6 kB]
verify	Run npx playwright install --with-deps chromium webkit	2026-10-05T04:56:13.4173992Z Get:152 http://azure.archive.ubuntu.com/ubuntu noble/universe amd64 libmfx1 amd64 22.5.4-1 [3124 kB]
verify	Run npx playwright install --with-deps chromium webkit	2026-10-05T04:56:13.5430545Z Get:153 http://azure.archive.ubuntu.com/ubuntu noble/universe amd64 libmjpegutils-2.1-0t64 amd64 1:2.1.0+debian-8.1build1 [25.5 kB]
verify	Run npx playwright install --with-deps chromium webkit	2026-10-05T04:56:13.6068424Z Get:154 http://azure.archive.ubuntu.com/ubuntu noble/universe amd64 libmodplug1 amd64 1:0.8.9.0-3build1 [166 kB]
verify	Run npx playwright install --with-deps chromium webkit	2026-10-05T04:56:13.6734338Z Get:155 http://azure.archive.ubuntu.com/ubuntu noble/universe amd64 libmpcdec6 amd64 2:0.1~r495-2build1 [32.7 kB]
verify	Run npx playwright install --with-deps chromium webkit	2026-10-05T04:56:13.7373038Z Get:156 http://azure.archive.ubuntu.com/ubuntu noble/universe amd64 libmpeg2encpp-2.1-0t64 amd64 1:2.1.0+debian-8.1build1 [75.6 kB]
verify	Run npx playwright install --with-deps chromium webkit	2026-10-05T04:56:13.8036568Z Get:157 http://azure.archive.ubuntu.com/ubuntu noble/universe amd64 libmplex2-2.1-0t64 amd64 1:2.1.0+debian-8.1build1 [46.1 kB]
verify	Run npx playwright install --with-deps chromium webkit	2026-10-05T04:56:13.8676114Z Get:158 http://azure.archive.ubuntu.com/ubuntu noble/universe amd64 libneon27t64 amd64 0.33.0-1.1build3 [102 kB]
verify	Run npx playwright install --with-deps chromium webkit	2026-10-05T04:56:13.9328423Z Get:159 http://azure.archive.ubuntu.com/ubuntu noble/universe amd64 libnice10 amd64 0.1.21-2build3 [157 kB]
verify	Run npx playwright install --with-deps chromium webkit	2026-10-05T04:56:13.9990451Z Get:160 http://azure.archive.ubuntu.com/ubuntu noble/universe amd64 libopenal-data all 1:1.23.1-4build1 [161 kB]
verify	Run npx playwright install --with-deps chromium webkit	2026-10-05T04:56:14.0654581Z Get:161 http://azure.archive.ubuntu.com/ubuntu noble/universe amd64 libopenexr-3-1-30 amd64 3.1.5-5.1build3 [1004 kB]
verify	Run npx playwright install --with-deps chromium webkit	2026-10-05T04:56:14.1491336Z Get:162 http://azure.archive.ubuntu.com/ubuntu noble/universe amd64 libopenh264-7 amd64 2.4.1+dfsg-1 [409 kB]
verify	Run npx playwright install --with-deps chromium webkit	2026-10-05T04:56:14.2203292Z Get:163 http://azure.archive.ubuntu.com/ubuntu noble/universe amd64 libopenni2-0 amd64 2.2.0.33+dfsg-18 [370 kB]
verify	Run npx playwright install --with-deps chromium webkit	2026-10-05T04:56:14.2905271Z Get:164 http://azure.archive.ubuntu.com/ubuntu noble/universe amd64 libqrencode4 amd64 4.1.1-1build2 [25.0 kB]
verify	Run npx playwright install --with-deps chromium webkit	2026-10-05T04:56:14.3543485Z Get:165 http://azure.archive.ubuntu.com/ubuntu noble/main amd64 libsecret-common all 0.21.4-1build3 [4962 B]
verify	Run npx playwright install --with-deps chromium webkit	2026-10-05T04:56:14.4183849Z Get:166 http://azure.archive.ubuntu.com/ubuntu noble/main amd64 libsecret-1-0 amd64 0.21.4-1build3 [116 kB]
verify	Run npx playwright install --with-deps chromium webkit	2026-10-05T04:56:14.4892547Z Get:167 http://azure.archive.ubuntu.com/ubuntu noble/universe amd64 libsndio7.0 amd64 1.9.0-0.3build3 [29.6 kB]
verify	Run npx playwright install --with-deps chromium webkit	2026-10-05T04:56:14.5531096Z Get:168 http://azure.archive.ubuntu.com/ubuntu noble/universe amd64 libsoundtouch1 amd64 2.3.2+ds1-1build1 [60.5 kB]
verify	Run npx playwright install --with-deps chromium webkit	2026-10-05T04:56:14.6174078Z Get:169 http://azure.archive.ubuntu.com/ubuntu noble/universe amd64 libspandsp2t64 amd64 0.0.6+dfsg-2.1build1 [311 kB]
verify	Run npx playwright install --with-deps chromium webkit	2026-10-05T04:56:14.6865388Z Get:170 http://azure.archive.ubuntu.com/ubuntu noble/universe amd64 libsrtp2-1 amd64 2.5.0-3build1 [41.9 kB]
verify	Run npx playwright install --with-deps chromium webkit	2026-10-05T04:56:14.7508494Z Get:171 http://azure.archive.ubuntu.com/ubuntu noble/main amd64 libwayland-server0 amd64 1.22.0-2.1build1 [33.9 kB]
verify	Run npx playwright install --with-deps chromium webkit	2026-10-05T04:56:14.8198554Z Get:172 http://azure.archive.ubuntu.com/ubuntu noble/universe amd64 libwildmidi2 amd64 0.4.3-1build3 [68.5 kB]
verify	Run npx playwright install --with-deps chromium webkit	2026-10-05T04:56:14.8840865Z Get:173 http://azure.archive.ubuntu.com/ubuntu noble/main amd64 libwoff1 amd64 1.0.2-2build1 [45.3 kB]
verify	Run npx playwright install --with-deps chromium webkit	2026-10-05T04:56:14.9481530Z Get:174 http://azure.archive.ubuntu.com/ubuntu noble/main amd64 libxcb-xkb1 amd64 1.15-1ubuntu2 [32.3 kB]
verify	Run npx playwright install --with-deps chromium webkit	2026-10-05T04:56:15.0120442Z Get:175 http://azure.archive.ubuntu.com/ubuntu noble/main amd64 libxkbcommon-x11-0 amd64 1.6.0-1build1 [14.5 kB]
verify	Run npx playwright install --with-deps chromium webkit	2026-10-05T04:56:15.0764146Z Get:176 http://azure.archive.ubuntu.com/ubuntu noble/universe amd64 libzbar0t64 amd64 0.23.93-4build3 [123 kB]
verify	Run npx playwright install --with-deps chromium webkit	2026-10-05T04:56:15.1422142Z Get:177 http://azure.archive.ubuntu.com/ubuntu noble/universe amd64 libzxing3 amd64 2.2.1-3 [583 kB]
verify	Run npx playwright install --with-deps chromium webkit	2026-10-05T04:56:15.2170946Z Get:178 http://azure.archive.ubuntu.com/ubuntu noble/main amd64 xfonts-encodings all 1:1.0.5-0ubuntu2 [578 kB]
verify	Run npx playwright install --with-deps chromium webkit	2026-10-05T04:56:15.2915382Z Get:179 http://azure.archive.ubuntu.com/ubuntu noble/main amd64 xfonts-utils amd64 1:7.7+6build3 [94.4 kB]
verify	Run npx playwright install --with-deps chromium webkit	2026-10-05T04:56:15.3563913Z Get:180 http://azure.archive.ubuntu.com/ubuntu noble/universe amd64 xfonts-cyrillic all 1:1.0.5+nmu1 [384 kB]
verify	Run npx playwright install --with-deps chromium webkit	2026-10-05T04:56:15.4272695Z Get:181 http://azure.archive.ubuntu.com/ubuntu noble/main amd64 xfonts-scalable all 1:1.0.3-1.3 [304 kB]
verify	Run npx playwright install --with-deps chromium webkit	2026-10-05T04:56:15.4964603Z Get:182 http://azure.archive.ubuntu.com/ubuntu noble/universe amd64 libgstreamer-plugins-bad1.0-0 amd64 1.24.2-1ubuntu4 [797 kB]
verify	Run npx playwright install --with-deps chromium webkit	2026-10-05T04:56:15.5759037Z Get:183 http://azure.archive.ubuntu.com/ubuntu noble/universe amd64 libdca0 amd64 0.0.7-2build1 [93.8 kB]
verify	Run npx playwright install --with-deps chromium webkit	2026-10-05T04:56:15.6409228Z Get:184 http://azure.archive.ubuntu.com/ubuntu noble/universe amd64 libopenal1 amd64 1:1.23.1-4build1 [540 kB]
verify	Run npx playwright install --with-deps chromium webkit	2026-10-05T04:56:15.7150600Z Get:185 http://azure.archive.ubuntu.com/ubuntu noble/main amd64 libsbc1 amd64 2.0-1build1 [33.9 kB]
verify	Run npx playwright install --with-deps chromium webkit	2026-10-05T04:56:15.7792856Z Get:186 http://azure.archive.ubuntu.com/ubuntu noble/universe amd64 libvo-aacenc0 amd64 0.1.3-2build1 [67.8 kB]
verify	Run npx playwright install --with-deps chromium webkit	2026-10-05T04:56:15.8434409Z Get:187 http://azure.archive.ubuntu.com/ubuntu noble/universe amd64 libvo-amrwbenc0 amd64 0.1.3-2build1 [76.7 kB]
verify	Run npx playwright install --with-deps chromium webkit	2026-10-05T04:56:15.9083373Z Get:188 http://azure.archive.ubuntu.com/ubuntu noble/universe amd64 gstreamer1.0-plugins-bad amd64 1.24.2-1ubuntu4 [3081 kB]
verify	Run npx playwright install --with-deps chromium webkit	2026-10-05T04:56:16.4265975Z Fetched 125 MB in 16s (7949 kB/s)
verify	Run npx playwright install --with-deps chromium webkit	2026-10-05T04:56:16.4810202Z Selecting previously unselected package fonts-ipafont-gothic.
verify	Run npx playwright install --with-deps chromium webkit	2026-10-05T04:56:16.5332096Z (Reading database ... 
verify	Run npx playwright install --with-deps chromium webkit	2026-10-05T04:56:16.5332554Z (Reading database ... 5%
verify	Run npx playwright install --with-deps chromium webkit	2026-10-05T04:56:16.5332882Z (Reading database ... 10%
verify	Run npx playwright install --with-deps chromium webkit	2026-10-05T04:56:16.5333098Z (Reading database ... 15%
verify	Run npx playwright install --with-deps chromium webkit	2026-10-05T04:56:16.5333306Z (Reading database ... 20%
verify	Run npx playwright install --with-deps chromium webkit	2026-10-05T04:56:16.5333513Z (Reading database ... 25%
verify	Run npx playwright install --with-deps chromium webkit	2026-10-05T04:56:16.5334292Z (Reading database ... 30%
verify	Run npx playwright install --with-deps chromium webkit	2026-10-05T04:56:16.5334614Z (Reading database ... 35%
verify	Run npx playwright install --with-deps chromium webkit	2026-10-05T04:56:16.5334926Z (Reading database ... 40%
verify	Run npx playwright install --with-deps chromium webkit	2026-10-05T04:56:16.5335214Z (Reading database ... 45%
verify	Run npx playwright install --with-deps chromium webkit	2026-10-05T04:56:16.5335408Z (Reading database ... 50%
verify	Run npx playwright install --with-deps chromium webkit	2026-10-05T04:56:16.5623495Z (Reading database ... 55%
verify	Run npx playwright install --with-deps chromium webkit	2026-10-05T04:56:17.2031586Z (Reading database ... 60%
verify	Run npx playwright install --with-deps chromium webkit	2026-10-05T04:56:17.7329424Z (Reading database ... 65%
verify	Run npx playwright install --with-deps chromium webkit	2026-10-05T04:56:17.9757560Z (Reading database ... 70%
verify	Run npx playwright install --with-deps chromium webkit	2026-10-05T04:56:18.2292498Z (Reading database ... 75%
verify	Run npx playwright install --with-deps chromium webkit	2026-10-05T04:56:18.5552504Z (Reading database ... 80%
verify	Run npx playwright install --with-deps chromium webkit	2026-10-05T04:56:19.0660628Z (Reading database ... 85%
verify	Run npx playwright install --with-deps chromium webkit	2026-10-05T04:56:19.6699727Z (Reading database ... 90%
verify	Run npx playwright install --with-deps chromium webkit	2026-10-05T04:56:20.2880810Z (Reading database ... 95%
verify	Run npx playwright install --with-deps chromium webkit	2026-10-05T04:56:20.2881154Z (Reading database ... 100%
verify	Run npx playwright install --with-deps chromium webkit	2026-10-05T04:56:20.2881517Z (Reading database ... 202296 files and directories currently installed.)
verify	Run npx playwright install --with-deps chromium webkit	2026-10-05T04:56:20.2921096Z Preparing to unpack .../000-fonts-ipafont-gothic_00303-21ubuntu1_all.deb ...
verify	Run npx playwright install --with-deps chromium webkit	2026-10-05T04:56:20.2994987Z Unpacking fonts-ipafont-gothic (00303-21ubuntu1) ...
verify	Run npx playwright install --with-deps chromium webkit	2026-10-05T04:56:20.5233563Z Selecting previously unselected package fonts-freefont-ttf.
verify	Run npx playwright install --with-deps chromium webkit	2026-10-05T04:56:20.5342433Z Preparing to unpack .../001-fonts-freefont-ttf_20211204+svn4273-2_all.deb ...
verify	Run npx playwright install --with-deps chromium webkit	2026-10-05T04:56:20.5350334Z Unpacking fonts-freefont-ttf (20211204+svn4273-2) ...
verify	Run npx playwright install --with-deps chromium webkit	2026-10-05T04:56:20.6240252Z Selecting previously unselected package fonts-tlwg-loma-otf.
verify	Run npx playwright install --with-deps chromium webkit	2026-10-05T04:56:20.6348045Z Preparing to unpack .../002-fonts-tlwg-loma-otf_1%3a0.7.3-1_all.deb ...
verify	Run npx playwright install --with-deps chromium webkit	2026-10-05T04:56:20.6354696Z Unpacking fonts-tlwg-loma-otf (1:0.7.3-1) ...
verify	Run npx playwright install --with-deps chromium webkit	2026-10-05T04:56:20.6562834Z Selecting previously unselected package fonts-unifont.
verify	Run npx playwright install --with-deps chromium webkit	2026-10-05T04:56:20.6662791Z Preparing to unpack .../003-fonts-unifont_1%3a15.1.01-1build1_all.deb ...
verify	Run npx playwright install --with-deps chromium webkit	2026-10-05T04:56:20.6669460Z Unpacking fonts-unifont (1:15.1.01-1build1) ...
verify	Run npx playwright install --with-deps chromium webkit	2026-10-05T04:56:20.8533538Z Selecting previously unselected package fonts-wqy-zenhei.
verify	Run npx playwright install --with-deps chromium webkit	2026-10-05T04:56:20.8641383Z Preparing to unpack .../004-fonts-wqy-zenhei_0.9.45-8_all.deb ...
verify	Run npx playwright install --with-deps chromium webkit	2026-10-05T04:56:20.8721311Z Unpacking fonts-wqy-zenhei (0.9.45-8) ...
verify	Run npx playwright install --with-deps chromium webkit	2026-10-05T04:56:21.3349122Z Selecting previously unselected package libproxy1v5:amd64.
verify	Run npx playwright install --with-deps chromium webkit	2026-10-05T04:56:21.3456270Z Preparing to unpack .../005-libproxy1v5_0.5.4-4build1_amd64.deb ...
verify	Run npx playwright install --with-deps chromium webkit	2026-10-05T04:56:21.3471800Z Unpacking libproxy1v5:amd64 (0.5.4-4build1) ...
verify	Run npx playwright install --with-deps chromium webkit	2026-10-05T04:56:21.3702292Z Selecting previously unselected package glib-networking-common.
verify	Run npx playwright install --with-deps chromium webkit	2026-10-05T04:56:21.3803984Z Preparing to unpack .../006-glib-networking-common_2.80.0-1build1_all.deb ...
verify	Run npx playwright install --with-deps chromium webkit	2026-10-05T04:56:21.3810505Z Unpacking glib-networking-common (2.80.0-1build1) ...
verify	Run npx playwright install --with-deps chromium webkit	2026-10-05T04:56:21.3964248Z Selecting previously unselected package glib-networking-services.
verify	Run npx playwright install --with-deps chromium webkit	2026-10-05T04:56:21.4061680Z Preparing to unpack .../007-glib-networking-services_2.80.0-1build1_amd64.deb ...
verify	Run npx playwright install --with-deps chromium webkit	2026-10-05T04:56:21.4067906Z Unpacking glib-networking-services (2.80.0-1build1) ...
verify	Run npx playwright install --with-deps chromium webkit	2026-10-05T04:56:21.4235047Z Selecting previously unselected package session-migration.
verify	Run npx playwright install --with-deps chromium webkit	2026-10-05T04:56:21.4331834Z Preparing to unpack .../008-session-migration_0.3.9build1_amd64.deb ...
verify	Run npx playwright install --with-deps chromium webkit	2026-10-05T04:56:21.4338894Z Unpacking session-migration (0.3.9build1) ...
verify	Run npx playwright install --with-deps chromium webkit	2026-10-05T04:56:21.4650853Z Selecting previously unselected package gsettings-desktop-schemas.
verify	Run npx playwright install --with-deps chromium webkit	2026-10-05T04:56:21.4753333Z Preparing to unpack .../009-gsettings-desktop-schemas_46.1-0ubuntu1_all.deb ...
verify	Run npx playwright install --with-deps chromium webkit	2026-10-05T04:56:21.4759773Z Unpacking gsettings-desktop-schemas (46.1-0ubuntu1) ...
verify	Run npx playwright install --with-deps chromium webkit	2026-10-05T04:56:21.5227976Z Selecting previously unselected package glib-networking:amd64.
verify	Run npx playwright install --with-deps chromium webkit	2026-10-05T04:56:21.5334383Z Preparing to unpack .../010-glib-networking_2.80.0-1build1_amd64.deb ...
verify	Run npx playwright install --with-deps chromium webkit	2026-10-05T04:56:21.5341419Z Unpacking glib-networking:amd64 (2.80.0-1build1) ...
verify	Run npx playwright install --with-deps chromium webkit	2026-10-05T04:56:21.5524365Z Selecting previously unselected package libva2:amd64.
verify	Run npx playwright install --with-deps chromium webkit	2026-10-05T04:56:21.5630548Z Preparing to unpack .../011-libva2_2.20.0-2ubuntu0.2_amd64.deb ...
verify	Run npx playwright install --with-deps chromium webkit	2026-10-05T04:56:21.5638000Z Unpacking libva2:amd64 (2.20.0-2ubuntu0.2) ...
verify	Run npx playwright install --with-deps chromium webkit	2026-10-05T04:56:21.6160760Z Selecting previously unselected package libva-drm2:amd64.
verify	Run npx playwright install --with-deps chromium webkit	2026-10-05T04:56:21.6269668Z Preparing to unpack .../012-libva-drm2_2.20.0-2ubuntu0.2_amd64.deb ...
verify	Run npx playwright install --with-deps chromium webkit	2026-10-05T04:56:21.6276659Z Unpacking libva-drm2:amd64 (2.20.0-2ubuntu0.2) ...
verify	Run npx playwright install --with-deps chromium webkit	2026-10-05T04:56:21.6443415Z Selecting previously unselected package libva-x11-2:amd64.
verify	Run npx playwright install --with-deps chromium webkit	2026-10-05T04:56:21.6549929Z Preparing to unpack .../013-libva-x11-2_2.20.0-2ubuntu0.2_amd64.deb ...
verify	Run npx playwright install --with-deps chromium webkit	2026-10-05T04:56:21.6556015Z Unpacking libva-x11-2:amd64 (2.20.0-2ubuntu0.2) ...
verify	Run npx playwright install --with-deps chromium webkit	2026-10-05T04:56:21.6771501Z Selecting previously unselected package libvdpau1:amd64.
verify	Run npx playwright install --with-deps chromium webkit	2026-10-05T04:56:21.6876265Z Preparing to unpack .../014-libvdpau1_1.5-2build1_amd64.deb ...
verify	Run npx playwright install --with-deps chromium webkit	2026-10-05T04:56:21.6881826Z Unpacking libvdpau1:amd64 (1.5-2build1) ...
verify	Run npx playwright install --with-deps chromium webkit	2026-10-05T04:56:21.7143792Z Selecting previously unselected package libvpl2.
verify	Run npx playwright install --with-deps chromium webkit	2026-10-05T04:56:21.7251269Z Preparing to unpack .../015-libvpl2_2023.3.0-1build1_amd64.deb ...
verify	Run npx playwright install --with-deps chromium webkit	2026-10-05T04:56:21.7256821Z Unpacking libvpl2 (2023.3.0-1build1) ...
verify	Run npx playwright install --with-deps chromium webkit	2026-10-05T04:56:21.7436413Z Selecting previously unselected package ocl-icd-libopencl1:amd64.
verify	Run npx playwright install --with-deps chromium webkit	2026-10-05T04:56:21.7540022Z Preparing to unpack .../016-ocl-icd-libopencl1_2.3.2-1build1_amd64.deb ...
verify	Run npx playwright install --with-deps chromium webkit	2026-10-05T04:56:21.7546052Z Unpacking ocl-icd-libopencl1:amd64 (2.3.2-1build1) ...
verify	Run npx playwright install --with-deps chromium webkit	2026-10-05T04:56:21.7769870Z Selecting previously unselected package libavutil58:amd64.
verify	Run npx playwright install --with-deps chromium webkit	2026-10-05T04:56:21.7876720Z Preparing to unpack .../017-libavutil58_7%3a6.1.1-3ubuntu5_amd64.deb ...
verify	Run npx playwright install --with-deps chromium webkit	2026-10-05T04:56:21.7881609Z Unpacking libavutil58:amd64 (7:6.1.1-3ubuntu5) ...
verify	Run npx playwright install --with-deps chromium webkit	2026-10-05T04:56:21.8688314Z Selecting previously unselected package libcodec2-1.2:amd64.
verify	Run npx playwright install --with-deps chromium webkit	2026-10-05T04:56:21.8797910Z Preparing to unpack .../018-libcodec2-1.2_1.2.0-2build1_amd64.deb ...
verify	Run npx playwright install --with-deps chromium webkit	2026-10-05T04:56:21.8803662Z Unpacking libcodec2-1.2:amd64 (1.2.0-2build1) ...
verify	Run npx playwright install --with-deps chromium webkit	2026-10-05T04:56:21.9957741Z Selecting previously unselected package libdav1d7:amd64.
verify	Run npx playwright install --with-deps chromium webkit	2026-10-05T04:56:22.0065864Z Preparing to unpack .../019-libdav1d7_1.4.1-1build1_amd64.deb ...
verify	Run npx playwright install --with-deps chromium webkit	2026-10-05T04:56:22.0071848Z Unpacking libdav1d7:amd64 (1.4.1-1build1) ...
verify	Run npx playwright install --with-deps chromium webkit	2026-10-05T04:56:22.0284518Z Selecting previously unselected package libgsm1:amd64.
verify	Run npx playwright install --with-deps chromium webkit	2026-10-05T04:56:22.0391280Z Preparing to unpack .../020-libgsm1_1.0.22-1build1_amd64.deb ...
verify	Run npx playwright install --with-deps chromium webkit	2026-10-05T04:56:22.0650155Z Unpacking libgsm1:amd64 (1.0.22-1build1) ...
verify	Run npx playwright install --with-deps chromium webkit	2026-10-05T04:56:22.0818449Z Selecting previously unselected package libhwy1t64:amd64.
verify	Run npx playwright install --with-deps chromium webkit	2026-10-05T04:56:22.0926105Z Preparing to unpack .../021-libhwy1t64_1.0.7-8.1build1_amd64.deb ...
verify	Run npx playwright install --with-deps chromium webkit	2026-10-05T04:56:22.0951769Z Unpacking libhwy1t64:amd64 (1.0.7-8.1build1) ...
verify	Run npx playwright install --with-deps chromium webkit	2026-10-05T04:56:22.4053740Z Selecting previously unselected package libjxl0.7:amd64.
verify	Run npx playwright install --with-deps chromium webkit	2026-10-05T04:56:22.4166136Z Preparing to unpack .../022-libjxl0.7_0.7.0-10.2ubuntu6.1_amd64.deb ...
verify	Run npx playwright install --with-deps chromium webkit	2026-10-05T04:56:22.6765428Z Unpacking libjxl0.7:amd64 (0.7.0-10.2ubuntu6.1) ...
verify	Run npx playwright install --with-deps chromium webkit	2026-10-05T04:56:22.8275270Z Selecting previously unselected package libmp3lame0:amd64.
verify	Run npx playwright install --with-deps chromium webkit	2026-10-05T04:56:22.8384721Z Preparing to unpack .../023-libmp3lame0_3.100-6build1_amd64.deb ...
verify	Run npx playwright install --with-deps chromium webkit	2026-10-05T04:56:22.8805705Z Unpacking libmp3lame0:amd64 (3.100-6build1) ...
verify	Run npx playwright install --with-deps chromium webkit	2026-10-05T04:56:22.8983014Z Selecting previously unselected package libopus0:amd64.
verify	Run npx playwright install --with-deps chromium webkit	2026-10-05T04:56:22.9090636Z Preparing to unpack .../024-libopus0_1.4-1build1_amd64.deb ...
verify	Run npx playwright install --with-deps chromium webkit	2026-10-05T04:56:22.9097043Z Unpacking libopus0:amd64 (1.4-1build1) ...
verify	Run npx playwright install --with-deps chromium webkit	2026-10-05T04:56:22.9281421Z Selecting previously unselected package librav1e0:amd64.
verify	Run npx playwright install --with-deps chromium webkit	2026-10-05T04:56:22.9392481Z Preparing to unpack .../025-librav1e0_0.7.1-2_amd64.deb ...
verify	Run npx playwright install --with-deps chromium webkit	2026-10-05T04:56:22.9399108Z Unpacking librav1e0:amd64 (0.7.1-2) ...
verify	Run npx playwright install --with-deps chromium webkit	2026-10-05T04:56:22.9890543Z Selecting previously unselected package librsvg2-2:amd64.
verify	Run npx playwright install --with-deps chromium webkit	2026-10-05T04:56:23.0001144Z Preparing to unpack .../026-librsvg2-2_2.58.0+dfsg-1build1_amd64.deb ...
verify	Run npx playwright install --with-deps chromium webkit	2026-10-05T04:56:23.0007383Z Unpacking librsvg2-2:amd64 (2.58.0+dfsg-1build1) ...
verify	Run npx playwright install --with-deps chromium webkit	2026-10-05T04:56:23.0609127Z Selecting previously unselected package libshine3:amd64.
verify	Run npx playwright install --with-deps chromium webkit	2026-10-05T04:56:23.0719165Z Preparing to unpack .../027-libshine3_3.1.1-2build1_amd64.deb ...
verify	Run npx playwright install --with-deps chromium webkit	2026-10-05T04:56:23.0726154Z Unpacking libshine3:amd64 (3.1.1-2build1) ...
verify	Run npx playwright install --with-deps chromium webkit	2026-10-05T04:56:23.1593263Z Selecting previously unselected package libspeex1:amd64.
verify	Run npx playwright install --with-deps chromium webkit	2026-10-05T04:56:23.1704086Z Preparing to unpack .../028-libspeex1_1.2.1-2ubuntu2.24.04.1_amd64.deb ...
verify	Run npx playwright install --with-deps chromium webkit	2026-10-05T04:56:23.1709738Z Unpacking libspeex1:amd64 (1.2.1-2ubuntu2.24.04.1) ...
verify	Run npx playwright install --with-deps chromium webkit	2026-10-05T04:56:23.1877851Z Selecting previously unselected package libsvtav1enc1d1:amd64.
verify	Run npx playwright install --with-deps chromium webkit	2026-10-05T04:56:23.1986952Z Preparing to unpack .../029-libsvtav1enc1d1_1.7.0+dfsg-2build1_amd64.deb ...
verify	Run npx playwright install --with-deps chromium webkit	2026-10-05T04:56:23.2298110Z Unpacking libsvtav1enc1d1:amd64 (1.7.0+dfsg-2build1) ...
verify	Run npx playwright install --with-deps chromium webkit	2026-10-05T04:56:23.3530756Z Selecting previously unselected package libsoxr0:amd64.
verify	Run npx playwright install --with-deps chromium webkit	2026-10-05T04:56:23.3640145Z Preparing to unpack .../030-libsoxr0_0.1.3-4build3_amd64.deb ...
verify	Run npx playwright install --with-deps chromium webkit	2026-10-05T04:56:23.3647347Z Unpacking libsoxr0:amd64 (0.1.3-4build3) ...
verify	Run npx playwright install --with-deps chromium webkit	2026-10-05T04:56:23.4117390Z Selecting previously unselected package libswresample4:amd64.
verify	Run npx playwright install --with-deps chromium webkit	2026-10-05T04:56:23.4228037Z Preparing to unpack .../031-libswresample4_7%3a6.1.1-3ubuntu5_amd64.deb ...
verify	Run npx playwright install --with-deps chromium webkit	2026-10-05T04:56:23.4233836Z Unpacking libswresample4:amd64 (7:6.1.1-3ubuntu5) ...
verify	Run npx playwright install --with-deps chromium webkit	2026-10-05T04:56:23.4409806Z Selecting previously unselected package libtheora0:amd64.
verify	Run npx playwright install --with-deps chromium webkit	2026-10-05T04:56:23.4519477Z Preparing to unpack .../032-libtheora0_1.1.1+dfsg.1-16.1build3_amd64.deb ...
verify	Run npx playwright install --with-deps chromium webkit	2026-10-05T04:56:23.4525881Z Unpacking libtheora0:amd64 (1.1.1+dfsg.1-16.1build3) ...
verify	Run npx playwright install --with-deps chromium webkit	2026-10-05T04:56:23.4922306Z Selecting previously unselected package libtwolame0:amd64.
verify	Run npx playwright install --with-deps chromium webkit	2026-10-05T04:56:23.5032196Z Preparing to unpack .../033-libtwolame0_0.4.0-2build3_amd64.deb ...
verify	Run npx playwright install --with-deps chromium webkit	2026-10-05T04:56:23.5038873Z Unpacking libtwolame0:amd64 (0.4.0-2build3) ...
verify	Run npx playwright install --with-deps chromium webkit	2026-10-05T04:56:23.5210437Z Selecting previously unselected package libvorbisenc2:amd64.
verify	Run npx playwright install --with-deps chromium webkit	2026-10-05T04:56:23.5319666Z Preparing to unpack .../034-libvorbisenc2_1.3.7-1build3_amd64.deb ...
verify	Run npx playwright install --with-deps chromium webkit	2026-10-05T04:56:23.5325940Z Unpacking libvorbisenc2:amd64 (1.3.7-1build3) ...
verify	Run npx playwright install --with-deps chromium webkit	2026-10-05T04:56:23.5509130Z Selecting previously unselected package libvpx9:amd64.
verify	Run npx playwright install --with-deps chromium webkit	2026-10-05T04:56:23.5619573Z Preparing to unpack .../035-libvpx9_1.14.0-1ubuntu2.3_amd64.deb ...
verify	Run npx playwright install --with-deps chromium webkit	2026-10-05T04:56:23.5625995Z Unpacking libvpx9:amd64 (1.14.0-1ubuntu2.3) ...
verify	Run npx playwright install --with-deps chromium webkit	2026-10-05T04:56:23.6898770Z Selecting previously unselected package libx264-164:amd64.
verify	Run npx playwright install --with-deps chromium webkit	2026-10-05T04:56:23.7008436Z Preparing to unpack .../036-libx264-164_2%3a0.164.3108+git31e19f9-1_amd64.deb ...
verify	Run npx playwright install --with-deps chromium webkit	2026-10-05T04:56:23.7015050Z Unpacking libx264-164:amd64 (2:0.164.3108+git31e19f9-1) ...
verify	Run npx playwright install --with-deps chromium webkit	2026-10-05T04:56:23.8056929Z Selecting previously unselected package libx265-199:amd64.
verify	Run npx playwright install --with-deps chromium webkit	2026-10-05T04:56:23.8166172Z Preparing to unpack .../037-libx265-199_3.5-2build1_amd64.deb ...
verify	Run npx playwright install --with-deps chromium webkit	2026-10-05T04:56:23.8172811Z Unpacking libx265-199:amd64 (3.5-2build1) ...
verify	Run npx playwright install --with-deps chromium webkit	2026-10-05T04:56:23.9298769Z Selecting previously unselected package libxvidcore4:amd64.
verify	Run npx playwright install --with-deps chromium webkit	2026-10-05T04:56:23.9407977Z Preparing to unpack .../038-libxvidcore4_2%3a1.3.7-1build1_amd64.deb ...
verify	Run npx playwright install --with-deps chromium webkit	2026-10-05T04:56:23.9414033Z Unpacking libxvidcore4:amd64 (2:1.3.7-1build1) ...
verify	Run npx playwright install --with-deps chromium webkit	2026-10-05T04:56:24.0355707Z Selecting previously unselected package libzvbi-common.
verify	Run npx playwright install --with-deps chromium webkit	2026-10-05T04:56:24.0464430Z Preparing to unpack .../039-libzvbi-common_0.2.42-2_all.deb ...
verify	Run npx playwright install --with-deps chromium webkit	2026-10-05T04:56:24.0470265Z Unpacking libzvbi-common (0.2.42-2) ...
verify	Run npx playwright install --with-deps chromium webkit	2026-10-05T04:56:24.1015736Z Selecting previously unselected package libzvbi0t64:amd64.
verify	Run npx playwright install --with-deps chromium webkit	2026-10-05T04:56:24.1126071Z Preparing to unpack .../040-libzvbi0t64_0.2.42-2_amd64.deb ...
verify	Run npx playwright install --with-deps chromium webkit	2026-10-05T04:56:24.1132319Z Unpacking libzvbi0t64:amd64 (0.2.42-2) ...
verify	Run npx playwright install --with-deps chromium webkit	2026-10-05T04:56:24.1324370Z Selecting previously unselected package libavcodec60:amd64.
verify	Run npx playwright install --with-deps chromium webkit	2026-10-05T04:56:24.1432933Z Preparing to unpack .../041-libavcodec60_7%3a6.1.1-3ubuntu5_amd64.deb ...
verify	Run npx playwright install --with-deps chromium webkit	2026-10-05T04:56:24.1439012Z Unpacking libavcodec60:amd64 (7:6.1.1-3ubuntu5) ...
verify	Run npx playwright install --with-deps chromium webkit	2026-10-05T04:56:24.2807394Z Selecting previously unselected package libunibreak5:amd64.
verify	Run npx playwright install --with-deps chromium webkit	2026-10-05T04:56:24.2919320Z Preparing to unpack .../042-libunibreak5_5.1-2build1_amd64.deb ...
verify	Run npx playwright install --with-deps chromium webkit	2026-10-05T04:56:24.2926318Z Unpacking libunibreak5:amd64 (5.1-2build1) ...
verify	Run npx playwright install --with-deps chromium webkit	2026-10-05T04:56:24.3623159Z Selecting previously unselected package libass9:amd64.
verify	Run npx playwright install --with-deps chromium webkit	2026-10-05T04:56:24.3732187Z Preparing to unpack .../043-libass9_1%3a0.17.1-2build1_amd64.deb ...
verify	Run npx playwright install --with-deps chromium webkit	2026-10-05T04:56:24.3738365Z Unpacking libass9:amd64 (1:0.17.1-2build1) ...
verify	Run npx playwright install --with-deps chromium webkit	2026-10-05T04:56:24.4250397Z Selecting previously unselected package libudfread0:amd64.
verify	Run npx playwright install --with-deps chromium webkit	2026-10-05T04:56:24.4360112Z Preparing to unpack .../044-libudfread0_1.1.2-1build1_amd64.deb ...
verify	Run npx playwright install --with-deps chromium webkit	2026-10-05T04:56:24.4366000Z Unpacking libudfread0:amd64 (1.1.2-1build1) ...
verify	Run npx playwright install --with-deps chromium webkit	2026-10-05T04:56:24.4549830Z Selecting previously unselected package libbluray2:amd64.
verify	Run npx playwright install --with-deps chromium webkit	2026-10-05T04:56:24.4658229Z Preparing to unpack .../045-libbluray2_1%3a1.3.4-1build1_amd64.deb ...
verify	Run npx playwright install --with-deps chromium webkit	2026-10-05T04:56:24.4664821Z Unpacking libbluray2:amd64 (1:1.3.4-1build1) ...
verify	Run npx playwright install --with-deps chromium webkit	2026-10-05T04:56:24.4842428Z Selecting previously unselected package libchromaprint1:amd64.
verify	Run npx playwright install --with-deps chromium webkit	2026-10-05T04:56:24.4950388Z Preparing to unpack .../046-libchromaprint1_1.5.1-5_amd64.deb ...
verify	Run npx playwright install --with-deps chromium webkit	2026-10-05T04:56:24.4956230Z Unpacking libchromaprint1:amd64 (1.5.1-5) ...
verify	Run npx playwright install --with-deps chromium webkit	2026-10-05T04:56:24.5118052Z Selecting previously unselected package libgme0:amd64.
verify	Run npx playwright install --with-deps chromium webkit	2026-10-05T04:56:24.5224106Z Preparing to unpack .../047-libgme0_0.6.3-7build1_amd64.deb ...
verify	Run npx playwright install --with-deps chromium webkit	2026-10-05T04:56:24.5230001Z Unpacking libgme0:amd64 (0.6.3-7build1) ...
verify	Run npx playwright install --with-deps chromium webkit	2026-10-05T04:56:24.5406555Z Selecting previously unselected package libmpg123-0t64:amd64.
verify	Run npx playwright install --with-deps chromium webkit	2026-10-05T04:56:24.5516214Z Preparing to unpack .../048-libmpg123-0t64_1.32.5-1ubuntu1.1_amd64.deb ...
verify	Run npx playwright install --with-deps chromium webkit	2026-10-05T04:56:24.5521864Z Unpacking libmpg123-0t64:amd64 (1.32.5-1ubuntu1.1) ...
verify	Run npx playwright install --with-deps chromium webkit	2026-10-05T04:56:24.5721446Z Selecting previously unselected package libopenmpt0t64:amd64.
verify	Run npx playwright install --with-deps chromium webkit	2026-10-05T04:56:24.5830842Z Preparing to unpack .../049-libopenmpt0t64_0.7.3-1.1build3_amd64.deb ...
verify	Run npx playwright install --with-deps chromium webkit	2026-10-05T04:56:24.5836463Z Unpacking libopenmpt0t64:amd64 (0.7.3-1.1build3) ...
verify	Run npx playwright install --with-deps chromium webkit	2026-10-05T04:56:24.6055487Z Selecting previously unselected package libcjson1:amd64.
verify	Run npx playwright install --with-deps chromium webkit	2026-10-05T04:56:24.6164491Z Preparing to unpack .../050-libcjson1_1.7.17-1_amd64.deb ...
verify	Run npx playwright install --with-deps chromium webkit	2026-10-05T04:56:24.6170891Z Unpacking libcjson1:amd64 (1.7.17-1) ...
verify	Run npx playwright install --with-deps chromium webkit	2026-10-05T04:56:24.6481010Z Selecting previously unselected package libmbedcrypto7t64:amd64.
verify	Run npx playwright install --with-deps chromium webkit	2026-10-05T04:56:24.6589122Z Preparing to unpack .../051-libmbedcrypto7t64_2.28.8-1_amd64.deb ...
verify	Run npx playwright install --with-deps chromium webkit	2026-10-05T04:56:24.6595741Z Unpacking libmbedcrypto7t64:amd64 (2.28.8-1) ...
verify	Run npx playwright install --with-deps chromium webkit	2026-10-05T04:56:24.6783865Z Selecting previously unselected package librist4:amd64.
verify	Run npx playwright install --with-deps chromium webkit	2026-10-05T04:56:24.6893765Z Preparing to unpack .../052-librist4_0.2.10+dfsg-2_amd64.deb ...
verify	Run npx playwright install --with-deps chromium webkit	2026-10-05T04:56:24.6899730Z Unpacking librist4:amd64 (0.2.10+dfsg-2) ...
verify	Run npx playwright install --with-deps chromium webkit	2026-10-05T04:56:24.7258445Z Selecting previously unselected package libsrt1.5-gnutls:amd64.
verify	Run npx playwright install --with-deps chromium webkit	2026-10-05T04:56:24.7384577Z Preparing to unpack .../053-libsrt1.5-gnutls_1.5.3-1build2_amd64.deb ...
verify	Run npx playwright install --with-deps chromium webkit	2026-10-05T04:56:24.7390488Z Unpacking libsrt1.5-gnutls:amd64 (1.5.3-1build2) ...
verify	Run npx playwright install --with-deps chromium webkit	2026-10-05T04:56:24.7916402Z Selecting previously unselected package libssh-gcrypt-4:amd64.
verify	Run npx playwright install --with-deps chromium webkit	2026-10-05T04:56:24.8136123Z Preparing to unpack .../054-libssh-gcrypt-4_0.10.6-2ubuntu0.5_amd64.deb ...
verify	Run npx playwright install --with-deps chromium webkit	2026-10-05T04:56:24.8163403Z Unpacking libssh-gcrypt-4:amd64 (0.10.6-2ubuntu0.5) ...
verify	Run npx playwright install --with-deps chromium webkit	2026-10-05T04:56:24.8453388Z Selecting previously unselected package libavformat60:amd64.
verify	Run npx playwright install --with-deps chromium webkit	2026-10-05T04:56:24.8567844Z Preparing to unpack .../055-libavformat60_7%3a6.1.1-3ubuntu5_amd64.deb ...
verify	Run npx playwright install --with-deps chromium webkit	2026-10-05T04:56:24.8573727Z Unpacking libavformat60:amd64 (7:6.1.1-3ubuntu5) ...
verify	Run npx playwright install --with-deps chromium webkit	2026-10-05T04:56:24.8928594Z Selecting previously unselected package libbs2b0:amd64.
verify	Run npx playwright install --with-deps chromium webkit	2026-10-05T04:56:24.9043157Z Preparing to unpack .../056-libbs2b0_3.1.0+dfsg-7build1_amd64.deb ...
verify	Run npx playwright install --with-deps chromium webkit	2026-10-05T04:56:24.9049161Z Unpacking libbs2b0:amd64 (3.1.0+dfsg-7build1) ...
verify	Run npx playwright install --with-deps chromium webkit	2026-10-05T04:56:24.9243531Z Selecting previously unselected package libflite1:amd64.
verify	Run npx playwright install --with-deps chromium webkit	2026-10-05T04:56:24.9359536Z Preparing to unpack .../057-libflite1_2.2-6build3_amd64.deb ...
verify	Run npx playwright install --with-deps chromium webkit	2026-10-05T04:56:24.9366013Z Unpacking libflite1:amd64 (2.2-6build3) ...
verify	Run npx playwright install --with-deps chromium webkit	2026-10-05T04:56:25.0860594Z Selecting previously unselected package libserd-0-0:amd64.
verify	Run npx playwright install --with-deps chromium webkit	2026-10-05T04:56:25.0970409Z Preparing to unpack .../058-libserd-0-0_0.32.2-1_amd64.deb ...
verify	Run npx playwright install --with-deps chromium webkit	2026-10-05T04:56:25.0976621Z Unpacking libserd-0-0:amd64 (0.32.2-1) ...
verify	Run npx playwright install --with-deps chromium webkit	2026-10-05T04:56:25.1225814Z Selecting previously unselected package libzix-0-0:amd64.
verify	Run npx playwright install --with-deps chromium webkit	2026-10-05T04:56:25.1333211Z Preparing to unpack .../059-libzix-0-0_0.4.2-2build1_amd64.deb ...
verify	Run npx playwright install --with-deps chromium webkit	2026-10-05T04:56:25.1339191Z Unpacking libzix-0-0:amd64 (0.4.2-2build1) ...
verify	Run npx playwright install --with-deps chromium webkit	2026-10-05T04:56:25.1507029Z Selecting previously unselected package libsord-0-0:amd64.
verify	Run npx playwright install --with-deps chromium webkit	2026-10-05T04:56:25.1615470Z Preparing to unpack .../060-libsord-0-0_0.16.16-2build1_amd64.deb ...
verify	Run npx playwright install --with-deps chromium webkit	2026-10-05T04:56:25.1621702Z Unpacking libsord-0-0:amd64 (0.16.16-2build1) ...
verify	Run npx playwright install --with-deps chromium webkit	2026-10-05T04:56:25.1916008Z Selecting previously unselected package libsratom-0-0:amd64.
verify	Run npx playwright install --with-deps chromium webkit	2026-10-05T04:56:25.2024351Z Preparing to unpack .../061-libsratom-0-0_0.6.16-1build1_amd64.deb ...
verify	Run npx playwright install --with-deps chromium webkit	2026-10-05T04:56:25.2030390Z Unpacking libsratom-0-0:amd64 (0.6.16-1build1) ...
verify	Run npx playwright install --with-deps chromium webkit	2026-10-05T04:56:25.2196466Z Selecting previously unselected package liblilv-0-0:amd64.
verify	Run npx playwright install --with-deps chromium webkit	2026-10-05T04:56:25.2305208Z Preparing to unpack .../062-liblilv-0-0_0.24.22-1build1_amd64.deb ...
verify	Run npx playwright install --with-deps chromium webkit	2026-10-05T04:56:25.2311748Z Unpacking liblilv-0-0:amd64 (0.24.22-1build1) ...
verify	Run npx playwright install --with-deps chromium webkit	2026-10-05T04:56:25.2491813Z Selecting previously unselected package libmysofa1:amd64.
verify	Run npx playwright install --with-deps chromium webkit	2026-10-05T04:56:25.2599100Z Preparing to unpack .../063-libmysofa1_1.3.2+dfsg-2ubuntu2_amd64.deb ...
verify	Run npx playwright install --with-deps chromium webkit	2026-10-05T04:56:25.2605275Z Unpacking libmysofa1:amd64 (1.3.2+dfsg-2ubuntu2) ...
verify	Run npx playwright install --with-deps chromium webkit	2026-10-05T04:56:25.2803600Z Selecting previously unselected package libplacebo338:amd64.
verify	Run npx playwright install --with-deps chromium webkit	2026-10-05T04:56:25.2911040Z Preparing to unpack .../064-libplacebo338_6.338.2-2build1_amd64.deb ...
verify	Run npx playwright install --with-deps chromium webkit	2026-10-05T04:56:25.2917545Z Unpacking libplacebo338:amd64 (6.338.2-2build1) ...
verify	Run npx playwright install --with-deps chromium webkit	2026-10-05T04:56:25.3664433Z Selecting previously unselected package libblas3:amd64.
verify	Run npx playwright install --with-deps chromium webkit	2026-10-05T04:56:25.3774663Z Preparing to unpack .../065-libblas3_3.12.0-3build1.1_amd64.deb ...
verify	Run npx playwright install --with-deps chromium webkit	2026-10-05T04:56:25.3798750Z Unpacking libblas3:amd64 (3.12.0-3build1.1) ...
verify	Run npx playwright install --with-deps chromium webkit	2026-10-05T04:56:25.3989733Z Selecting previously unselected package liblapack3:amd64.
verify	Run npx playwright install --with-deps chromium webkit	2026-10-05T04:56:25.4096552Z Preparing to unpack .../066-liblapack3_3.12.0-3build1.1_amd64.deb ...
verify	Run npx playwright install --with-deps chromium webkit	2026-10-05T04:56:25.4121350Z Unpacking liblapack3:amd64 (3.12.0-3build1.1) ...
verify	Run npx playwright install --with-deps chromium webkit	2026-10-05T04:56:25.4759869Z Selecting previously unselected package libasyncns0:amd64.
verify	Run npx playwright install --with-deps chromium webkit	2026-10-05T04:56:25.4868882Z Preparing to unpack .../067-libasyncns0_0.8-6build4_amd64.deb ...
verify	Run npx playwright install --with-deps chromium webkit	2026-10-05T04:56:25.4882936Z Unpacking libasyncns0:amd64 (0.8-6build4) ...
verify	Run npx playwright install --with-deps chromium webkit	2026-10-05T04:56:25.5048703Z Selecting previously unselected package libflac12t64:amd64.
verify	Run npx playwright install --with-deps chromium webkit	2026-10-05T04:56:25.5153199Z Preparing to unpack .../068-libflac12t64_1.4.3+ds-2.1ubuntu2_amd64.deb ...
verify	Run npx playwright install --with-deps chromium webkit	2026-10-05T04:56:25.5158608Z Unpacking libflac12t64:amd64 (1.4.3+ds-2.1ubuntu2) ...
verify	Run npx playwright install --with-deps chromium webkit	2026-10-05T04:56:25.5338887Z Selecting previously unselected package libsndfile1:amd64.
verify	Run npx playwright install --with-deps chromium webkit	2026-10-05T04:56:25.5443718Z Preparing to unpack .../069-libsndfile1_1.2.2-1ubuntu5.24.04.1_amd64.deb ...
verify	Run npx playwright install --with-deps chromium webkit	2026-10-05T04:56:25.5479122Z Unpacking libsndfile1:amd64 (1.2.2-1ubuntu5.24.04.1) ...
verify	Run npx playwright install --with-deps chromium webkit	2026-10-05T04:56:25.5669390Z Selecting previously unselected package libpulse0:amd64.
verify	Run npx playwright install --with-deps chromium webkit	2026-10-05T04:56:25.5776033Z Preparing to unpack .../070-libpulse0_1%3a16.1+dfsg1-2ubuntu10.1_amd64.deb ...
verify	Run npx playwright install --with-deps chromium webkit	2026-10-05T04:56:25.5831854Z Unpacking libpulse0:amd64 (1:16.1+dfsg1-2ubuntu10.1) ...
verify	Run npx playwright install --with-deps chromium webkit	2026-10-05T04:56:25.6043907Z Selecting previously unselected package libsphinxbase3t64:amd64.
verify	Run npx playwright install --with-deps chromium webkit	2026-10-05T04:56:25.6152155Z Preparing to unpack .../071-libsphinxbase3t64_0.8+5prealpha+1-17build2_amd64.deb ...
verify	Run npx playwright install --with-deps chromium webkit	2026-10-05T04:56:25.6157875Z Unpacking libsphinxbase3t64:amd64 (0.8+5prealpha+1-17build2) ...
verify	Run npx playwright install --with-deps chromium webkit	2026-10-05T04:56:25.6333445Z Selecting previously unselected package libpocketsphinx3:amd64.
verify	Run npx playwright install --with-deps chromium webkit	2026-10-05T04:56:25.6440191Z Preparing to unpack .../072-libpocketsphinx3_0.8.0+real5prealpha+1-15ubuntu5_amd64.deb ...
verify	Run npx playwright install --with-deps chromium webkit	2026-10-05T04:56:25.6446426Z Unpacking libpocketsphinx3:amd64 (0.8.0+real5prealpha+1-15ubuntu5) ...
verify	Run npx playwright install --with-deps chromium webkit	2026-10-05T04:56:25.6619585Z Selecting previously unselected package libpostproc57:amd64.
verify	Run npx playwright install --with-deps chromium webkit	2026-10-05T04:56:25.6725973Z Preparing to unpack .../073-libpostproc57_7%3a6.1.1-3ubuntu5_amd64.deb ...
verify	Run npx playwright install --with-deps chromium webkit	2026-10-05T04:56:25.6731749Z Unpacking libpostproc57:amd64 (7:6.1.1-3ubuntu5) ...
verify	Run npx playwright install --with-deps chromium webkit	2026-10-05T04:56:25.6915357Z Selecting previously unselected package libsamplerate0:amd64.
verify	Run npx playwright install --with-deps chromium webkit	2026-10-05T04:56:25.7020263Z Preparing to unpack .../074-libsamplerate0_0.2.2-4build1_amd64.deb ...
verify	Run npx playwright install --with-deps chromium webkit	2026-10-05T04:56:25.7026113Z Unpacking libsamplerate0:amd64 (0.2.2-4build1) ...
verify	Run npx playwright install --with-deps chromium webkit	2026-10-05T04:56:25.7242045Z Selecting previously unselected package librubberband2:amd64.
verify	Run npx playwright install --with-deps chromium webkit	2026-10-05T04:56:25.7349107Z Preparing to unpack .../075-librubberband2_3.3.0+dfsg-2build1_amd64.deb ...
verify	Run npx playwright install --with-deps chromium webkit	2026-10-05T04:56:25.7378375Z Unpacking librubberband2:amd64 (3.3.0+dfsg-2build1) ...
verify	Run npx playwright install --with-deps chromium webkit	2026-10-05T04:56:25.7745248Z Selecting previously unselected package libswscale7:amd64.
verify	Run npx playwright install --with-deps chromium webkit	2026-10-05T04:56:25.7853623Z Preparing to unpack .../076-libswscale7_7%3a6.1.1-3ubuntu5_amd64.deb ...
verify	Run npx playwright install --with-deps chromium webkit	2026-10-05T04:56:25.7859829Z Unpacking libswscale7:amd64 (7:6.1.1-3ubuntu5) ...
verify	Run npx playwright install --with-deps chromium webkit	2026-10-05T04:56:25.8045620Z Selecting previously unselected package libvidstab1.1:amd64.
verify	Run npx playwright install --with-deps chromium webkit	2026-10-05T04:56:25.8155142Z Preparing to unpack .../077-libvidstab1.1_1.1.0-2build1_amd64.deb ...
verify	Run npx playwright install --with-deps chromium webkit	2026-10-05T04:56:25.8161225Z Unpacking libvidstab1.1:amd64 (1.1.0-2build1) ...
verify	Run npx playwright install --with-deps chromium webkit	2026-10-05T04:56:25.8328197Z Selecting previously unselected package libzimg2:amd64.
verify	Run npx playwright install --with-deps chromium webkit	2026-10-05T04:56:25.8434965Z Preparing to unpack .../078-libzimg2_3.0.5+ds1-1build1_amd64.deb ...
verify	Run npx playwright install --with-deps chromium webkit	2026-10-05T04:56:25.8440622Z Unpacking libzimg2:amd64 (3.0.5+ds1-1build1) ...
verify	Run npx playwright install --with-deps chromium webkit	2026-10-05T04:56:25.8629992Z Selecting previously unselected package libavfilter9:amd64.
verify	Run npx playwright install --with-deps chromium webkit	2026-10-05T04:56:25.8736219Z Preparing to unpack .../079-libavfilter9_7%3a6.1.1-3ubuntu5_amd64.deb ...
verify	Run npx playwright install --with-deps chromium webkit	2026-10-05T04:56:25.8742139Z Unpacking libavfilter9:amd64 (7:6.1.1-3ubuntu5) ...
verify	Run npx playwright install --with-deps chromium webkit	2026-10-05T04:56:25.9849679Z Selecting previously unselected package liborc-0.4-0t64:amd64.
verify	Run npx playwright install --with-deps chromium webkit	2026-10-05T04:56:25.9959053Z Preparing to unpack .../080-liborc-0.4-0t64_1%3a0.4.38-1ubuntu0.1_amd64.deb ...
verify	Run npx playwright install --with-deps chromium webkit	2026-10-05T04:56:25.9965931Z Unpacking liborc-0.4-0t64:amd64 (1:0.4.38-1ubuntu0.1) ...
verify	Run npx playwright install --with-deps chromium webkit	2026-10-05T04:56:26.0250352Z Selecting previously unselected package libgstreamer-plugins-base1.0-0:amd64.
verify	Run npx playwright install --with-deps chromium webkit	2026-10-05T04:56:26.0360577Z Preparing to unpack .../081-libgstreamer-plugins-base1.0-0_1.24.2-1ubuntu0.5_amd64.deb ...
verify	Run npx playwright install --with-deps chromium webkit	2026-10-05T04:56:26.0366865Z Unpacking libgstreamer-plugins-base1.0-0:amd64 (1.24.2-1ubuntu0.5) ...
verify	Run npx playwright install --with-deps chromium webkit	2026-10-05T04:56:26.1020855Z Selecting previously unselected package gstreamer1.0-libav:amd64.
verify	Run npx playwright install --with-deps chromium webkit	2026-10-05T04:56:26.1130157Z Preparing to unpack .../082-gstreamer1.0-libav_1.24.1-1build1_amd64.deb ...
verify	Run npx playwright install --with-deps chromium webkit	2026-10-05T04:56:26.1137141Z Unpacking gstreamer1.0-libav:amd64 (1.24.1-1build1) ...
verify	Run npx playwright install --with-deps chromium webkit	2026-10-05T04:56:26.1311278Z Selecting previously unselected package libcdparanoia0:amd64.
verify	Run npx playwright install --with-deps chromium webkit	2026-10-05T04:56:26.1412837Z Preparing to unpack .../083-libcdparanoia0_3.10.2+debian-14build3_amd64.deb ...
verify	Run npx playwright install --with-deps chromium webkit	2026-10-05T04:56:26.1418760Z Unpacking libcdparanoia0:amd64 (3.10.2+debian-14build3) ...
verify	Run npx playwright install --with-deps chromium webkit	2026-10-05T04:56:26.1602083Z Selecting previously unselected package libvisual-0.4-0:amd64.
verify	Run npx playwright install --with-deps chromium webkit	2026-10-05T04:56:26.1704776Z Preparing to unpack .../084-libvisual-0.4-0_0.4.2-2build1_amd64.deb ...
verify	Run npx playwright install --with-deps chromium webkit	2026-10-05T04:56:26.1711136Z Unpacking libvisual-0.4-0:amd64 (0.4.2-2build1) ...
verify	Run npx playwright install --with-deps chromium webkit	2026-10-05T04:56:26.1891813Z Selecting previously unselected package gstreamer1.0-plugins-base:amd64.
verify	Run npx playwright install --with-deps chromium webkit	2026-10-05T04:56:26.1995338Z Preparing to unpack .../085-gstreamer1.0-plugins-base_1.24.2-1ubuntu0.5_amd64.deb ...
verify	Run npx playwright install --with-deps chromium webkit	2026-10-05T04:56:26.2001272Z Unpacking gstreamer1.0-plugins-base:amd64 (1.24.2-1ubuntu0.5) ...
verify	Run npx playwright install --with-deps chromium webkit	2026-10-05T04:56:26.2276290Z Selecting previously unselected package libaa1:amd64.
verify	Run npx playwright install --with-deps chromium webkit	2026-10-05T04:56:26.2382622Z Preparing to unpack .../086-libaa1_1.4p5-51.1_amd64.deb ...
verify	Run npx playwright install --with-deps chromium webkit	2026-10-05T04:56:26.2388375Z Unpacking libaa1:amd64 (1.4p5-51.1) ...
verify	Run npx playwright install --with-deps chromium webkit	2026-10-05T04:56:26.2558393Z Selecting previously unselected package libraw1394-11:amd64.
verify	Run npx playwright install --with-deps chromium webkit	2026-10-05T04:56:26.2665366Z Preparing to unpack .../087-libraw1394-11_2.1.2-2build3_amd64.deb ...
verify	Run npx playwright install --with-deps chromium webkit	2026-10-05T04:56:26.2673706Z Unpacking libraw1394-11:amd64 (2.1.2-2build3) ...
verify	Run npx playwright install --with-deps chromium webkit	2026-10-05T04:56:26.2837351Z Selecting previously unselected package libavc1394-0:amd64.
verify	Run npx playwright install --with-deps chromium webkit	2026-10-05T04:56:26.2942028Z Preparing to unpack .../088-libavc1394-0_0.5.4-5build3_amd64.deb ...
verify	Run npx playwright install --with-deps chromium webkit	2026-10-05T04:56:26.2948250Z Unpacking libavc1394-0:amd64 (0.5.4-5build3) ...
verify	Run npx playwright install --with-deps chromium webkit	2026-10-05T04:56:26.3113775Z Selecting previously unselected package libcaca0:amd64.
verify	Run npx playwright install --with-deps chromium webkit	2026-10-05T04:56:26.3219638Z Preparing to unpack .../089-libcaca0_0.99.beta20-4ubuntu0.2_amd64.deb ...
verify	Run npx playwright install --with-deps chromium webkit	2026-10-05T04:56:26.3225048Z Unpacking libcaca0:amd64 (0.99.beta20-4ubuntu0.2) ...
verify	Run npx playwright install --with-deps chromium webkit	2026-10-05T04:56:26.3451793Z Selecting previously unselected package libdv4t64:amd64.
verify	Run npx playwright install --with-deps chromium webkit	2026-10-05T04:56:26.3560573Z Preparing to unpack .../090-libdv4t64_1.0.0-17.1build1_amd64.deb ...
verify	Run npx playwright install --with-deps chromium webkit	2026-10-05T04:56:26.3570760Z Unpacking libdv4t64:amd64 (1.0.0-17.1build1) ...
verify	Run npx playwright install --with-deps chromium webkit	2026-10-05T04:56:26.3754538Z Selecting previously unselected package libgstreamer-plugins-good1.0-0:amd64.
verify	Run npx playwright install --with-deps chromium webkit	2026-10-05T04:56:26.3860988Z Preparing to unpack .../091-libgstreamer-plugins-good1.0-0_1.24.2-1ubuntu1.8_amd64.deb ...
verify	Run npx playwright install --with-deps chromium webkit	2026-10-05T04:56:26.3870462Z Unpacking libgstreamer-plugins-good1.0-0:amd64 (1.24.2-1ubuntu1.8) ...
verify	Run npx playwright install --with-deps chromium webkit	2026-10-05T04:56:26.4057432Z Selecting previously unselected package libiec61883-0:amd64.
verify	Run npx playwright install --with-deps chromium webkit	2026-10-05T04:56:26.4163519Z Preparing to unpack .../092-libiec61883-0_1.2.0-6build1_amd64.deb ...
verify	Run npx playwright install --with-deps chromium webkit	2026-10-05T04:56:26.4169857Z Unpacking libiec61883-0:amd64 (1.2.0-6build1) ...
verify	Run npx playwright install --with-deps chromium webkit	2026-10-05T04:56:26.4338958Z Selecting previously unselected package libshout3:amd64.
verify	Run npx playwright install --with-deps chromium webkit	2026-10-05T04:56:26.4445028Z Preparing to unpack .../093-libshout3_2.4.6-1build2_amd64.deb ...
verify	Run npx playwright install --with-deps chromium webkit	2026-10-05T04:56:26.4451756Z Unpacking libshout3:amd64 (2.4.6-1build2) ...
verify	Run npx playwright install --with-deps chromium webkit	2026-10-05T04:56:26.4631881Z Selecting previously unselected package libtag1v5-vanilla:amd64.
verify	Run npx playwright install --with-deps chromium webkit	2026-10-05T04:56:26.4736489Z Preparing to unpack .../094-libtag1v5-vanilla_1.13.1-1build1_amd64.deb ...
verify	Run npx playwright install --with-deps chromium webkit	2026-10-05T04:56:26.4741985Z Unpacking libtag1v5-vanilla:amd64 (1.13.1-1build1) ...
verify	Run npx playwright install --with-deps chromium webkit	2026-10-05T04:56:26.4944213Z Selecting previously unselected package libtag1v5:amd64.
verify	Run npx playwright install --with-deps chromium webkit	2026-10-05T04:56:26.5049223Z Preparing to unpack .../095-libtag1v5_1.13.1-1build1_amd64.deb ...
verify	Run npx playwright install --with-deps chromium webkit	2026-10-05T04:56:26.5055046Z Unpacking libtag1v5:amd64 (1.13.1-1build1) ...
verify	Run npx playwright install --with-deps chromium webkit	2026-10-05T04:56:26.5239696Z Selecting previously unselected package libv4lconvert0t64:amd64.
verify	Run npx playwright install --with-deps chromium webkit	2026-10-05T04:56:26.5343529Z Preparing to unpack .../096-libv4lconvert0t64_1.26.1-4build3_amd64.deb ...
verify	Run npx playwright install --with-deps chromium webkit	2026-10-05T04:56:26.5349780Z Unpacking libv4lconvert0t64:amd64 (1.26.1-4build3) ...
verify	Run npx playwright install --with-deps chromium webkit	2026-10-05T04:56:26.5700042Z Selecting previously unselected package libv4l-0t64:amd64.
verify	Run npx playwright install --with-deps chromium webkit	2026-10-05T04:56:26.5805043Z Preparing to unpack .../097-libv4l-0t64_1.26.1-4build3_amd64.deb ...
verify	Run npx playwright install --with-deps chromium webkit	2026-10-05T04:56:26.5811228Z Unpacking libv4l-0t64:amd64 (1.26.1-4build3) ...
verify	Run npx playwright install --with-deps chromium webkit	2026-10-05T04:56:26.5997313Z Selecting previously unselected package libwavpack1:amd64.
verify	Run npx playwright install --with-deps chromium webkit	2026-10-05T04:56:26.6102867Z Preparing to unpack .../098-libwavpack1_5.6.0-1build1_amd64.deb ...
verify	Run npx playwright install --with-deps chromium webkit	2026-10-05T04:56:26.6109325Z Unpacking libwavpack1:amd64 (5.6.0-1build1) ...
verify	Run npx playwright install --with-deps chromium webkit	2026-10-05T04:56:26.6273929Z Selecting previously unselected package libsoup-3.0-common.
verify	Run npx playwright install --with-deps chromium webkit	2026-10-05T04:56:26.6376930Z Preparing to unpack .../099-libsoup-3.0-common_3.4.4-5ubuntu0.8_all.deb ...
verify	Run npx playwright install --with-deps chromium webkit	2026-10-05T04:56:26.6389329Z Unpacking libsoup-3.0-common (3.4.4-5ubuntu0.8) ...
verify	Run npx playwright install --with-deps chromium webkit	2026-10-05T04:56:26.6549862Z Selecting previously unselected package libsoup-3.0-0:amd64.
verify	Run npx playwright install --with-deps chromium webkit	2026-10-05T04:56:26.6652970Z Preparing to unpack .../100-libsoup-3.0-0_3.4.4-5ubuntu0.8_amd64.deb ...
verify	Run npx playwright install --with-deps chromium webkit	2026-10-05T04:56:26.6658805Z Unpacking libsoup-3.0-0:amd64 (3.4.4-5ubuntu0.8) ...
verify	Run npx playwright install --with-deps chromium webkit	2026-10-05T04:56:26.6850939Z Selecting previously unselected package gstreamer1.0-plugins-good:amd64.
verify	Run npx playwright install --with-deps chromium webkit	2026-10-05T04:56:26.6956266Z Preparing to unpack .../101-gstreamer1.0-plugins-good_1.24.2-1ubuntu1.8_amd64.deb ...
verify	Run npx playwright install --with-deps chromium webkit	2026-10-05T04:56:26.6962420Z Unpacking gstreamer1.0-plugins-good:amd64 (1.24.2-1ubuntu1.8) ...
verify	Run npx playwright install --with-deps chromium webkit	2026-10-05T04:56:26.7532782Z Selecting previously unselected package libabsl20220623t64:amd64.
verify	Run npx playwright install --with-deps chromium webkit	2026-10-05T04:56:26.7641380Z Preparing to unpack .../102-libabsl20220623t64_20220623.1-3.1ubuntu3.2_amd64.deb ...
verify	Run npx playwright install --with-deps chromium webkit	2026-10-05T04:56:26.7647490Z Unpacking libabsl20220623t64:amd64 (20220623.1-3.1ubuntu3.2) ...
verify	Run npx playwright install --with-deps chromium webkit	2026-10-05T04:56:26.7984878Z Selecting previously unselected package libgav1-1:amd64.
verify	Run npx playwright install --with-deps chromium webkit	2026-10-05T04:56:26.8092809Z Preparing to unpack .../103-libgav1-1_0.18.0-1build3_amd64.deb ...
verify	Run npx playwright install --with-deps chromium webkit	2026-10-05T04:56:26.8098483Z Unpacking libgav1-1:amd64 (0.18.0-1build3) ...
verify	Run npx playwright install --with-deps chromium webkit	2026-10-05T04:56:26.8291029Z Selecting previously unselected package libyuv0:amd64.
verify	Run npx playwright install --with-deps chromium webkit	2026-10-05T04:56:26.8397454Z Preparing to unpack .../104-libyuv0_0.0~git202401110.af6ac82-1_amd64.deb ...
verify	Run npx playwright install --with-deps chromium webkit	2026-10-05T04:56:26.8405368Z Unpacking libyuv0:amd64 (0.0~git202401110.af6ac82-1) ...
verify	Run npx playwright install --with-deps chromium webkit	2026-10-05T04:56:26.8589989Z Selecting previously unselected package libavif16:amd64.
verify	Run npx playwright install --with-deps chromium webkit	2026-10-05T04:56:26.8695810Z Preparing to unpack .../105-libavif16_1.0.4-1ubuntu3_amd64.deb ...
verify	Run npx playwright install --with-deps chromium webkit	2026-10-05T04:56:26.8702023Z Unpacking libavif16:amd64 (1.0.4-1ubuntu3) ...
verify	Run npx playwright install --with-deps chromium webkit	2026-10-05T04:56:26.8867958Z Selecting previously unselected package libavtp0:amd64.
verify	Run npx playwright install --with-deps chromium webkit	2026-10-05T04:56:26.8972353Z Preparing to unpack .../106-libavtp0_0.2.0-1build1_amd64.deb ...
verify	Run npx playwright install --with-deps chromium webkit	2026-10-05T04:56:26.8980450Z Unpacking libavtp0:amd64 (0.2.0-1build1) ...
verify	Run npx playwright install --with-deps chromium webkit	2026-10-05T04:56:26.9144491Z Selecting previously unselected package libcairo-script-interpreter2:amd64.
verify	Run npx playwright install --with-deps chromium webkit	2026-10-05T04:56:26.9249125Z Preparing to unpack .../107-libcairo-script-interpreter2_1.18.0-3build1_amd64.deb ...
verify	Run npx playwright install --with-deps chromium webkit	2026-10-05T04:56:26.9259031Z Unpacking libcairo-script-interpreter2:amd64 (1.18.0-3build1) ...
verify	Run npx playwright install --with-deps chromium webkit	2026-10-05T04:56:26.9432070Z Selecting previously unselected package libdc1394-25:amd64.
verify	Run npx playwright install --with-deps chromium webkit	2026-10-05T04:56:26.9536155Z Preparing to unpack .../108-libdc1394-25_2.2.6-4build1_amd64.deb ...
verify	Run npx playwright install --with-deps chromium webkit	2026-10-05T04:56:26.9542539Z Unpacking libdc1394-25:amd64 (2.2.6-4build1) ...
verify	Run npx playwright install --with-deps chromium webkit	2026-10-05T04:56:26.9775214Z Selecting previously unselected package libde265-0:amd64.
verify	Run npx playwright install --with-deps chromium webkit	2026-10-05T04:56:26.9878843Z Preparing to unpack .../109-libde265-0_1.0.15-1ubuntu0.1_amd64.deb ...
verify	Run npx playwright install --with-deps chromium webkit	2026-10-05T04:56:26.9885224Z Unpacking libde265-0:amd64 (1.0.15-1ubuntu0.1) ...
verify	Run npx playwright install --with-deps chromium webkit	2026-10-05T04:56:27.0231140Z Selecting previously unselected package libdecor-0-0:amd64.
verify	Run npx playwright install --with-deps chromium webkit	2026-10-05T04:56:27.0339239Z Preparing to unpack .../110-libdecor-0-0_0.2.2-1build2_amd64.deb ...
verify	Run npx playwright install --with-deps chromium webkit	2026-10-05T04:56:27.0345378Z Unpacking libdecor-0-0:amd64 (0.2.2-1build2) ...
verify	Run npx playwright install --with-deps chromium webkit	2026-10-05T04:56:27.0603547Z Selecting previously unselected package libgles2:amd64.
verify	Run npx playwright install --with-deps chromium webkit	2026-10-05T04:56:27.0707343Z Preparing to unpack .../111-libgles2_1.7.0-1build1_amd64.deb ...
verify	Run npx playwright install --with-deps chromium webkit	2026-10-05T04:56:27.0713299Z Unpacking libgles2:amd64 (1.7.0-1build1) ...
verify	Run npx playwright install --with-deps chromium webkit	2026-10-05T04:56:27.0882017Z Selecting previously unselected package libdirectfb-1.7-7t64:amd64.
verify	Run npx playwright install --with-deps chromium webkit	2026-10-05T04:56:27.0987512Z Preparing to unpack .../112-libdirectfb-1.7-7t64_1.7.7-11.1ubuntu2_amd64.deb ...
verify	Run npx playwright install --with-deps chromium webkit	2026-10-05T04:56:27.0993494Z Unpacking libdirectfb-1.7-7t64:amd64 (1.7.7-11.1ubuntu2) ...
verify	Run npx playwright install --with-deps chromium webkit	2026-10-05T04:56:27.1409565Z Selecting previously unselected package libdvdread8t64:amd64.
verify	Run npx playwright install --with-deps chromium webkit	2026-10-05T04:56:27.1518174Z Preparing to unpack .../113-libdvdread8t64_6.1.3-1.1build1_amd64.deb ...
verify	Run npx playwright install --with-deps chromium webkit	2026-10-05T04:56:27.1524008Z Unpacking libdvdread8t64:amd64 (6.1.3-1.1build1) ...
verify	Run npx playwright install --with-deps chromium webkit	2026-10-05T04:56:27.1701129Z Selecting previously unselected package libdvdnav4:amd64.
verify	Run npx playwright install --with-deps chromium webkit	2026-10-05T04:56:27.1807815Z Preparing to unpack .../114-libdvdnav4_6.1.1-3build1_amd64.deb ...
verify	Run npx playwright install --with-deps chromium webkit	2026-10-05T04:56:27.1816264Z Unpacking libdvdnav4:amd64 (6.1.1-3build1) ...
verify	Run npx playwright install --with-deps chromium webkit	2026-10-05T04:56:27.2092694Z Preparing to unpack .../115-libgl1-mesa-dri_25.2.8-0ubuntu0.24.04.4_amd64.deb ...
verify	Run npx playwright install --with-deps chromium webkit	2026-10-05T04:56:27.2211548Z Unpacking libgl1-mesa-dri:amd64 (25.2.8-0ubuntu0.24.04.4) over (25.2.8-0ubuntu0.24.04.2) ...
verify	Run npx playwright install --with-deps chromium webkit	2026-10-05T04:56:27.2723879Z Preparing to unpack .../116-libglx-mesa0_25.2.8-0ubuntu0.24.04.4_amd64.deb ...
verify	Run npx playwright install --with-deps chromium webkit	2026-10-05T04:56:27.2743365Z Unpacking libglx-mesa0:amd64 (25.2.8-0ubuntu0.24.04.4) over (25.2.8-0ubuntu0.24.04.2) ...
verify	Run npx playwright install --with-deps chromium webkit	2026-10-05T04:56:27.3091128Z Preparing to unpack .../117-libgbm1_25.2.8-0ubuntu0.24.04.4_amd64.deb ...
verify	Run npx playwright install --with-deps chromium webkit	2026-10-05T04:56:27.3152933Z Unpacking libgbm1:amd64 (25.2.8-0ubuntu0.24.04.4) over (25.2.8-0ubuntu0.24.04.2) ...
verify	Run npx playwright install --with-deps chromium webkit	2026-10-05T04:56:27.3470919Z Preparing to unpack .../118-mesa-libgallium_25.2.8-0ubuntu0.24.04.4_amd64.deb ...
verify	Run npx playwright install --with-deps chromium webkit	2026-10-05T04:56:27.3489756Z Unpacking mesa-libgallium:amd64 (25.2.8-0ubuntu0.24.04.4) over (25.2.8-0ubuntu0.24.04.2) ...
verify	Run npx playwright install --with-deps chromium webkit	2026-10-05T04:56:27.6819709Z Selecting previously unselected package libegl-mesa0:amd64.
verify	Run npx playwright install --with-deps chromium webkit	2026-10-05T04:56:27.6929989Z Preparing to unpack .../119-libegl-mesa0_25.2.8-0ubuntu0.24.04.4_amd64.deb ...
verify	Run npx playwright install --with-deps chromium webkit	2026-10-05T04:56:27.6935920Z Unpacking libegl-mesa0:amd64 (25.2.8-0ubuntu0.24.04.4) ...
verify	Run npx playwright install --with-deps chromium webkit	2026-10-05T04:56:27.7118503Z Selecting previously unselected package libevent-2.1-7t64:amd64.
verify	Run npx playwright install --with-deps chromium webkit	2026-10-05T04:56:27.7223312Z Preparing to unpack .../120-libevent-2.1-7t64_2.1.12-stable-9ubuntu2.2_amd64.deb ...
verify	Run npx playwright install --with-deps chromium webkit	2026-10-05T04:56:27.7228895Z Unpacking libevent-2.1-7t64:amd64 (2.1.12-stable-9ubuntu2.2) ...
verify	Run npx playwright install --with-deps chromium webkit	2026-10-05T04:56:27.7759157Z Preparing to unpack .../121-libevent-pthreads-2.1-7t64_2.1.12-stable-9ubuntu2.2_amd64.deb ...
verify	Run npx playwright install --with-deps chromium webkit	2026-10-05T04:56:27.7823434Z Unpacking libevent-pthreads-2.1-7t64:amd64 (2.1.12-stable-9ubuntu2.2) over (2.1.12-stable-9ubuntu2.1) ...
verify	Run npx playwright install --with-deps chromium webkit	2026-10-05T04:56:27.8123381Z Preparing to unpack .../122-libevent-core-2.1-7t64_2.1.12-stable-9ubuntu2.2_amd64.deb ...
verify	Run npx playwright install --with-deps chromium webkit	2026-10-05T04:56:27.8201303Z Unpacking libevent-core-2.1-7t64:amd64 (2.1.12-stable-9ubuntu2.2) over (2.1.12-stable-9ubuntu2.1) ...
verify	Run npx playwright install --with-deps chromium webkit	2026-10-05T04:56:27.8391806Z Selecting previously unselected package libfaad2:amd64.
verify	Run npx playwright install --with-deps chromium webkit	2026-10-05T04:56:27.8499211Z Preparing to unpack .../123-libfaad2_2.11.1-1build1_amd64.deb ...
verify	Run npx playwright install --with-deps chromium webkit	2026-10-05T04:56:27.8505184Z Unpacking libfaad2:amd64 (2.11.1-1build1) ...
verify	Run npx playwright install --with-deps chromium webkit	2026-10-05T04:56:27.8692732Z Selecting previously unselected package libinstpatch-1.0-2:amd64.
verify	Run npx playwright install --with-deps chromium webkit	2026-10-05T04:56:27.8797942Z Preparing to unpack .../124-libinstpatch-1.0-2_1.1.6-1build2_amd64.deb ...
verify	Run npx playwright install --with-deps chromium webkit	2026-10-05T04:56:27.8803586Z Unpacking libinstpatch-1.0-2:amd64 (1.1.6-1build2) ...
verify	Run npx playwright install --with-deps chromium webkit	2026-10-05T04:56:27.8989674Z Selecting previously unselected package libjack-jackd2-0:amd64.
verify	Run npx playwright install --with-deps chromium webkit	2026-10-05T04:56:27.9095694Z Preparing to unpack .../125-libjack-jackd2-0_1.9.21~dfsg-3ubuntu3_amd64.deb ...
verify	Run npx playwright install --with-deps chromium webkit	2026-10-05T04:56:27.9101630Z Unpacking libjack-jackd2-0:amd64 (1.9.21~dfsg-3ubuntu3) ...
verify	Run npx playwright install --with-deps chromium webkit	2026-10-05T04:56:27.9297441Z Selecting previously unselected package libwebrtc-audio-processing1:amd64.
verify	Run npx playwright install --with-deps chromium webkit	2026-10-05T04:56:27.9403773Z Preparing to unpack .../126-libwebrtc-audio-processing1_0.3.1-0ubuntu6_amd64.deb ...
verify	Run npx playwright install --with-deps chromium webkit	2026-10-05T04:56:27.9409446Z Unpacking libwebrtc-audio-processing1:amd64 (0.3.1-0ubuntu6) ...
verify	Run npx playwright install --with-deps chromium webkit	2026-10-05T04:56:27.9589077Z Selecting previously unselected package libspa-0.2-modules:amd64.
verify	Run npx playwright install --with-deps chromium webkit	2026-10-05T04:56:27.9695088Z Preparing to unpack .../127-libspa-0.2-modules_1.0.5-1ubuntu3.3_amd64.deb ...
verify	Run npx playwright install --with-deps chromium webkit	2026-10-05T04:56:27.9700879Z Unpacking libspa-0.2-modules:amd64 (1.0.5-1ubuntu3.3) ...
verify	Run npx playwright install --with-deps chromium webkit	2026-10-05T04:56:27.9994688Z Selecting previously unselected package libpipewire-0.3-0t64:amd64.
verify	Run npx playwright install --with-deps chromium webkit	2026-10-05T04:56:28.0101493Z Preparing to unpack .../128-libpipewire-0.3-0t64_1.0.5-1ubuntu3.3_amd64.deb ...
verify	Run npx playwright install --with-deps chromium webkit	2026-10-05T04:56:28.0107611Z Unpacking libpipewire-0.3-0t64:amd64 (1.0.5-1ubuntu3.3) ...
verify	Run npx playwright install --with-deps chromium webkit	2026-10-05T04:56:28.0304423Z Selecting previously unselected package libsdl2-2.0-0:amd64.
verify	Run npx playwright install --with-deps chromium webkit	2026-10-05T04:56:28.0421995Z Preparing to unpack .../129-libsdl2-2.0-0_2.30.0+dfsg-1ubuntu3.1_amd64.deb ...
verify	Run npx playwright install --with-deps chromium webkit	2026-10-05T04:56:28.0428252Z Unpacking libsdl2-2.0-0:amd64 (2.30.0+dfsg-1ubuntu3.1) ...
verify	Run npx playwright install --with-deps chromium webkit	2026-10-05T04:56:28.0981721Z Selecting previously unselected package timgm6mb-soundfont.
verify	Run npx playwright install --with-deps chromium webkit	2026-10-05T04:56:28.1091231Z Preparing to unpack .../130-timgm6mb-soundfont_1.3-5_all.deb ...
verify	Run npx playwright install --with-deps chromium webkit	2026-10-05T04:56:28.1097011Z Unpacking timgm6mb-soundfont (1.3-5) ...
verify	Run npx playwright install --with-deps chromium webkit	2026-10-05T04:56:28.4120854Z Selecting previously unselected package libfluidsynth3:amd64.
verify	Run npx playwright install --with-deps chromium webkit	2026-10-05T04:56:28.4230910Z Preparing to unpack .../131-libfluidsynth3_2.3.4-1build3_amd64.deb ...
verify	Run npx playwright install --with-deps chromium webkit	2026-10-05T04:56:28.4237038Z Unpacking libfluidsynth3:amd64 (2.3.4-1build3) ...
verify	Run npx playwright install --with-deps chromium webkit	2026-10-05T04:56:28.4424371Z Selecting previously unselected package libfreeaptx0:amd64.
verify	Run npx playwright install --with-deps chromium webkit	2026-10-05T04:56:28.4531560Z Preparing to unpack .../132-libfreeaptx0_0.1.1-2build1_amd64.deb ...
verify	Run npx playwright install --with-deps chromium webkit	2026-10-05T04:56:28.4537770Z Unpacking libfreeaptx0:amd64 (0.1.1-2build1) ...
verify	Run npx playwright install --with-deps chromium webkit	2026-10-05T04:56:28.4701215Z Selecting previously unselected package libgraphene-1.0-0:amd64.
verify	Run npx playwright install --with-deps chromium webkit	2026-10-05T04:56:28.4803940Z Preparing to unpack .../133-libgraphene-1.0-0_1.10.8-3build2_amd64.deb ...
verify	Run npx playwright install --with-deps chromium webkit	2026-10-05T04:56:28.4809780Z Unpacking libgraphene-1.0-0:amd64 (1.10.8-3build2) ...
verify	Run npx playwright install --with-deps chromium webkit	2026-10-05T04:56:28.4977947Z Selecting previously unselected package libgssdp-1.6-0:amd64.
verify	Run npx playwright install --with-deps chromium webkit	2026-10-05T04:56:28.5080658Z Preparing to unpack .../134-libgssdp-1.6-0_1.6.3-1build3_amd64.deb ...
verify	Run npx playwright install --with-deps chromium webkit	2026-10-05T04:56:28.5086934Z Unpacking libgssdp-1.6-0:amd64 (1.6.3-1build3) ...
verify	Run npx playwright install --with-deps chromium webkit	2026-10-05T04:56:28.5255250Z Selecting previously unselected package libegl1:amd64.
verify	Run npx playwright install --with-deps chromium webkit	2026-10-05T04:56:28.5362332Z Preparing to unpack .../135-libegl1_1.7.0-1build1_amd64.deb ...
verify	Run npx playwright install --with-deps chromium webkit	2026-10-05T04:56:28.5368735Z Unpacking libegl1:amd64 (1.7.0-1build1) ...
verify	Run npx playwright install --with-deps chromium webkit	2026-10-05T04:56:28.5538335Z Selecting previously unselected package libgstreamer-gl1.0-0:amd64.
verify	Run npx playwright install --with-deps chromium webkit	2026-10-05T04:56:28.5641894Z Preparing to unpack .../136-libgstreamer-gl1.0-0_1.24.2-1ubuntu0.5_amd64.deb ...
verify	Run npx playwright install --with-deps chromium webkit	2026-10-05T04:56:28.5648463Z Unpacking libgstreamer-gl1.0-0:amd64 (1.24.2-1ubuntu0.5) ...
verify	Run npx playwright install --with-deps chromium webkit	2026-10-05T04:56:28.5827611Z Selecting previously unselected package libgtk-4-common.
verify	Run npx playwright install --with-deps chromium webkit	2026-10-05T04:56:28.5929928Z Preparing to unpack .../137-libgtk-4-common_4.14.5+ds-0ubuntu0.10_all.deb ...
verify	Run npx playwright install --with-deps chromium webkit	2026-10-05T04:56:28.5935008Z Unpacking libgtk-4-common (4.14.5+ds-0ubuntu0.10) ...
verify	Run npx playwright install --with-deps chromium webkit	2026-10-05T04:56:28.6443140Z Selecting previously unselected package libgtk-4-1:amd64.
verify	Run npx playwright install --with-deps chromium webkit	2026-10-05T04:56:28.6552659Z Preparing to unpack .../138-libgtk-4-1_4.14.5+ds-0ubuntu0.10_amd64.deb ...
verify	Run npx playwright install --with-deps chromium webkit	2026-10-05T04:56:28.6560773Z Unpacking libgtk-4-1:amd64 (4.14.5+ds-0ubuntu0.10) ...
verify	Run npx playwright install --with-deps chromium webkit	2026-10-05T04:56:28.7527975Z Selecting previously unselected package libgupnp-1.6-0:amd64.
verify	Run npx playwright install --with-deps chromium webkit	2026-10-05T04:56:28.7636763Z Preparing to unpack .../139-libgupnp-1.6-0_1.6.6-1build3_amd64.deb ...
verify	Run npx playwright install --with-deps chromium webkit	2026-10-05T04:56:28.7644617Z Unpacking libgupnp-1.6-0:amd64 (1.6.6-1build3) ...
verify	Run npx playwright install --with-deps chromium webkit	2026-10-05T04:56:28.7817348Z Selecting previously unselected package libgupnp-igd-1.6-0:amd64.
verify	Run npx playwright install --with-deps chromium webkit	2026-10-05T04:56:28.7922913Z Preparing to unpack .../140-libgupnp-igd-1.6-0_1.6.0-3build3_amd64.deb ...
verify	Run npx playwright install --with-deps chromium webkit	2026-10-05T04:56:28.7936376Z Unpacking libgupnp-igd-1.6-0:amd64 (1.6.0-3build3) ...
verify	Run npx playwright install --with-deps chromium webkit	2026-10-05T04:56:28.8099849Z Selecting previously unselected package libharfbuzz-icu0:amd64.
verify	Run npx playwright install --with-deps chromium webkit	2026-10-05T04:56:28.8204117Z Preparing to unpack .../141-libharfbuzz-icu0_8.3.0-2build2_amd64.deb ...
verify	Run npx playwright install --with-deps chromium webkit	2026-10-05T04:56:28.8211665Z Unpacking libharfbuzz-icu0:amd64 (8.3.0-2build2) ...
verify	Run npx playwright install --with-deps chromium webkit	2026-10-05T04:56:28.8373296Z Selecting previously unselected package libhyphen0:amd64.
verify	Run npx playwright install --with-deps chromium webkit	2026-10-05T04:56:28.8476587Z Preparing to unpack .../142-libhyphen0_2.8.8-7build3_amd64.deb ...
verify	Run npx playwright install --with-deps chromium webkit	2026-10-05T04:56:28.8486146Z Unpacking libhyphen0:amd64 (2.8.8-7build3) ...
verify	Run npx playwright install --with-deps chromium webkit	2026-10-05T04:56:28.8654561Z Selecting previously unselected package libimath-3-1-29t64:amd64.
verify	Run npx playwright install --with-deps chromium webkit	2026-10-05T04:56:28.8758967Z Preparing to unpack .../143-libimath-3-1-29t64_3.1.9-3.1ubuntu2_amd64.deb ...
verify	Run npx playwright install --with-deps chromium webkit	2026-10-05T04:56:28.8768642Z Unpacking libimath-3-1-29t64:amd64 (3.1.9-3.1ubuntu2) ...
verify	Run npx playwright install --with-deps chromium webkit	2026-10-05T04:56:28.8948445Z Selecting previously unselected package liblc3-1:amd64.
verify	Run npx playwright install --with-deps chromium webkit	2026-10-05T04:56:28.9053987Z Preparing to unpack .../144-liblc3-1_1.0.4-3build1_amd64.deb ...
verify	Run npx playwright install --with-deps chromium webkit	2026-10-05T04:56:28.9062285Z Unpacking liblc3-1:amd64 (1.0.4-3build1) ...
verify	Run npx playwright install --with-deps chromium webkit	2026-10-05T04:56:28.9231985Z Selecting previously unselected package libldacbt-enc2:amd64.
verify	Run npx playwright install --with-deps chromium webkit	2026-10-05T04:56:28.9335754Z Preparing to unpack .../145-libldacbt-enc2_2.0.2.3+git20200429+ed310a0-4ubuntu2_amd64.deb ...
verify	Run npx playwright install --with-deps chromium webkit	2026-10-05T04:56:28.9343656Z Unpacking libldacbt-enc2:amd64 (2.0.2.3+git20200429+ed310a0-4ubuntu2) ...
verify	Run npx playwright install --with-deps chromium webkit	2026-10-05T04:56:28.9508015Z Selecting previously unselected package libraptor2-0:amd64.
verify	Run npx playwright install --with-deps chromium webkit	2026-10-05T04:56:28.9613346Z Preparing to unpack .../146-libraptor2-0_2.0.16-3ubuntu0.1_amd64.deb ...
verify	Run npx playwright install --with-deps chromium webkit	2026-10-05T04:56:28.9618971Z Unpacking libraptor2-0:amd64 (2.0.16-3ubuntu0.1) ...
verify	Run npx playwright install --with-deps chromium webkit	2026-10-05T04:56:28.9802690Z Selecting previously unselected package liblrdf0:amd64.
verify	Run npx playwright install --with-deps chromium webkit	2026-10-05T04:56:28.9908196Z Preparing to unpack .../147-liblrdf0_0.6.1-4build1_amd64.deb ...
verify	Run npx playwright install --with-deps chromium webkit	2026-10-05T04:56:28.9914400Z Unpacking liblrdf0:amd64 (0.6.1-4build1) ...
verify	Run npx playwright install --with-deps chromium webkit	2026-10-05T04:56:29.0085852Z Selecting previously unselected package libltc11:amd64.
verify	Run npx playwright install --with-deps chromium webkit	2026-10-05T04:56:29.0190458Z Preparing to unpack .../148-libltc11_1.3.2-1build1_amd64.deb ...
verify	Run npx playwright install --with-deps chromium webkit	2026-10-05T04:56:29.0197198Z Unpacking libltc11:amd64 (1.3.2-1build1) ...
verify	Run npx playwright install --with-deps chromium webkit	2026-10-05T04:56:29.0362742Z Selecting previously unselected package libmanette-0.2-0:amd64.
verify	Run npx playwright install --with-deps chromium webkit	2026-10-05T04:56:29.0468103Z Preparing to unpack .../149-libmanette-0.2-0_0.2.7-1build2_amd64.deb ...
verify	Run npx playwright install --with-deps chromium webkit	2026-10-05T04:56:29.0474066Z Unpacking libmanette-0.2-0:amd64 (0.2.7-1build2) ...
verify	Run npx playwright install --with-deps chromium webkit	2026-10-05T04:56:29.0840530Z Selecting previously unselected package libmfx1:amd64.
verify	Run npx playwright install --with-deps chromium webkit	2026-10-05T04:56:29.0945676Z Preparing to unpack .../150-libmfx1_22.5.4-1_amd64.deb ...
verify	Run npx playwright install --with-deps chromium webkit	2026-10-05T04:56:29.0951091Z Unpacking libmfx1:amd64 (22.5.4-1) ...
verify	Run npx playwright install --with-deps chromium webkit	2026-10-05T04:56:29.2548441Z Selecting previously unselected package libmjpegutils-2.1-0t64:amd64.
verify	Run npx playwright install --with-deps chromium webkit	2026-10-05T04:56:29.2657834Z Preparing to unpack .../151-libmjpegutils-2.1-0t64_1%3a2.1.0+debian-8.1build1_amd64.deb ...
verify	Run npx playwright install --with-deps chromium webkit	2026-10-05T04:56:29.2663419Z Unpacking libmjpegutils-2.1-0t64:amd64 (1:2.1.0+debian-8.1build1) ...
verify	Run npx playwright install --with-deps chromium webkit	2026-10-05T04:56:29.2831755Z Selecting previously unselected package libmodplug1:amd64.
verify	Run npx playwright install --with-deps chromium webkit	2026-10-05T04:56:29.2938821Z Preparing to unpack .../152-libmodplug1_1%3a0.8.9.0-3build1_amd64.deb ...
verify	Run npx playwright install --with-deps chromium webkit	2026-10-05T04:56:29.2945331Z Unpacking libmodplug1:amd64 (1:0.8.9.0-3build1) ...
verify	Run npx playwright install --with-deps chromium webkit	2026-10-05T04:56:29.3121670Z Selecting previously unselected package libmpcdec6:amd64.
verify	Run npx playwright install --with-deps chromium webkit	2026-10-05T04:56:29.3226402Z Preparing to unpack .../153-libmpcdec6_2%3a0.1~r495-2build1_amd64.deb ...
verify	Run npx playwright install --with-deps chromium webkit	2026-10-05T04:56:29.3232438Z Unpacking libmpcdec6:amd64 (2:0.1~r495-2build1) ...
verify	Run npx playwright install --with-deps chromium webkit	2026-10-05T04:56:29.3399760Z Selecting previously unselected package libmpeg2encpp-2.1-0t64:amd64.
verify	Run npx playwright install --with-deps chromium webkit	2026-10-05T04:56:29.3505185Z Preparing to unpack .../154-libmpeg2encpp-2.1-0t64_1%3a2.1.0+debian-8.1build1_amd64.deb ...
verify	Run npx playwright install --with-deps chromium webkit	2026-10-05T04:56:29.3511453Z Unpacking libmpeg2encpp-2.1-0t64:amd64 (1:2.1.0+debian-8.1build1) ...
verify	Run npx playwright install --with-deps chromium webkit	2026-10-05T04:56:29.3682649Z Selecting previously unselected package libmplex2-2.1-0t64:amd64.
verify	Run npx playwright install --with-deps chromium webkit	2026-10-05T04:56:29.3789922Z Preparing to unpack .../155-libmplex2-2.1-0t64_1%3a2.1.0+debian-8.1build1_amd64.deb ...
verify	Run npx playwright install --with-deps chromium webkit	2026-10-05T04:56:29.3796298Z Unpacking libmplex2-2.1-0t64:amd64 (1:2.1.0+debian-8.1build1) ...
verify	Run npx playwright install --with-deps chromium webkit	2026-10-05T04:56:29.3965333Z Selecting previously unselected package libneon27t64:amd64.
verify	Run npx playwright install --with-deps chromium webkit	2026-10-05T04:56:29.4072082Z Preparing to unpack .../156-libneon27t64_0.33.0-1.1build3_amd64.deb ...
verify	Run npx playwright install --with-deps chromium webkit	2026-10-05T04:56:29.4079331Z Unpacking libneon27t64:amd64 (0.33.0-1.1build3) ...
verify	Run npx playwright install --with-deps chromium webkit	2026-10-05T04:56:29.4254729Z Selecting previously unselected package libnice10:amd64.
verify	Run npx playwright install --with-deps chromium webkit	2026-10-05T04:56:29.4361629Z Preparing to unpack .../157-libnice10_0.1.21-2build3_amd64.deb ...
verify	Run npx playwright install --with-deps chromium webkit	2026-10-05T04:56:29.4367037Z Unpacking libnice10:amd64 (0.1.21-2build3) ...
verify	Run npx playwright install --with-deps chromium webkit	2026-10-05T04:56:29.4540925Z Selecting previously unselected package libopenal-data.
verify	Run npx playwright install --with-deps chromium webkit	2026-10-05T04:56:29.4649665Z Preparing to unpack .../158-libopenal-data_1%3a1.23.1-4build1_all.deb ...
verify	Run npx playwright install --with-deps chromium webkit	2026-10-05T04:56:29.4655999Z Unpacking libopenal-data (1:1.23.1-4build1) ...
verify	Run npx playwright install --with-deps chromium webkit	2026-10-05T04:56:29.5230650Z Selecting previously unselected package libopenexr-3-1-30:amd64.
verify	Run npx playwright install --with-deps chromium webkit	2026-10-05T04:56:29.5340129Z Preparing to unpack .../159-libopenexr-3-1-30_3.1.5-5.1build3_amd64.deb ...
verify	Run npx playwright install --with-deps chromium webkit	2026-10-05T04:56:29.5345673Z Unpacking libopenexr-3-1-30:amd64 (3.1.5-5.1build3) ...
verify	Run npx playwright install --with-deps chromium webkit	2026-10-05T04:56:29.5753084Z Selecting previously unselected package libopenh264-7:amd64.
verify	Run npx playwright install --with-deps chromium webkit	2026-10-05T04:56:29.5863981Z Preparing to unpack .../160-libopenh264-7_2.4.1+dfsg-1_amd64.deb ...
verify	Run npx playwright install --with-deps chromium webkit	2026-10-05T04:56:29.5873269Z Unpacking libopenh264-7:amd64 (2.4.1+dfsg-1) ...
verify	Run npx playwright install --with-deps chromium webkit	2026-10-05T04:56:29.6081730Z Selecting previously unselected package libopenni2-0:amd64.
verify	Run npx playwright install --with-deps chromium webkit	2026-10-05T04:56:29.6192965Z Preparing to unpack .../161-libopenni2-0_2.2.0.33+dfsg-18_amd64.deb ...
verify	Run npx playwright install --with-deps chromium webkit	2026-10-05T04:56:29.6219579Z Unpacking libopenni2-0:amd64 (2.2.0.33+dfsg-18) ...
verify	Run npx playwright install --with-deps chromium webkit	2026-10-05T04:56:29.6453401Z Selecting previously unselected package libqrencode4:amd64.
verify	Run npx playwright install --with-deps chromium webkit	2026-10-05T04:56:29.6562969Z Preparing to unpack .../162-libqrencode4_4.1.1-1build2_amd64.deb ...
verify	Run npx playwright install --with-deps chromium webkit	2026-10-05T04:56:29.6572384Z Unpacking libqrencode4:amd64 (4.1.1-1build2) ...
verify	Run npx playwright install --with-deps chromium webkit	2026-10-05T04:56:29.6734478Z Selecting previously unselected package libsecret-common.
verify	Run npx playwright install --with-deps chromium webkit	2026-10-05T04:56:29.6840286Z Preparing to unpack .../163-libsecret-common_0.21.4-1build3_all.deb ...
verify	Run npx playwright install --with-deps chromium webkit	2026-10-05T04:56:29.6845956Z Unpacking libsecret-common (0.21.4-1build3) ...
verify	Run npx playwright install --with-deps chromium webkit	2026-10-05T04:56:29.7006665Z Selecting previously unselected package libsecret-1-0:amd64.
verify	Run npx playwright install --with-deps chromium webkit	2026-10-05T04:56:29.7112463Z Preparing to unpack .../164-libsecret-1-0_0.21.4-1build3_amd64.deb ...
verify	Run npx playwright install --with-deps chromium webkit	2026-10-05T04:56:29.7118491Z Unpacking libsecret-1-0:amd64 (0.21.4-1build3) ...
verify	Run npx playwright install --with-deps chromium webkit	2026-10-05T04:56:29.7293739Z Selecting previously unselected package libsndio7.0:amd64.
verify	Run npx playwright install --with-deps chromium webkit	2026-10-05T04:56:29.7396470Z Preparing to unpack .../165-libsndio7.0_1.9.0-0.3build3_amd64.deb ...
verify	Run npx playwright install --with-deps chromium webkit	2026-10-05T04:56:29.7402124Z Unpacking libsndio7.0:amd64 (1.9.0-0.3build3) ...
verify	Run npx playwright install --with-deps chromium webkit	2026-10-05T04:56:29.7568898Z Selecting previously unselected package libsoundtouch1:amd64.
verify	Run npx playwright install --with-deps chromium webkit	2026-10-05T04:56:29.7671464Z Preparing to unpack .../166-libsoundtouch1_2.3.2+ds1-1build1_amd64.deb ...
verify	Run npx playwright install --with-deps chromium webkit	2026-10-05T04:56:29.7677320Z Unpacking libsoundtouch1:amd64 (2.3.2+ds1-1build1) ...
verify	Run npx playwright install --with-deps chromium webkit	2026-10-05T04:56:29.7853544Z Selecting previously unselected package libspandsp2t64:amd64.
verify	Run npx playwright install --with-deps chromium webkit	2026-10-05T04:56:29.7959058Z Preparing to unpack .../167-libspandsp2t64_0.0.6+dfsg-2.1build1_amd64.deb ...
verify	Run npx playwright install --with-deps chromium webkit	2026-10-05T04:56:29.7965372Z Unpacking libspandsp2t64:amd64 (0.0.6+dfsg-2.1build1) ...
verify	Run npx playwright install --with-deps chromium webkit	2026-10-05T04:56:29.8158936Z Selecting previously unselected package libsrtp2-1:amd64.
verify	Run npx playwright install --with-deps chromium webkit	2026-10-05T04:56:29.8262597Z Preparing to unpack .../168-libsrtp2-1_2.5.0-3build1_amd64.deb ...
verify	Run npx playwright install --with-deps chromium webkit	2026-10-05T04:56:29.8269641Z Unpacking libsrtp2-1:amd64 (2.5.0-3build1) ...
verify	Run npx playwright install --with-deps chromium webkit	2026-10-05T04:56:29.8441581Z Selecting previously unselected package libwayland-server0:amd64.
verify	Run npx playwright install --with-deps chromium webkit	2026-10-05T04:56:29.8544648Z Preparing to unpack .../169-libwayland-server0_1.22.0-2.1build1_amd64.deb ...
verify	Run npx playwright install --with-deps chromium webkit	2026-10-05T04:56:29.8550104Z Unpacking libwayland-server0:amd64 (1.22.0-2.1build1) ...
verify	Run npx playwright install --with-deps chromium webkit	2026-10-05T04:56:29.8717821Z Selecting previously unselected package libwildmidi2:amd64.
verify	Run npx playwright install --with-deps chromium webkit	2026-10-05T04:56:29.8822242Z Preparing to unpack .../170-libwildmidi2_0.4.3-1build3_amd64.deb ...
verify	Run npx playwright install --with-deps chromium webkit	2026-10-05T04:56:29.8828291Z Unpacking libwildmidi2:amd64 (0.4.3-1build3) ...
verify	Run npx playwright install --with-deps chromium webkit	2026-10-05T04:56:29.9002810Z Selecting previously unselected package libwoff1:amd64.
verify	Run npx playwright install --with-deps chromium webkit	2026-10-05T04:56:29.9121883Z Preparing to unpack .../171-libwoff1_1.0.2-2build1_amd64.deb ...
verify	Run npx playwright install --with-deps chromium webkit	2026-10-05T04:56:29.9129131Z Unpacking libwoff1:amd64 (1.0.2-2build1) ...
verify	Run npx playwright install --with-deps chromium webkit	2026-10-05T04:56:29.9311597Z Selecting previously unselected package libxcb-xkb1:amd64.
verify	Run npx playwright install --with-deps chromium webkit	2026-10-05T04:56:29.9418571Z Preparing to unpack .../172-libxcb-xkb1_1.15-1ubuntu2_amd64.deb ...
verify	Run npx playwright install --with-deps chromium webkit	2026-10-05T04:56:29.9423691Z Unpacking libxcb-xkb1:amd64 (1.15-1ubuntu2) ...
verify	Run npx playwright install --with-deps chromium webkit	2026-10-05T04:56:29.9593602Z Selecting previously unselected package libxkbcommon-x11-0:amd64.
verify	Run npx playwright install --with-deps chromium webkit	2026-10-05T04:56:29.9699767Z Preparing to unpack .../173-libxkbcommon-x11-0_1.6.0-1build1_amd64.deb ...
verify	Run npx playwright install --with-deps chromium webkit	2026-10-05T04:56:29.9705751Z Unpacking libxkbcommon-x11-0:amd64 (1.6.0-1build1) ...
verify	Run npx playwright install --with-deps chromium webkit	2026-10-05T04:56:29.9879125Z Selecting previously unselected package libzbar0t64:amd64.
verify	Run npx playwright install --with-deps chromium webkit	2026-10-05T04:56:30.0000581Z Preparing to unpack .../174-libzbar0t64_0.23.93-4build3_amd64.deb ...
verify	Run npx playwright install --with-deps chromium webkit	2026-10-05T04:56:30.0006611Z Unpacking libzbar0t64:amd64 (0.23.93-4build3) ...
verify	Run npx playwright install --with-deps chromium webkit	2026-10-05T04:56:30.0204191Z Selecting previously unselected package libzxing3:amd64.
verify	Run npx playwright install --with-deps chromium webkit	2026-10-05T04:56:30.0315677Z Preparing to unpack .../175-libzxing3_2.2.1-3_amd64.deb ...
verify	Run npx playwright install --with-deps chromium webkit	2026-10-05T04:56:30.0321490Z Unpacking libzxing3:amd64 (2.2.1-3) ...
verify	Run npx playwright install --with-deps chromium webkit	2026-10-05T04:56:30.0525129Z Selecting previously unselected package xfonts-encodings.
verify	Run npx playwright install --with-deps chromium webkit	2026-10-05T04:56:30.0631824Z Preparing to unpack .../176-xfonts-encodings_1%3a1.0.5-0ubuntu2_all.deb ...
verify	Run npx playwright install --with-deps chromium webkit	2026-10-05T04:56:30.0640354Z Unpacking xfonts-encodings (1:1.0.5-0ubuntu2) ...
verify	Run npx playwright install --with-deps chromium webkit	2026-10-05T04:56:30.0873719Z Selecting previously unselected package xfonts-utils.
verify	Run npx playwright install --with-deps chromium webkit	2026-10-05T04:56:30.0979976Z Preparing to unpack .../177-xfonts-utils_1%3a7.7+6build3_amd64.deb ...
verify	Run npx playwright install --with-deps chromium webkit	2026-10-05T04:56:30.0985693Z Unpacking xfonts-utils (1:7.7+6build3) ...
verify	Run npx playwright install --with-deps chromium webkit	2026-10-05T04:56:30.1447713Z Selecting previously unselected package xfonts-cyrillic.
verify	Run npx playwright install --with-deps chromium webkit	2026-10-05T04:56:30.1556571Z Preparing to unpack .../178-xfonts-cyrillic_1%3a1.0.5+nmu1_all.deb ...
verify	Run npx playwright install --with-deps chromium webkit	2026-10-05T04:56:30.1561694Z Unpacking xfonts-cyrillic (1:1.0.5+nmu1) ...
verify	Run npx playwright install --with-deps chromium webkit	2026-10-05T04:56:30.1832592Z Selecting previously unselected package xfonts-scalable.
verify	Run npx playwright install --with-deps chromium webkit	2026-10-05T04:56:30.1940118Z Preparing to unpack .../179-xfonts-scalable_1%3a1.0.3-1.3_all.deb ...
verify	Run npx playwright install --with-deps chromium webkit	2026-10-05T04:56:30.1945258Z Unpacking xfonts-scalable (1:1.0.3-1.3) ...
verify	Run npx playwright install --with-deps chromium webkit	2026-10-05T04:56:30.2138139Z Selecting previously unselected package libgstreamer-plugins-bad1.0-0:amd64.
verify	Run npx playwright install --with-deps chromium webkit	2026-10-05T04:56:30.2246020Z Preparing to unpack .../180-libgstreamer-plugins-bad1.0-0_1.24.2-1ubuntu4_amd64.deb ...
verify	Run npx playwright install --with-deps chromium webkit	2026-10-05T04:56:30.2251535Z Unpacking libgstreamer-plugins-bad1.0-0:amd64 (1.24.2-1ubuntu4) ...
verify	Run npx playwright install --with-deps chromium webkit	2026-10-05T04:56:30.2544025Z Selecting previously unselected package libdca0:amd64.
verify	Run npx playwright install --with-deps chromium webkit	2026-10-05T04:56:30.2660931Z Preparing to unpack .../181-libdca0_0.0.7-2build1_amd64.deb ...
verify	Run npx playwright install --with-deps chromium webkit	2026-10-05T04:56:30.2668155Z Unpacking libdca0:amd64 (0.0.7-2build1) ...
verify	Run npx playwright install --with-deps chromium webkit	2026-10-05T04:56:30.2837783Z Selecting previously unselected package libopenal1:amd64.
verify	Run npx playwright install --with-deps chromium webkit	2026-10-05T04:56:30.2945135Z Preparing to unpack .../182-libopenal1_1%3a1.23.1-4build1_amd64.deb ...
verify	Run npx playwright install --with-deps chromium webkit	2026-10-05T04:56:30.2953310Z Unpacking libopenal1:amd64 (1:1.23.1-4build1) ...
verify	Run npx playwright install --with-deps chromium webkit	2026-10-05T04:56:30.3156017Z Selecting previously unselected package libsbc1:amd64.
verify	Run npx playwright install --with-deps chromium webkit	2026-10-05T04:56:30.3262783Z Preparing to unpack .../183-libsbc1_2.0-1build1_amd64.deb ...
verify	Run npx playwright install --with-deps chromium webkit	2026-10-05T04:56:30.3268671Z Unpacking libsbc1:amd64 (2.0-1build1) ...
verify	Run npx playwright install --with-deps chromium webkit	2026-10-05T04:56:30.3432209Z Selecting previously unselected package libvo-aacenc0:amd64.
verify	Run npx playwright install --with-deps chromium webkit	2026-10-05T04:56:30.3538121Z Preparing to unpack .../184-libvo-aacenc0_0.1.3-2build1_amd64.deb ...
verify	Run npx playwright install --with-deps chromium webkit	2026-10-05T04:56:30.3543784Z Unpacking libvo-aacenc0:amd64 (0.1.3-2build1) ...
verify	Run npx playwright install --with-deps chromium webkit	2026-10-05T04:56:30.3715124Z Selecting previously unselected package libvo-amrwbenc0:amd64.
verify	Run npx playwright install --with-deps chromium webkit	2026-10-05T04:56:30.3821706Z Preparing to unpack .../185-libvo-amrwbenc0_0.1.3-2build1_amd64.deb ...
verify	Run npx playwright install --with-deps chromium webkit	2026-10-05T04:56:30.3827622Z Unpacking libvo-amrwbenc0:amd64 (0.1.3-2build1) ...
verify	Run npx playwright install --with-deps chromium webkit	2026-10-05T04:56:30.3996486Z Selecting previously unselected package gstreamer1.0-plugins-bad:amd64.
verify	Run npx playwright install --with-deps chromium webkit	2026-10-05T04:56:30.4102501Z Preparing to unpack .../186-gstreamer1.0-plugins-bad_1.24.2-1ubuntu4_amd64.deb ...
verify	Run npx playwright install --with-deps chromium webkit	2026-10-05T04:56:30.4108266Z Unpacking gstreamer1.0-plugins-bad:amd64 (1.24.2-1ubuntu4) ...
verify	Run npx playwright install --with-deps chromium webkit	2026-10-05T04:56:30.6114365Z Setting up libgme0:amd64 (0.6.3-7build1) ...
verify	Run npx playwright install --with-deps chromium webkit	2026-10-05T04:56:30.6138678Z Setting up libchromaprint1:amd64 (1.5.1-5) ...
verify	Run npx playwright install --with-deps chromium webkit	2026-10-05T04:56:30.6152631Z Setting up libssh-gcrypt-4:amd64 (0.10.6-2ubuntu0.5) ...
verify	Run npx playwright install --with-deps chromium webkit	2026-10-05T04:56:30.6170125Z Setting up libhwy1t64:amd64 (1.0.7-8.1build1) ...
verify	Run npx playwright install --with-deps chromium webkit	2026-10-05T04:56:30.6183317Z Setting up libcairo-script-interpreter2:amd64 (1.18.0-3build1) ...
verify	Run npx playwright install --with-deps chromium webkit	2026-10-05T04:56:30.6199104Z Setting up libfreeaptx0:amd64 (0.1.1-2build1) ...
verify	Run npx playwright install --with-deps chromium webkit	2026-10-05T04:56:30.6212548Z Setting up libdvdread8t64:amd64 (6.1.3-1.1build1) ...
verify	Run npx playwright install --with-deps chromium webkit	2026-10-05T04:56:30.6228539Z Setting up libudfread0:amd64 (1.1.2-1build1) ...
verify	Run npx playwright install --with-deps chromium webkit	2026-10-05T04:56:30.6245220Z Setting up libmodplug1:amd64 (1:0.8.9.0-3build1) ...
verify	Run npx playwright install --with-deps chromium webkit	2026-10-05T04:56:30.6259808Z Setting up libcdparanoia0:amd64 (3.10.2+debian-14build3) ...
verify	Run npx playwright install --with-deps chromium webkit	2026-10-05T04:56:30.6273961Z Setting up libwayland-server0:amd64 (1.22.0-2.1build1) ...
verify	Run npx playwright install --with-deps chromium webkit	2026-10-05T04:56:30.6289891Z Setting up libvo-amrwbenc0:amd64 (0.1.3-2build1) ...
verify	Run npx playwright install --with-deps chromium webkit	2026-10-05T04:56:30.6304584Z Setting up mesa-libgallium:amd64 (25.2.8-0ubuntu0.24.04.4) ...
verify	Run npx playwright install --with-deps chromium webkit	2026-10-05T04:56:30.6317493Z Setting up session-migration (0.3.9build1) ...
verify	Run npx playwright install --with-deps chromium webkit	2026-10-05T04:56:30.7442303Z Created symlink /etc/systemd/user/graphical-session-pre.target.wants/session-migration.service → /usr/lib/systemd/user/session-migration.service.
verify	Run npx playwright install --with-deps chromium webkit	2026-10-05T04:56:30.7443207Z 
verify	Run npx playwright install --with-deps chromium webkit	2026-10-05T04:56:30.7466850Z Setting up libraw1394-11:amd64 (2.1.2-2build3) ...
verify	Run npx playwright install --with-deps chromium webkit	2026-10-05T04:56:30.7481652Z Setting up libsbc1:amd64 (2.0-1build1) ...
verify	Run npx playwright install --with-deps chromium webkit	2026-10-05T04:56:30.7496984Z Setting up libproxy1v5:amd64 (0.5.4-4build1) ...
verify	Run npx playwright install --with-deps chromium webkit	2026-10-05T04:56:30.7517404Z Setting up libneon27t64:amd64 (0.33.0-1.1build3) ...
verify	Run npx playwright install --with-deps chromium webkit	2026-10-05T04:56:30.7532420Z Setting up libtag1v5-vanilla:amd64 (1.13.1-1build1) ...
verify	Run npx playwright install --with-deps chromium webkit	2026-10-05T04:56:30.7551446Z Setting up libharfbuzz-icu0:amd64 (8.3.0-2build2) ...
verify	Run npx playwright install --with-deps chromium webkit	2026-10-05T04:56:30.7566078Z Setting up libopenni2-0:amd64 (2.2.0.33+dfsg-18) ...
verify	Run npx playwright install --with-deps chromium webkit	2026-10-05T04:56:30.7772490Z Setting up libspeex1:amd64 (1.2.1-2ubuntu2.24.04.1) ...
verify	Run npx playwright install --with-deps chromium webkit	2026-10-05T04:56:30.7787351Z Setting up libshine3:amd64 (3.1.1-2build1) ...
verify	Run npx playwright install --with-deps chromium webkit	2026-10-05T04:56:30.7801165Z Setting up libcaca0:amd64 (0.99.beta20-4ubuntu0.2) ...
verify	Run npx playwright install --with-deps chromium webkit	2026-10-05T04:56:30.7816429Z Setting up libvpl2 (2023.3.0-1build1) ...
verify	Run npx playwright install --with-deps chromium webkit	2026-10-05T04:56:30.7832619Z Setting up libv4lconvert0t64:amd64 (1.26.1-4build3) ...
verify	Run npx playwright install --with-deps chromium webkit	2026-10-05T04:56:30.7846527Z Setting up libx264-164:amd64 (2:0.164.3108+git31e19f9-1) ...
verify	Run npx playwright install --with-deps chromium webkit	2026-10-05T04:56:30.7861335Z Setting up libtwolame0:amd64 (0.4.0-2build3) ...
verify	Run npx playwright install --with-deps chromium webkit	2026-10-05T04:56:30.7875167Z Setting up libmbedcrypto7t64:amd64 (2.28.8-1) ...
verify	Run npx playwright install --with-deps chromium webkit	2026-10-05T04:56:30.7890820Z Setting up libwoff1:amd64 (1.0.2-2build1) ...
verify	Run npx playwright install --with-deps chromium webkit	2026-10-05T04:56:30.7904278Z Setting up liblc3-1:amd64 (1.0.4-3build1) ...
verify	Run npx playwright install --with-deps chromium webkit	2026-10-05T04:56:30.7917244Z Setting up libqrencode4:amd64 (4.1.1-1build2) ...
verify	Run npx playwright install --with-deps chromium webkit	2026-10-05T04:56:30.7932671Z Setting up libhyphen0:amd64 (2.8.8-7build3) ...
verify	Run npx playwright install --with-deps chromium webkit	2026-10-05T04:56:30.7946818Z Setting up libgbm1:amd64 (25.2.8-0ubuntu0.24.04.4) ...
verify	Run npx playwright install --with-deps chromium webkit	2026-10-05T04:56:30.7961547Z Setting up libgsm1:amd64 (1.0.22-1build1) ...
verify	Run npx playwright install --with-deps chromium webkit	2026-10-05T04:56:30.7976927Z Setting up libvisual-0.4-0:amd64 (0.4.2-2build1) ...
verify	Run npx playwright install --with-deps chromium webkit	2026-10-05T04:56:30.7991371Z Setting up libsoxr0:amd64 (0.1.3-4build3) ...
verify	Run npx playwright install --with-deps chromium webkit	2026-10-05T04:56:30.8005622Z Setting up libzix-0-0:amd64 (0.4.2-2build1) ...
verify	Run npx playwright install --with-deps chromium webkit	2026-10-05T04:56:30.8021009Z Setting up libcodec2-1.2:amd64 (1.2.0-2build1) ...
verify	Run npx playwright install --with-deps chromium webkit	2026-10-05T04:56:30.8034715Z Setting up libmanette-0.2-0:amd64 (0.2.7-1build2) ...
verify	Run npx playwright install --with-deps chromium webkit	2026-10-05T04:56:30.8048110Z Setting up libsrtp2-1:amd64 (2.5.0-3build1) ...
verify	Run npx playwright install --with-deps chromium webkit	2026-10-05T04:56:30.8062728Z Setting up libgl1-mesa-dri:amd64 (25.2.8-0ubuntu0.24.04.4) ...
verify	Run npx playwright install --with-deps chromium webkit	2026-10-05T04:56:30.8124340Z Setting up libmysofa1:amd64 (1.3.2+dfsg-2ubuntu2) ...
verify	Run npx playwright install --with-deps chromium webkit	2026-10-05T04:56:30.8142068Z Setting up libraptor2-0:amd64 (2.0.16-3ubuntu0.1) ...
verify	Run npx playwright install --with-deps chromium webkit	2026-10-05T04:56:30.8157954Z Setting up libldacbt-enc2:amd64 (2.0.2.3+git20200429+ed310a0-4ubuntu2) ...
verify	Run npx playwright install --with-deps chromium webkit	2026-10-05T04:56:30.8171272Z Setting up fonts-wqy-zenhei (0.9.45-8) ...
verify	Run npx playwright install --with-deps chromium webkit	2026-10-05T04:56:30.8262875Z Setting up libwebrtc-audio-processing1:amd64 (0.3.1-0ubuntu6) ...
verify	Run npx playwright install --with-deps chromium webkit	2026-10-05T04:56:30.8278753Z Setting up fonts-freefont-ttf (20211204+svn4273-2) ...
verify	Run npx playwright install --with-deps chromium webkit	2026-10-05T04:56:30.8296313Z Setting up libevent-2.1-7t64:amd64 (2.1.12-stable-9ubuntu2.2) ...
verify	Run npx playwright install --with-deps chromium webkit	2026-10-05T04:56:30.8312210Z Setting up libsvtav1enc1d1:amd64 (1.7.0+dfsg-2build1) ...
verify	Run npx playwright install --with-deps chromium webkit	2026-10-05T04:56:30.8326124Z Setting up libsoup-3.0-common (3.4.4-5ubuntu0.8) ...
verify	Run npx playwright install --with-deps chromium webkit	2026-10-05T04:56:30.8341035Z Setting up libmpg123-0t64:amd64 (1.32.5-1ubuntu1.1) ...
verify	Run npx playwright install --with-deps chromium webkit	2026-10-05T04:56:30.8356468Z Setting up libcjson1:amd64 (1.7.17-1) ...
verify	Run npx playwright install --with-deps chromium webkit	2026-10-05T04:56:30.8369905Z Setting up libxvidcore4:amd64 (2:1.3.7-1build1) ...
verify	Run npx playwright install --with-deps chromium webkit	2026-10-05T04:56:30.8384452Z Setting up libmpcdec6:amd64 (2:0.1~r495-2build1) ...
verify	Run npx playwright install --with-deps chromium webkit	2026-10-05T04:56:30.8397907Z Setting up libmjpegutils-2.1-0t64:amd64 (1:2.1.0+debian-8.1build1) ...
verify	Run npx playwright install --with-deps chromium webkit	2026-10-05T04:56:30.8412282Z Setting up librav1e0:amd64 (0.7.1-2) ...
verify	Run npx playwright install --with-deps chromium webkit	2026-10-05T04:56:30.8425871Z Setting up liborc-0.4-0t64:amd64 (1:0.4.38-1ubuntu0.1) ...
verify	Run npx playwright install --with-deps chromium webkit	2026-10-05T04:56:30.8438932Z Setting up libxcb-xkb1:amd64 (1.15-1ubuntu2) ...
verify	Run npx playwright install --with-deps chromium webkit	2026-10-05T04:56:30.8454909Z Setting up libvo-aacenc0:amd64 (0.1.3-2build1) ...
verify	Run npx playwright install --with-deps chromium webkit	2026-10-05T04:56:30.8468527Z Setting up librist4:amd64 (0.2.10+dfsg-2) ...
verify	Run npx playwright install --with-deps chromium webkit	2026-10-05T04:56:30.8484059Z Setting up librsvg2-2:amd64 (2.58.0+dfsg-1build1) ...
verify	Run npx playwright install --with-deps chromium webkit	2026-10-05T04:56:30.8499413Z Setting up libblas3:amd64 (3.12.0-3build1.1) ...
verify	Run npx playwright install --with-deps chromium webkit	2026-10-05T04:56:30.8549339Z update-alternatives: using /usr/lib/x86_64-linux-gnu/blas/libblas.so.3 to provide /usr/lib/x86_64-linux-gnu/libblas.so.3 (libblas.so.3-x86_64-linux-gnu) in auto mode
verify	Run npx playwright install --with-deps chromium webkit	2026-10-05T04:56:30.8561551Z Setting up libegl-mesa0:amd64 (25.2.8-0ubuntu0.24.04.4) ...
verify	Run npx playwright install --with-deps chromium webkit	2026-10-05T04:56:30.8578018Z Setting up libsoundtouch1:amd64 (2.3.2+ds1-1build1) ...
verify	Run npx playwright install --with-deps chromium webkit	2026-10-05T04:56:30.8591015Z Setting up libplacebo338:amd64 (6.338.2-2build1) ...
verify	Run npx playwright install --with-deps chromium webkit	2026-10-05T04:56:30.8607175Z Setting up libgles2:amd64 (1.7.0-1build1) ...
verify	Run npx playwright install --with-deps chromium webkit	2026-10-05T04:56:30.8624225Z Setting up fonts-tlwg-loma-otf (1:0.7.3-1) ...
verify	Run npx playwright install --with-deps chromium webkit	2026-10-05T04:56:30.8637856Z Setting up libva2:amd64 (2.20.0-2ubuntu0.2) ...
verify	Run npx playwright install --with-deps chromium webkit	2026-10-05T04:56:30.8653553Z Setting up libspa-0.2-modules:amd64 (1.0.5-1ubuntu3.3) ...
verify	Run npx playwright install --with-deps chromium webkit	2026-10-05T04:56:30.8667031Z Setting up libzxing3:amd64 (2.2.1-3) ...
verify	Run npx playwright install --with-deps chromium webkit	2026-10-05T04:56:30.8681029Z Setting up xfonts-encodings (1:1.0.5-0ubuntu2) ...
verify	Run npx playwright install --with-deps chromium webkit	2026-10-05T04:56:30.8696134Z Setting up libopus0:amd64 (1.4-1build1) ...
verify	Run npx playwright install --with-deps chromium webkit	2026-10-05T04:56:30.8709491Z Setting up libfaad2:amd64 (2.11.1-1build1) ...
verify	Run npx playwright install --with-deps chromium webkit	2026-10-05T04:56:30.8724316Z Setting up libxkbcommon-x11-0:amd64 (1.6.0-1build1) ...
verify	Run npx playwright install --with-deps chromium webkit	2026-10-05T04:56:30.8737587Z Setting up libdc1394-25:amd64 (2.2.6-4build1) ...
verify	Run npx playwright install --with-deps chromium webkit	2026-10-05T04:56:30.8751185Z Setting up libimath-3-1-29t64:amd64 (3.1.9-3.1ubuntu2) ...
verify	Run npx playwright install --with-deps chromium webkit	2026-10-05T04:56:30.8768118Z Setting up libunibreak5:amd64 (5.1-2build1) ...
verify	Run npx playwright install --with-deps chromium webkit	2026-10-05T04:56:30.8781999Z Setting up libdv4t64:amd64 (1.0.0-17.1build1) ...
verify	Run npx playwright install --with-deps chromium webkit	2026-10-05T04:56:30.8796158Z Setting up libjxl0.7:amd64 (0.7.0-10.2ubuntu6.1) ...
verify	Run npx playwright install --with-deps chromium webkit	2026-10-05T04:56:30.8814744Z Setting up libopenh264-7:amd64 (2.4.1+dfsg-1) ...
verify	Run npx playwright install --with-deps chromium webkit	2026-10-05T04:56:30.8829264Z Setting up libltc11:amd64 (1.3.2-1build1) ...
verify	Run npx playwright install --with-deps chromium webkit	2026-10-05T04:56:30.8844278Z Setting up libx265-199:amd64 (3.5-2build1) ...
verify	Run npx playwright install --with-deps chromium webkit	2026-10-05T04:56:30.9208760Z Setting up libv4l-0t64:amd64 (1.26.1-4build3) ...
verify	Run npx playwright install --with-deps chromium webkit	2026-10-05T04:56:30.9224487Z Setting up libavtp0:amd64 (0.2.0-1build1) ...
verify	Run npx playwright install --with-deps chromium webkit	2026-10-05T04:56:30.9238882Z Setting up libsndio7.0:amd64 (1.9.0-0.3build3) ...
verify	Run npx playwright install --with-deps chromium webkit	2026-10-05T04:56:30.9254856Z Setting up libdirectfb-1.7-7t64:amd64 (1.7.7-11.1ubuntu2) ...
verify	Run npx playwright install --with-deps chromium webkit	2026-10-05T04:56:30.9271720Z Setting up libspandsp2t64:amd64 (0.0.6+dfsg-2.1build1) ...
verify	Run npx playwright install --with-deps chromium webkit	2026-10-05T04:56:30.9284913Z Setting up libvidstab1.1:amd64 (1.1.0-2build1) ...
verify	Run npx playwright install --with-deps chromium webkit	2026-10-05T04:56:30.9303317Z Setting up libvpx9:amd64 (1.14.0-1ubuntu2.3) ...
verify	Run npx playwright install --with-deps chromium webkit	2026-10-05T04:56:30.9318627Z Setting up libsrt1.5-gnutls:amd64 (1.5.3-1build2) ...
verify	Run npx playwright install --with-deps chromium webkit	2026-10-05T04:56:30.9331311Z Setting up libtag1v5:amd64 (1.13.1-1build1) ...
verify	Run npx playwright install --with-deps chromium webkit	2026-10-05T04:56:30.9346640Z Setting up libflite1:amd64 (2.2-6build3) ...
verify	Run npx playwright install --with-deps chromium webkit	2026-10-05T04:56:30.9362504Z Setting up libdav1d7:amd64 (1.4.1-1build1) ...
verify	Run npx playwright install --with-deps chromium webkit	2026-10-05T04:56:30.9380432Z Setting up libva-drm2:amd64 (2.20.0-2ubuntu0.2) ...
verify	Run npx playwright install --with-deps chromium webkit	2026-10-05T04:56:30.9394433Z Setting up fonts-ipafont-gothic (00303-21ubuntu1) ...
verify	Run npx playwright install --with-deps chromium webkit	2026-10-05T04:56:30.9453011Z update-alternatives: using /usr/share/fonts/opentype/ipafont-gothic/ipag.ttf to provide /usr/share/fonts/truetype/fonts-japanese-gothic.ttf (fonts-japanese-gothic.ttf) in auto mode
verify	Run npx playwright install --with-deps chromium webkit	2026-10-05T04:56:30.9467115Z Setting up ocl-icd-libopencl1:amd64 (2.3.2-1build1) ...
verify	Run npx playwright install --with-deps chromium webkit	2026-10-05T04:56:30.9485007Z Setting up libasyncns0:amd64 (0.8-6build4) ...
verify	Run npx playwright install --with-deps chromium webkit	2026-10-05T04:56:30.9498720Z Setting up libwildmidi2:amd64 (0.4.3-1build3) ...
verify	Run npx playwright install --with-deps chromium webkit	2026-10-05T04:56:30.9513311Z Setting up libvdpau1:amd64 (1.5-2build1) ...
verify	Run npx playwright install --with-deps chromium webkit	2026-10-05T04:56:30.9531530Z Setting up libwavpack1:amd64 (5.6.0-1build1) ...
verify	Run npx playwright install --with-deps chromium webkit	2026-10-05T04:56:30.9546758Z Setting up libbs2b0:amd64 (3.1.0+dfsg-7build1) ...
verify	Run npx playwright install --with-deps chromium webkit	2026-10-05T04:56:30.9562042Z Setting up libtheora0:amd64 (1.1.1+dfsg.1-16.1build3) ...
verify	Run npx playwright install --with-deps chromium webkit	2026-10-05T04:56:30.9577925Z Setting up libegl1:amd64 (1.7.0-1build1) ...
verify	Run npx playwright install --with-deps chromium webkit	2026-10-05T04:56:30.9593238Z Setting up libdecor-0-0:amd64 (0.2.2-1build2) ...
verify	Run npx playwright install --with-deps chromium webkit	2026-10-05T04:56:30.9606486Z Setting up libdca0:amd64 (0.0.7-2build1) ...
verify	Run npx playwright install --with-deps chromium webkit	2026-10-05T04:56:30.9621656Z Setting up libzimg2:amd64 (3.0.5+ds1-1build1) ...
verify	Run npx playwright install --with-deps chromium webkit	2026-10-05T04:56:30.9634645Z Setting up libopenal-data (1:1.23.1-4build1) ...
verify	Run npx playwright install --with-deps chromium webkit	2026-10-05T04:56:30.9655196Z Setting up libevent-core-2.1-7t64:amd64 (2.1.12-stable-9ubuntu2.2) ...
verify	Run npx playwright install --with-deps chromium webkit	2026-10-05T04:56:30.9668461Z Setting up libabsl20220623t64:amd64 (20220623.1-3.1ubuntu3.2) ...
verify	Run npx playwright install --with-deps chromium webkit	2026-10-05T04:56:30.9681399Z Setting up libflac12t64:amd64 (1.4.3+ds-2.1ubuntu2) ...
verify	Run npx playwright install --with-deps chromium webkit	2026-10-05T04:56:30.9696564Z Setting up libgtk-4-common (4.14.5+ds-0ubuntu0.10) ...
verify	Run npx playwright install --with-deps chromium webkit	2026-10-05T04:56:30.9730638Z Setting up libmpeg2encpp-2.1-0t64:amd64 (1:2.1.0+debian-8.1build1) ...
verify	Run npx playwright install --with-deps chromium webkit	2026-10-05T04:56:30.9746348Z Setting up glib-networking-common (2.80.0-1build1) ...
verify	Run npx playwright install --with-deps chromium webkit	2026-10-05T04:56:30.9761225Z Setting up libmfx1:amd64 (22.5.4-1) ...
verify	Run npx playwright install --with-deps chromium webkit	2026-10-05T04:56:30.9775801Z Setting up libbluray2:amd64 (1:1.3.4-1build1) ...
verify	Run npx playwright install --with-deps chromium webkit	2026-10-05T04:56:30.9792479Z Setting up libde265-0:amd64 (1.0.15-1ubuntu0.1) ...
verify	Run npx playwright install --with-deps chromium webkit	2026-10-05T04:56:30.9809288Z Setting up libsamplerate0:amd64 (0.2.2-4build1) ...
verify	Run npx playwright install --with-deps chromium webkit	2026-10-05T04:56:30.9823741Z Setting up timgm6mb-soundfont (1.3-5) ...
verify	Run npx playwright install --with-deps chromium webkit	2026-10-05T04:56:30.9893742Z update-alternatives: using /usr/share/sounds/sf2/TimGM6mb.sf2 to provide /usr/share/sounds/sf2/default-GM.sf2 (default-GM.sf2) in auto mode
verify	Run npx playwright install --with-deps chromium webkit	2026-10-05T04:56:30.9931849Z update-alternatives: using /usr/share/sounds/sf2/TimGM6mb.sf2 to provide /usr/share/sounds/sf3/default-GM.sf3 (default-GM.sf3) in auto mode
verify	Run npx playwright install --with-deps chromium webkit	2026-10-05T04:56:30.9943643Z Setting up libva-x11-2:amd64 (2.20.0-2ubuntu0.2) ...
verify	Run npx playwright install --with-deps chromium webkit	2026-10-05T04:56:30.9960110Z Setting up libyuv0:amd64 (0.0~git202401110.af6ac82-1) ...
verify	Run npx playwright install --with-deps chromium webkit	2026-10-05T04:56:30.9975653Z Setting up libmplex2-2.1-0t64:amd64 (1:2.1.0+debian-8.1build1) ...
verify	Run npx playwright install --with-deps chromium webkit	2026-10-05T04:56:30.9989272Z Setting up libpipewire-0.3-0t64:amd64 (1.0.5-1ubuntu3.3) ...
verify	Run npx playwright install --with-deps chromium webkit	2026-10-05T04:56:31.0013159Z Setting up libopenmpt0t64:amd64 (0.7.3-1.1build3) ...
verify	Run npx playwright install --with-deps chromium webkit	2026-10-05T04:56:31.0027469Z Setting up libzvbi-common (0.2.42-2) ...
verify	Run npx playwright install --with-deps chromium webkit	2026-10-05T04:56:31.0043172Z Setting up libsecret-common (0.21.4-1build3) ...
verify	Run npx playwright install --with-deps chromium webkit	2026-10-05T04:56:31.0059018Z Setting up libmp3lame0:amd64 (3.100-6build1) ...
verify	Run npx playwright install --with-deps chromium webkit	2026-10-05T04:56:31.0072323Z Setting up libgraphene-1.0-0:amd64 (1.10.8-3build2) ...
verify	Run npx playwright install --with-deps chromium webkit	2026-10-05T04:56:31.0087954Z Setting up libvorbisenc2:amd64 (1.3.7-1build3) ...
verify	Run npx playwright install --with-deps chromium webkit	2026-10-05T04:56:31.0102740Z Setting up libdvdnav4:amd64 (6.1.1-3build1) ...
verify	Run npx playwright install --with-deps chromium webkit	2026-10-05T04:56:31.0115649Z Setting up fonts-unifont (1:15.1.01-1build1) ...
verify	Run npx playwright install --with-deps chromium webkit	2026-10-05T04:56:31.0129993Z Setting up libaa1:amd64 (1.4p5-51.1) ...
verify	Run npx playwright install --with-deps chromium webkit	2026-10-05T04:56:31.0143981Z Setting up libiec61883-0:amd64 (1.2.0-6build1) ...
verify	Run npx playwright install --with-deps chromium webkit	2026-10-05T04:56:31.0159897Z Setting up libserd-0-0:amd64 (0.32.2-1) ...
verify	Run npx playwright install --with-deps chromium webkit	2026-10-05T04:56:31.0176580Z Setting up libavc1394-0:amd64 (0.5.4-5build3) ...
verify	Run npx playwright install --with-deps chromium webkit	2026-10-05T04:56:31.0190494Z Setting up gsettings-desktop-schemas (46.1-0ubuntu1) ...
verify	Run npx playwright install --with-deps chromium webkit	2026-10-05T04:56:31.0206748Z Setting up glib-networking-services (2.80.0-1build1) ...
verify	Run npx playwright install --with-deps chromium webkit	2026-10-05T04:56:31.0223160Z Setting up liblapack3:amd64 (3.12.0-3build1.1) ...
verify	Run npx playwright install --with-deps chromium webkit	2026-10-05T04:56:31.0276563Z update-alternatives: using /usr/lib/x86_64-linux-gnu/lapack/liblapack.so.3 to provide /usr/lib/x86_64-linux-gnu/liblapack.so.3 (liblapack.so.3-x86_64-linux-gnu) in auto mode
verify	Run npx playwright install --with-deps chromium webkit	2026-10-05T04:56:31.0288006Z Setting up libglx-mesa0:amd64 (25.2.8-0ubuntu0.24.04.4) ...
verify	Run npx playwright install --with-deps chromium webkit	2026-10-05T04:56:31.0301397Z Setting up libzvbi0t64:amd64 (0.2.42-2) ...
verify	Run npx playwright install --with-deps chromium webkit	2026-10-05T04:56:31.0317624Z Setting up libevent-pthreads-2.1-7t64:amd64 (2.1.12-stable-9ubuntu2.2) ...
verify	Run npx playwright install --with-deps chromium webkit	2026-10-05T04:56:31.0336257Z Setting up liblrdf0:amd64 (0.6.1-4build1) ...
verify	Run npx playwright install --with-deps chromium webkit	2026-10-05T04:56:31.0350022Z Setting up libzbar0t64:amd64 (0.23.93-4build3) ...
verify	Run npx playwright install --with-deps chromium webkit	2026-10-05T04:56:31.0368517Z Setting up libgstreamer-plugins-base1.0-0:amd64 (1.24.2-1ubuntu0.5) ...
verify	Run npx playwright install --with-deps chromium webkit	2026-10-05T04:56:31.0382261Z Setting up libavutil58:amd64 (7:6.1.1-3ubuntu5) ...
verify	Run npx playwright install --with-deps chromium webkit	2026-10-05T04:56:31.0395463Z Setting up libopenal1:amd64 (1:1.23.1-4build1) ...
verify	Run npx playwright install --with-deps chromium webkit	2026-10-05T04:56:31.0411858Z Setting up xfonts-utils (1:7.7+6build3) ...
verify	Run npx playwright install --with-deps chromium webkit	2026-10-05T04:56:31.0443916Z Setting up libsecret-1-0:amd64 (0.21.4-1build3) ...
verify	Run npx playwright install --with-deps chromium webkit	2026-10-05T04:56:31.0461837Z Setting up libgstreamer-plugins-good1.0-0:amd64 (1.24.2-1ubuntu1.8) ...
verify	Run npx playwright install --with-deps chromium webkit	2026-10-05T04:56:31.0479768Z Setting up libgstreamer-gl1.0-0:amd64 (1.24.2-1ubuntu0.5) ...
verify	Run npx playwright install --with-deps chromium webkit	2026-10-05T04:56:31.0494973Z Setting up gstreamer1.0-plugins-base:amd64 (1.24.2-1ubuntu0.5) ...
verify	Run npx playwright install --with-deps chromium webkit	2026-10-05T04:56:31.0509684Z Setting up libass9:amd64 (1:0.17.1-2build1) ...
verify	Run npx playwright install --with-deps chromium webkit	2026-10-05T04:56:31.0522787Z Setting up libswresample4:amd64 (7:6.1.1-3ubuntu5) ...
verify	Run npx playwright install --with-deps chromium webkit	2026-10-05T04:56:31.0539464Z Setting up libopenexr-3-1-30:amd64 (3.1.5-5.1build3) ...
verify	Run npx playwright install --with-deps chromium webkit	2026-10-05T04:56:31.0553144Z Setting up libshout3:amd64 (2.4.6-1build2) ...
verify	Run npx playwright install --with-deps chromium webkit	2026-10-05T04:56:31.0567110Z Setting up libgav1-1:amd64 (0.18.0-1build3) ...
verify	Run npx playwright install --with-deps chromium webkit	2026-10-05T04:56:31.0582870Z Setting up libavcodec60:amd64 (7:6.1.1-3ubuntu5) ...
verify	Run npx playwright install --with-deps chromium webkit	2026-10-05T04:56:31.0597705Z Setting up librubberband2:amd64 (3.3.0+dfsg-2build1) ...
verify	Run npx playwright install --with-deps chromium webkit	2026-10-05T04:56:31.0611107Z Setting up libjack-jackd2-0:amd64 (1.9.21~dfsg-3ubuntu3) ...
verify	Run npx playwright install --with-deps chromium webkit	2026-10-05T04:56:31.0626798Z Setting up libsord-0-0:amd64 (0.16.16-2build1) ...
verify	Run npx playwright install --with-deps chromium webkit	2026-10-05T04:56:31.0643137Z Setting up xfonts-cyrillic (1:1.0.5+nmu1) ...
verify	Run npx playwright install --with-deps chromium webkit	2026-10-05T04:56:31.0964077Z Setting up libpostproc57:amd64 (7:6.1.1-3ubuntu5) ...
verify	Run npx playwright install --with-deps chromium webkit	2026-10-05T04:56:31.0977967Z Setting up libsratom-0-0:amd64 (0.6.16-1build1) ...
verify	Run npx playwright install --with-deps chromium webkit	2026-10-05T04:56:31.0995221Z Setting up libsndfile1:amd64 (1.2.2-1ubuntu5.24.04.1) ...
verify	Run npx playwright install --with-deps chromium webkit	2026-10-05T04:56:31.1013369Z Setting up liblilv-0-0:amd64 (0.24.22-1build1) ...
verify	Run npx playwright install --with-deps chromium webkit	2026-10-05T04:56:31.1391085Z Setting up libinstpatch-1.0-2:amd64 (1.1.6-1build2) ...
verify	Run npx playwright install --with-deps chromium webkit	2026-10-05T04:56:31.1404301Z Setting up xfonts-scalable (1:1.0.3-1.3) ...
verify	Run npx playwright install --with-deps chromium webkit	2026-10-05T04:56:31.1691442Z Setting up libswscale7:amd64 (7:6.1.1-3ubuntu5) ...
verify	Run npx playwright install --with-deps chromium webkit	2026-10-05T04:56:31.1706687Z Setting up libavif16:amd64 (1.0.4-1ubuntu3) ...
verify	Run npx playwright install --with-deps chromium webkit	2026-10-05T04:56:31.1724364Z Setting up libpulse0:amd64 (1:16.1+dfsg1-2ubuntu10.1) ...
verify	Run npx playwright install --with-deps chromium webkit	2026-10-05T04:56:31.1779123Z Setting up libavformat60:amd64 (7:6.1.1-3ubuntu5) ...
verify	Run npx playwright install --with-deps chromium webkit	2026-10-05T04:56:31.1796376Z Setting up libsphinxbase3t64:amd64 (0.8+5prealpha+1-17build2) ...
verify	Run npx playwright install --with-deps chromium webkit	2026-10-05T04:56:31.1811602Z Setting up libsdl2-2.0-0:amd64 (2.30.0+dfsg-1ubuntu3.1) ...
verify	Run npx playwright install --with-deps chromium webkit	2026-10-05T04:56:31.1826864Z Setting up libfluidsynth3:amd64 (2.3.4-1build3) ...
verify	Run npx playwright install --with-deps chromium webkit	2026-10-05T04:56:31.1842762Z Setting up libpocketsphinx3:amd64 (0.8.0+real5prealpha+1-15ubuntu5) ...
verify	Run npx playwright install --with-deps chromium webkit	2026-10-05T04:56:31.1857672Z Setting up libavfilter9:amd64 (7:6.1.1-3ubuntu5) ...
verify	Run npx playwright install --with-deps chromium webkit	2026-10-05T04:56:31.1873139Z Setting up gstreamer1.0-libav:amd64 (1.24.1-1build1) ...
verify	Run npx playwright install --with-deps chromium webkit	2026-10-05T04:56:31.2135188Z Processing triggers for fontconfig (2.15.0-1.1ubuntu2) ...
verify	Run npx playwright install --with-deps chromium webkit	2026-10-05T04:56:31.3997043Z Processing triggers for libc-bin (2.39-0ubuntu8.9) ...
verify	Run npx playwright install --with-deps chromium webkit	2026-10-05T04:56:33.4334134Z Processing triggers for man-db (2.12.0-4build2) ...
verify	Run npx playwright install --with-deps chromium webkit	2026-10-05T04:56:33.5337723Z Not building database; man-db/auto-update is not 'true'.
verify	Run npx playwright install --with-deps chromium webkit	2026-10-05T04:56:33.5364557Z Processing triggers for libglib2.0-0t64:amd64 (2.80.0-6ubuntu3.9) ...
verify	Run npx playwright install --with-deps chromium webkit	2026-10-05T04:56:33.6169439Z Setting up libgtk-4-1:amd64 (4.14.5+ds-0ubuntu0.10) ...
verify	Run npx playwright install --with-deps chromium webkit	2026-10-05T04:56:33.6808556Z Setting up glib-networking:amd64 (2.80.0-1build1) ...
verify	Run npx playwright install --with-deps chromium webkit	2026-10-05T04:56:33.6839338Z Setting up libsoup-3.0-0:amd64 (3.4.4-5ubuntu0.8) ...
verify	Run npx playwright install --with-deps chromium webkit	2026-10-05T04:56:33.6867182Z Setting up libgssdp-1.6-0:amd64 (1.6.3-1build3) ...
verify	Run npx playwright install --with-deps chromium webkit	2026-10-05T04:56:33.6927952Z Setting up gstreamer1.0-plugins-good:amd64 (1.24.2-1ubuntu1.8) ...
verify	Run npx playwright install --with-deps chromium webkit	2026-10-05T04:56:33.6946295Z Setting up libgupnp-1.6-0:amd64 (1.6.6-1build3) ...
verify	Run npx playwright install --with-deps chromium webkit	2026-10-05T04:56:33.7001354Z Setting up libgupnp-igd-1.6-0:amd64 (1.6.0-3build3) ...
verify	Run npx playwright install --with-deps chromium webkit	2026-10-05T04:56:33.7030524Z Setting up libnice10:amd64 (0.1.21-2build3) ...
verify	Run npx playwright install --with-deps chromium webkit	2026-10-05T04:56:33.7165215Z Setting up libgstreamer-plugins-bad1.0-0:amd64 (1.24.2-1ubuntu4) ...
verify	Run npx playwright install --with-deps chromium webkit	2026-10-05T04:56:33.7199857Z Setting up gstreamer1.0-plugins-bad:amd64 (1.24.2-1ubuntu4) ...
verify	Run npx playwright install --with-deps chromium webkit	2026-10-05T04:56:33.7217372Z Processing triggers for libc-bin (2.39-0ubuntu8.9) ...
verify	Run npx playwright install --with-deps chromium webkit	2026-10-05T04:56:34.8458365Z 
verify	Run npx playwright install --with-deps chromium webkit	2026-10-05T04:56:34.8459169Z Running kernel seems to be up-to-date.
verify	Run npx playwright install --with-deps chromium webkit	2026-10-05T04:56:34.8459500Z 
verify	Run npx playwright install --with-deps chromium webkit	2026-10-05T04:56:34.8459689Z No services need to be restarted.
verify	Run npx playwright install --with-deps chromium webkit	2026-10-05T04:56:34.8459906Z 
verify	Run npx playwright install --with-deps chromium webkit	2026-10-05T04:56:34.8460084Z No containers need to be restarted.
verify	Run npx playwright install --with-deps chromium webkit	2026-10-05T04:56:34.8460308Z 
verify	Run npx playwright install --with-deps chromium webkit	2026-10-05T04:56:34.8460514Z No user sessions are running outdated binaries.
verify	Run npx playwright install --with-deps chromium webkit	2026-10-05T04:56:34.8460768Z 
verify	Run npx playwright install --with-deps chromium webkit	2026-10-05T04:56:34.8461119Z No VM guests are running outdated hypervisor (qemu) binaries on this host.
verify	Run npx playwright install --with-deps chromium webkit	2026-10-05T04:56:35.6304872Z Downloading Chrome for Testing 149.0.7827.55 (playwright chromium v1228) from https://cdn.playwright.dev/builds/cft/149.0.7827.55/linux64/chrome-linux64.zip
verify	Run npx playwright install --with-deps chromium webkit	2026-10-05T04:56:36.5931985Z |                                                                                |   0% of 177 MiB
verify	Run npx playwright install --with-deps chromium webkit	2026-10-05T04:56:36.7865940Z |■■■■■■■■                                                                        |  10% of 177 MiB
verify	Run npx playwright install --with-deps chromium webkit	2026-10-05T04:56:36.8770237Z |■■■■■■■■■■■■■■■■                                                                |  20% of 177 MiB
verify	Run npx playwright install --with-deps chromium webkit	2026-10-05T04:56:36.9990285Z |■■■■■■■■■■■■■■■■■■■■■■■■                                                        |  30% of 177 MiB
verify	Run npx playwright install --with-deps chromium webkit	2026-10-05T04:56:37.1318240Z |■■■■■■■■■■■■■■■■■■■■■■■■■■■■■■■■                                                |  40% of 177 MiB
verify	Run npx playwright install --with-deps chromium webkit	2026-10-05T04:56:37.2877114Z |■■■■■■■■■■■■■■■■■■■■■■■■■■■■■■■■■■■■■■■■                                        |  50% of 177 MiB
verify	Run npx playwright install --with-deps chromium webkit	2026-10-05T04:56:37.3892095Z |■■■■■■■■■■■■■■■■■■■■■■■■■■■■■■■■■■■■■■■■■■■■■■■■                                |  60% of 177 MiB
verify	Run npx playwright install --with-deps chromium webkit	2026-10-05T04:56:37.5172726Z |■■■■■■■■■■■■■■■■■■■■■■■■■■■■■■■■■■■■■■■■■■■■■■■■■■■■■■■■                        |  70% of 177 MiB
verify	Run npx playwright install --with-deps chromium webkit	2026-10-05T04:56:37.6247224Z |■■■■■■■■■■■■■■■■■■■■■■■■■■■■■■■■■■■■■■■■■■■■■■■■■■■■■■■■■■■■■■■■                |  80% of 177 MiB
verify	Run npx playwright install --with-deps chromium webkit	2026-10-05T04:56:37.6966159Z |■■■■■■■■■■■■■■■■■■■■■■■■■■■■■■■■■■■■■■■■■■■■■■■■■■■■■■■■■■■■■■■■■■■■■■■■        |  90% of 177 MiB
verify	Run npx playwright install --with-deps chromium webkit	2026-10-05T04:56:37.8239156Z |■■■■■■■■■■■■■■■■■■■■■■■■■■■■■■■■■■■■■■■■■■■■■■■■■■■■■■■■■■■■■■■■■■■■■■■■■■■■■■■■| 100% of 177 MiB
verify	Run npx playwright install --with-deps chromium webkit	2026-10-05T04:56:40.1537382Z Chrome for Testing 149.0.7827.55 (playwright chromium v1228) downloaded to /home/runner/.cache/ms-playwright/chromium-1228
verify	Run npx playwright install --with-deps chromium webkit	2026-10-05T04:56:40.1540718Z Downloading FFmpeg (playwright ffmpeg v1011) from https://cdn.playwright.dev/dbazure/download/playwright/builds/ffmpeg/1011/ffmpeg-linux.zip
verify	Run npx playwright install --with-deps chromium webkit	2026-10-05T04:56:41.0601726Z |                                                                                |   0% of 2.3 MiB
verify	Run npx playwright install --with-deps chromium webkit	2026-10-05T04:56:41.0832283Z |■■■■■■■■                                                                        |  10% of 2.3 MiB
verify	Run npx playwright install --with-deps chromium webkit	2026-10-05T04:56:41.0922031Z |■■■■■■■■■■■■■■■■                                                                |  20% of 2.3 MiB
verify	Run npx playwright install --with-deps chromium webkit	2026-10-05T04:56:41.1004664Z |■■■■■■■■■■■■■■■■■■■■■■■■                                                        |  30% of 2.3 MiB
verify	Run npx playwright install --with-deps chromium webkit	2026-10-05T04:56:41.1079845Z |■■■■■■■■■■■■■■■■■■■■■■■■■■■■■■■■                                                |  40% of 2.3 MiB
verify	Run npx playwright install --with-deps chromium webkit	2026-10-05T04:56:41.1092259Z |■■■■■■■■■■■■■■■■■■■■■■■■■■■■■■■■■■■■■■■■                                        |  50% of 2.3 MiB
verify	Run npx playwright install --with-deps chromium webkit	2026-10-05T04:56:41.1160695Z |■■■■■■■■■■■■■■■■■■■■■■■■■■■■■■■■■■■■■■■■■■■■■■■■                                |  60% of 2.3 MiB
verify	Run npx playwright install --with-deps chromium webkit	2026-10-05T04:56:41.1171846Z |■■■■■■■■■■■■■■■■■■■■■■■■■■■■■■■■■■■■■■■■■■■■■■■■■■■■■■■■                        |  70% of 2.3 MiB
verify	Run npx playwright install --with-deps chromium webkit	2026-10-05T04:56:41.1183312Z |■■■■■■■■■■■■■■■■■■■■■■■■■■■■■■■■■■■■■■■■■■■■■■■■■■■■■■■■■■■■■■■■                |  80% of 2.3 MiB
verify	Run npx playwright install --with-deps chromium webkit	2026-10-05T04:56:41.1256732Z |■■■■■■■■■■■■■■■■■■■■■■■■■■■■■■■■■■■■■■■■■■■■■■■■■■■■■■■■■■■■■■■■■■■■■■■■        |  90% of 2.3 MiB
verify	Run npx playwright install --with-deps chromium webkit	2026-10-05T04:56:41.1257687Z |■■■■■■■■■■■■■■■■■■■■■■■■■■■■■■■■■■■■■■■■■■■■■■■■■■■■■■■■■■■■■■■■■■■■■■■■■■■■■■■■| 100% of 2.3 MiB
verify	Run npx playwright install --with-deps chromium webkit	2026-10-05T04:56:41.1727331Z FFmpeg (playwright ffmpeg v1011) downloaded to /home/runner/.cache/ms-playwright/ffmpeg-1011
verify	Run npx playwright install --with-deps chromium webkit	2026-10-05T04:56:41.1728700Z Downloading Chrome Headless Shell 149.0.7827.55 (playwright chromium-headless-shell v1228) from https://cdn.playwright.dev/builds/cft/149.0.7827.55/linux64/chrome-headless-shell-linux64.zip
verify	Run npx playwright install --with-deps chromium webkit	2026-10-05T04:56:42.1208909Z |                                                                                |   0% of 114.2 MiB
verify	Run npx playwright install --with-deps chromium webkit	2026-10-05T04:56:42.2745797Z |■■■■■■■■                                                                        |  10% of 114.2 MiB
verify	Run npx playwright install --with-deps chromium webkit	2026-10-05T04:56:42.3195454Z |■■■■■■■■■■■■■■■■                                                                |  20% of 114.2 MiB
verify	Run npx playwright install --with-deps chromium webkit	2026-10-05T04:56:42.3615107Z |■■■■■■■■■■■■■■■■■■■■■■■■                                                        |  30% of 114.2 MiB
verify	Run npx playwright install --with-deps chromium webkit	2026-10-05T04:56:42.4142149Z |■■■■■■■■■■■■■■■■■■■■■■■■■■■■■■■■                                                |  40% of 114.2 MiB
verify	Run npx playwright install --with-deps chromium webkit	2026-10-05T04:56:42.4556927Z |■■■■■■■■■■■■■■■■■■■■■■■■■■■■■■■■■■■■■■■■                                        |  50% of 114.2 MiB
verify	Run npx playwright install --with-deps chromium webkit	2026-10-05T04:56:42.5034521Z |■■■■■■■■■■■■■■■■■■■■■■■■■■■■■■■■■■■■■■■■■■■■■■■■                                |  60% of 114.2 MiB
verify	Run npx playwright install --with-deps chromium webkit	2026-10-05T04:56:42.5504052Z |■■■■■■■■■■■■■■■■■■■■■■■■■■■■■■■■■■■■■■■■■■■■■■■■■■■■■■■■                        |  70% of 114.2 MiB
verify	Run npx playwright install --with-deps chromium webkit	2026-10-05T04:56:42.5916702Z |■■■■■■■■■■■■■■■■■■■■■■■■■■■■■■■■■■■■■■■■■■■■■■■■■■■■■■■■■■■■■■■■                |  80% of 114.2 MiB
verify	Run npx playwright install --with-deps chromium webkit	2026-10-05T04:56:42.6310570Z |■■■■■■■■■■■■■■■■■■■■■■■■■■■■■■■■■■■■■■■■■■■■■■■■■■■■■■■■■■■■■■■■■■■■■■■■        |  90% of 114.2 MiB
verify	Run npx playwright install --with-deps chromium webkit	2026-10-05T04:56:42.6778062Z |■■■■■■■■■■■■■■■■■■■■■■■■■■■■■■■■■■■■■■■■■■■■■■■■■■■■■■■■■■■■■■■■■■■■■■■■■■■■■■■■| 100% of 114.2 MiB
verify	Run npx playwright install --with-deps chromium webkit	2026-10-05T04:56:44.3845105Z Chrome Headless Shell 149.0.7827.55 (playwright chromium-headless-shell v1228) downloaded to /home/runner/.cache/ms-playwright/chromium_headless_shell-1228
verify	Run npx playwright install --with-deps chromium webkit	2026-10-05T04:56:44.3847434Z Downloading WebKit 26.5 (playwright webkit v2311) from https://cdn.playwright.dev/dbazure/download/playwright/builds/webkit/2311/webkit-ubuntu-24.04.zip
verify	Run npx playwright install --with-deps chromium webkit	2026-10-05T04:56:45.2749584Z |                                                                                |   0% of 100.9 MiB
verify	Run npx playwright install --with-deps chromium webkit	2026-10-05T04:56:45.3241211Z |■■■■■■■■                                                                        |  10% of 100.9 MiB
verify	Run npx playwright install --with-deps chromium webkit	2026-10-05T04:56:45.3736373Z |■■■■■■■■■■■■■■■■                                                                |  20% of 100.9 MiB
verify	Run npx playwright install --with-deps chromium webkit	2026-10-05T04:56:45.4106335Z |■■■■■■■■■■■■■■■■■■■■■■■■                                                        |  30% of 100.9 MiB
verify	Run npx playwright install --with-deps chromium webkit	2026-10-05T04:56:45.4448374Z |■■■■■■■■■■■■■■■■■■■■■■■■■■■■■■■■                                                |  40% of 100.9 MiB
verify	Run npx playwright install --with-deps chromium webkit	2026-10-05T04:56:45.4951281Z |■■■■■■■■■■■■■■■■■■■■■■■■■■■■■■■■■■■■■■■■                                        |  50% of 100.9 MiB
verify	Run npx playwright install --with-deps chromium webkit	2026-10-05T04:56:45.5197065Z |■■■■■■■■■■■■■■■■■■■■■■■■■■■■■■■■■■■■■■■■■■■■■■■■                                |  60% of 100.9 MiB
verify	Run npx playwright install --with-deps chromium webkit	2026-10-05T04:56:45.5443968Z |■■■■■■■■■■■■■■■■■■■■■■■■■■■■■■■■■■■■■■■■■■■■■■■■■■■■■■■■                        |  70% of 100.9 MiB
verify	Run npx playwright install --with-deps chromium webkit	2026-10-05T04:56:45.5879541Z |■■■■■■■■■■■■■■■■■■■■■■■■■■■■■■■■■■■■■■■■■■■■■■■■■■■■■■■■■■■■■■■■                |  80% of 100.9 MiB
verify	Run npx playwright install --with-deps chromium webkit	2026-10-05T04:56:45.6173535Z |■■■■■■■■■■■■■■■■■■■■■■■■■■■■■■■■■■■■■■■■■■■■■■■■■■■■■■■■■■■■■■■■■■■■■■■■        |  90% of 100.9 MiB
verify	Run npx playwright install --with-deps chromium webkit	2026-10-05T04:56:45.6446121Z |■■■■■■■■■■■■■■■■■■■■■■■■■■■■■■■■■■■■■■■■■■■■■■■■■■■■■■■■■■■■■■■■■■■■■■■■■■■■■■■■| 100% of 100.9 MiB
verify	Run npx playwright install --with-deps chromium webkit	2026-10-05T04:56:47.2334678Z WebKit 26.5 (playwright webkit v2311) downloaded to /home/runner/.cache/ms-playwright/webkit-2311
verify	Run xvfb-run -a npm run test:browser	﻿2026-10-05T04:56:47.4503277Z ##[group]Run xvfb-run -a npm run test:browser
verify	Run xvfb-run -a npm run test:browser	2026-10-05T04:56:47.4503598Z [36;1mxvfb-run -a npm run test:browser[0m
verify	Run xvfb-run -a npm run test:browser	2026-10-05T04:56:47.4559074Z shell: /usr/bin/bash -e {0}
verify	Run xvfb-run -a npm run test:browser	2026-10-05T04:56:47.4559334Z ##[endgroup]
verify	Run xvfb-run -a npm run test:browser	2026-10-05T04:56:51.0900617Z 
verify	Run xvfb-run -a npm run test:browser	2026-10-05T04:56:51.0901319Z > gekichin@0.1.0 test:browser
verify	Run xvfb-run -a npm run test:browser	2026-10-05T04:56:51.0901650Z > playwright test
verify	Run xvfb-run -a npm run test:browser	2026-10-05T04:56:51.0901772Z 
verify	Run xvfb-run -a npm run test:browser	2026-10-05T04:56:52.5097876Z 
verify	Run xvfb-run -a npm run test:browser	2026-10-05T04:56:52.5098516Z Running 28 tests using 1 worker
verify	Run xvfb-run -a npm run test:browser	2026-10-05T04:56:52.5112759Z 
verify	Run xvfb-run -a npm run test:browser	2026-10-05T04:57:06.0879134Z   ✓   1 [chromium] › browser-tests/combat.spec.ts:30:1 › Easy combat clock, six-face HUD, pause and explicit resume follow product controls (11.7s)
verify	Run xvfb-run -a npm run test:browser	2026-10-05T04:57:17.7573860Z   ✓   2 [chromium] › browser-tests/combat.spec.ts:58:1 › Normal keyboard firing consumes real ammunition and updates flight HUD, then pauses cleanly (11.7s)
verify	Run xvfb-run -a npm run test:browser	2026-10-05T04:57:33.7681718Z   ✓   3 [chromium] › browser-tests/combat.spec.ts:90:1 › ten product restart cycles retain one bounded scene and stable WebGL resources (16.0s)
verify	Run xvfb-run -a npm run test:browser	2026-10-05T04:57:40.2548029Z   ✓   4 [chromium] › browser-tests/combat.spec.ts:132:1 › abort replaces the previous result display before the next rendered frame (6.5s)
verify	Run xvfb-run -a npm run test:browser	2026-10-05T04:57:51.6824524Z   ✓   5 [chromium] › browser-tests/evasion-visual.spec.ts:3:1 › normal product camera shows a main-gun warning and an ordinary turn (11.4s)
verify	Run xvfb-run -a npm run test:browser	2026-10-05T04:58:04.0063752Z   ✓   6 [chromium] › browser-tests/p1-flow.spec.ts:9:1 › Normal keyboard flight, loop interruption, pause, settings, report and reflight use one operation (12.3s)
verify	Run xvfb-run -a npm run test:browser	2026-10-05T04:58:10.2374088Z   ✓   7 [chromium] › browser-tests/p1-flow.spec.ts:33:1 › multi-touch cancel, lost capture, resize and compatibility click release held input (6.2s)
verify	Run xvfb-run -a npm run test:browser	2026-10-05T04:58:37.7262742Z   ✓   8 [chromium] › browser-tests/p1-flow.spec.ts:51:1 › Easy one button fits specified viewports and ten repeated starts never duplicate app resources (27.5s)
verify	Run xvfb-run -a npm run test:browser	2026-10-05T04:58:43.7948274Z   ✓   9 [chromium] › browser-tests/p1-flow.spec.ts:65:1 › WebGL loss while paused or editing gives guidance and restoration needs explicit resume (6.1s)
verify	Run xvfb-run -a npm run test:browser	2026-10-05T04:58:48.6616660Z   ✓  10 [chromium] › browser-tests/p1-flow.spec.ts:74:1 › an aborted combat report does not write a best record or make game API requests (4.8s)
verify	Run xvfb-run -a npm run test:browser	2026-10-05T04:58:53.5122723Z   ✓  11 [chromium] › browser-tests/p1-flow.spec.ts:93:1 › an explicit visibilitychange fixture stops flight and visible recovery never resumes it (4.8s)
verify	Run xvfb-run -a npm run test:browser	2026-10-05T04:58:59.8622206Z   ✓  12 [chromium] › browser-tests/p1-flow.spec.ts:114:1 › sound starts OFF, pauses with flight and reuses one audio context after replay (6.3s)
verify	Run xvfb-run -a npm run test:browser	2026-10-05T04:59:04.9764681Z   ✓  13 [chromium] › browser-tests/p1-independent-ui.spec.ts:10:1 › touch preview controls fit their scroller and Gekichin settings leave other games storage untouched (5.1s)
verify	Run xvfb-run -a npm run test:browser	2026-10-05T04:59:09.7125310Z   ✓  14 [chromium] › browser-tests/p1-independent.spec.ts:10:1 › a pause binding on Enter leaves home and result button activation with native Enter (4.7s)
verify	Run xvfb-run -a npm run test:browser	2026-10-05T04:59:17.2191391Z   ✓  15 [chromium] › browser-tests/p1-independent.spec.ts:36:1 › an event-loop stall of at least two seconds freezes the flight until explicit resume (7.5s)
verify	Run xvfb-run -a npm run test:browser	2026-10-05T04:59:20.2019921Z   ✓  16 [chromium] › browser-tests/p1-independent.spec.ts:57:1 › when WebGL creation fails, settings and help remain available while flight stays disabled (3.0s)
verify	Run xvfb-run -a npm run test:browser	2026-10-05T04:59:28.5821384Z   ✓  17 [chromium] › browser-tests/p1-settings.spec.ts:20:1 › nine keyboard actions reject duplicate, reserved, modifier and IME input; draft and focus are transactional (8.4s)
verify	Run xvfb-run -a npm run test:browser	2026-10-05T04:59:37.1317564Z   ✓  18 [chromium] › browser-tests/p1-settings.spec.ts:48:1 › home editors offer both modes and persist touch size, opacity and placement only after save (8.5s)
verify	Run xvfb-run -a npm run test:browser	2026-10-05T04:59:42.6189106Z   ✓  19 [chromium] › browser-tests/p1-settings.spec.ts:68:1 › a multi-key save failure rolls back and only explicit session use changes active settings (5.5s)
verify	Run xvfb-run -a npm run test:browser	2026-10-05T04:59:48.9604707Z   ✓  20 [chromium] › browser-tests/p1-settings.spec.ts:90:1 › future-version values are never downgraded and failed drafts can be cancelled (6.3s)
verify	Run xvfb-run -a npm run test:browser	2026-10-05T05:00:16.4801306Z   ✓  21 [chromium] › browser-tests/p1-settings.spec.ts:104:1 › home, settings and guide stay reachable at all required viewports and 200 percent text (27.5s)
verify	Run xvfb-run -a npm run test:browser	2026-10-05T05:00:24.9440030Z   ✓  22 [webkit-ui] › browser-tests/p1-independent-ui.spec.ts:10:1 › touch preview controls fit their scroller and Gekichin settings leave other games storage untouched (6.1s)
verify	Run xvfb-run -a npm run test:browser	2026-10-05T05:00:29.7628327Z   ✓  23 [webkit-ui] › browser-tests/p1-settings.spec.ts:20:1 › nine keyboard actions reject duplicate, reserved, modifier and IME input; draft and focus are transactional (4.8s)
verify	Run xvfb-run -a npm run test:browser	2026-10-05T05:00:34.0807535Z   ✓  24 [webkit-ui] › browser-tests/p1-settings.spec.ts:48:1 › home editors offer both modes and persist touch size, opacity and placement only after save (4.3s)
verify	Run xvfb-run -a npm run test:browser	2026-10-05T05:00:36.4961704Z   ✓  25 [webkit-ui] › browser-tests/p1-settings.spec.ts:68:1 › a multi-key save failure rolls back and only explicit session use changes active settings (2.4s)
verify	Run xvfb-run -a npm run test:browser	2026-10-05T05:00:39.9337634Z   ✓  26 [webkit-ui] › browser-tests/p1-settings.spec.ts:90:1 › future-version values are never downgraded and failed drafts can be cancelled (3.4s)
verify	Run xvfb-run -a npm run test:browser	2026-10-05T05:00:54.3959100Z   ✓  27 [webkit-ui] › browser-tests/p1-settings.spec.ts:104:1 › home, settings and guide stay reachable at all required viewports and 200 percent text (14.5s)
verify	Run xvfb-run -a npm run test:browser	2026-10-05T05:01:02.2310360Z   ✓  28 [chromium-headed] › browser-tests/p1-native-visibility.spec.ts:8:1 › a native headed tab hides the flight, freezes its clock and requires explicit resume (7.4s)
verify	Run xvfb-run -a npm run test:browser	2026-10-05T05:01:02.2792514Z 
verify	Run xvfb-run -a npm run test:browser	2026-10-05T05:01:02.2841102Z   28 passed (4.2m)
verify	Run actions/upload-artifact@v4	﻿2026-10-05T05:01:02.3164403Z ##[group]Run actions/upload-artifact@v4
verify	Run actions/upload-artifact@v4	2026-10-05T05:01:02.3164665Z with:
verify	Run actions/upload-artifact@v4	2026-10-05T05:01:02.3164838Z   name: browser-evidence
verify	Run actions/upload-artifact@v4	2026-10-05T05:01:02.3165049Z   path: playwright-report/
verify	Run actions/upload-artifact@v4	test-results/
verify	Run actions/upload-artifact@v4	
verify	Run actions/upload-artifact@v4	2026-10-05T05:01:02.3165282Z   if-no-files-found: ignore
verify	Run actions/upload-artifact@v4	2026-10-05T05:01:02.3165477Z   compression-level: 6
verify	Run actions/upload-artifact@v4	2026-10-05T05:01:02.3165874Z   overwrite: false
verify	Run actions/upload-artifact@v4	2026-10-05T05:01:02.3166063Z   include-hidden-files: false
verify	Run actions/upload-artifact@v4	2026-10-05T05:01:02.3166264Z ##[endgroup]
verify	Run actions/upload-artifact@v4	2026-10-05T05:01:02.4508787Z (node:6367) [DEP0040] DeprecationWarning: The `punycode` module is deprecated. Please use a userland alternative instead.
verify	Run actions/upload-artifact@v4	2026-10-05T05:01:02.4509512Z (Use `node --trace-deprecation ...` to show where the warning was created)
verify	Run actions/upload-artifact@v4	2026-10-05T05:01:02.4591575Z Multiple search paths detected. Calculating the least common ancestor of all paths
verify	Run actions/upload-artifact@v4	2026-10-05T05:01:02.4594061Z The least common ancestor is /home/runner/work/gekichin/gekichin. This will be the root directory of the artifact
verify	Run actions/upload-artifact@v4	2026-10-05T05:01:02.4595187Z With the provided path, there will be 9 files uploaded
verify	Run actions/upload-artifact@v4	2026-10-05T05:01:02.4596676Z Artifact name is valid!
verify	Run actions/upload-artifact@v4	2026-10-05T05:01:02.4597268Z Root directory input is valid!
verify	Run actions/upload-artifact@v4	2026-10-05T05:01:02.7992776Z Beginning upload of artifact content to blob storage
verify	Run actions/upload-artifact@v4	2026-10-05T05:01:02.8522936Z (node:6367) [DEP0169] DeprecationWarning: `url.parse()` behavior is not standardized and prone to errors that have security implications. Use the WHATWG URL API instead. CVEs are not issued for `url.parse()` vulnerabilities.
verify	Run actions/upload-artifact@v4	2026-10-05T05:01:03.3382732Z Uploaded bytes 861907
verify	Run actions/upload-artifact@v4	2026-10-05T05:01:03.4037581Z Finished uploading artifact content to blob storage!
verify	Run actions/upload-artifact@v4	2026-10-05T05:01:03.4038513Z SHA256 digest of uploaded artifact zip is febbf8cce0c645e2fb029ae2878a5bf1628098269324d09db06116d8cb7ca749
verify	Run actions/upload-artifact@v4	2026-10-05T05:01:03.4039558Z Finalizing artifact upload
verify	Run actions/upload-artifact@v4	2026-10-05T05:01:03.6529086Z Artifact browser-evidence.zip successfully finalized. Artifact ID 11326750352
verify	Run actions/upload-artifact@v4	2026-10-05T05:01:03.6529839Z Artifact browser-evidence has been successfully uploaded! Final size is 861907 bytes. Artifact ID is 11326750352
verify	Run actions/upload-artifact@v4	2026-10-05T05:01:03.6535880Z Artifact download URL: https://github.com/chameleonjp-lab/gekichin/actions/runs/37265544385/artifacts/11326750352
verify	Post Run actions/setup-node@v4	﻿2026-10-05T05:01:03.6700541Z Post job cleanup.
verify	Post Run actions/setup-node@v4	2026-10-05T05:01:03.7693245Z (node:6381) [DEP0040] DeprecationWarning: The `punycode` module is deprecated. Please use a userland alternative instead.
verify	Post Run actions/setup-node@v4	2026-10-05T05:01:03.7693941Z (Use `node --trace-deprecation ...` to show where the warning was created)
verify	Post Run actions/setup-node@v4	2026-10-05T05:01:03.7696239Z Cache hit occurred on the primary key node-cache-Linux-x64-npm-6daa055a9f390972a62517bdf89cc7faf62242687fb9edaf4ddbd1a35171a1f5, not saving cache.
verify	Post Run actions/checkout@v4	﻿2026-10-05T05:01:03.7811526Z Post job cleanup.
verify	Post Run actions/checkout@v4	2026-10-05T05:01:03.8501238Z [command]/usr/bin/git version
verify	Post Run actions/checkout@v4	2026-10-05T05:01:03.8537045Z git version 2.55.0
verify	Post Run actions/checkout@v4	2026-10-05T05:01:03.8570711Z Temporarily overriding HOME='/home/runner/work/_temp/d2e4b36e-6604-4f64-8c2d-419e6de0244f' before making global git config changes
verify	Post Run actions/checkout@v4	2026-10-05T05:01:03.8571754Z Adding repository directory to the temporary git global config as a safe directory
verify	Post Run actions/checkout@v4	2026-10-05T05:01:03.8575674Z [command]/usr/bin/git config --global --add safe.directory /home/runner/work/gekichin/gekichin
verify	Post Run actions/checkout@v4	2026-10-05T05:01:03.8608858Z [command]/usr/bin/git config --local --name-only --get-regexp core\.sshCommand
verify	Post Run actions/checkout@v4	2026-10-05T05:01:03.8641641Z [command]/usr/bin/git submodule foreach --recursive sh -c "git config --local --name-only --get-regexp 'core\.sshCommand' && git config --local --unset-all 'core.sshCommand' || :"
verify	Post Run actions/checkout@v4	2026-10-05T05:01:03.8920435Z [command]/usr/bin/git config --local --name-only --get-regexp http\.https\:\/\/github\.com\/\.extraheader
verify	Post Run actions/checkout@v4	2026-10-05T05:01:03.8947717Z http.https://github.com/.extraheader
verify	Post Run actions/checkout@v4	2026-10-05T05:01:03.8968415Z [command]/usr/bin/git config --local --unset-all http.https://github.com/.extraheader
verify	Post Run actions/checkout@v4	2026-10-05T05:01:03.9002080Z [command]/usr/bin/git submodule foreach --recursive sh -c "git config --local --name-only --get-regexp 'http\.https\:\/\/github\.com\/\.extraheader' && git config --local --unset-all 'http.https://github.com/.extraheader' || :"
verify	Post Run actions/checkout@v4	2026-10-05T05:01:03.9287154Z [command]/usr/bin/git config --local --name-only --get-regexp ^includeIf\.gitdir:
verify	Post Run actions/checkout@v4	2026-10-05T05:01:03.9326473Z [command]/usr/bin/git submodule foreach --recursive git config --local --show-origin --name-only --get-regexp remote.origin.url
verify	Complete job	﻿2026-10-05T05:01:03.9703235Z Cleaning up orphan processes
verify	Complete job	2026-10-05T05:01:03.9958296Z ##[warning]Node.js 20 is deprecated. The following actions target Node.js 20 but are being forced to run on Node.js 24: actions/checkout@v4, actions/setup-node@v4, actions/upload-artifact@v4. For more information see: https://github.blog/changelog/2025-09-19-deprecation-of-node-20-on-github-actions-runners/
