verify	Set up job	﻿2026-10-05T04:44:57.3056314Z Current runner version: '2.337.0'
verify	Set up job	2026-10-05T04:44:57.3083806Z ##[group]Runner Image Provisioner
verify	Set up job	2026-10-05T04:44:57.3084760Z Hosted Compute Agent
verify	Set up job	2026-10-05T04:44:57.3085496Z Version: 20260901.588
verify	Set up job	2026-10-05T04:44:57.3086185Z Commit: f88ec8081b781fac6c440065ac7ff9e710ce3d0b
verify	Set up job	2026-10-05T04:44:57.3087045Z Build Date: 2026-09-01T19:56:44Z
verify	Set up job	2026-10-05T04:44:57.3087864Z Worker ID: {c30851fa-49ab-4ae2-ab46-ca3242ba2f23}
verify	Set up job	2026-10-05T04:44:57.3088717Z Azure Region: westus2
verify	Set up job	2026-10-05T04:44:57.3089842Z ##[endgroup]
verify	Set up job	2026-10-05T04:44:57.3091681Z ##[group]Operating System
verify	Set up job	2026-10-05T04:44:57.3092349Z Ubuntu
verify	Set up job	2026-10-05T04:44:57.3093003Z 24.04.5
verify	Set up job	2026-10-05T04:44:57.3093601Z LTS
verify	Set up job	2026-10-05T04:44:57.3094217Z ##[endgroup]
verify	Set up job	2026-10-05T04:44:57.3094860Z ##[group]Runner Image
verify	Set up job	2026-10-05T04:44:57.3095471Z Image: ubuntu-24.04
verify	Set up job	2026-10-05T04:44:57.3096069Z Version: 20260927.320.1
verify	Set up job	2026-10-05T04:44:57.3097179Z Included Software: https://github.com/actions/runner-images/blob/ubuntu24/20260927.320/images/ubuntu/Ubuntu2404-Readme.md
verify	Set up job	2026-10-05T04:44:57.3099434Z Image Release: https://github.com/actions/runner-images/releases/tag/ubuntu24%2F20260927.320
verify	Set up job	2026-10-05T04:44:57.3100463Z ##[endgroup]
verify	Set up job	2026-10-05T04:44:57.3101635Z ##[group]GITHUB_TOKEN Permissions
verify	Set up job	2026-10-05T04:44:57.3103988Z Contents: read
verify	Set up job	2026-10-05T04:44:57.3105027Z Metadata: read
verify	Set up job	2026-10-05T04:44:57.3105717Z ##[endgroup]
verify	Set up job	2026-10-05T04:44:57.3107939Z Secret source: Actions
verify	Set up job	2026-10-05T04:44:57.3109023Z Cache mode: write
verify	Set up job	2026-10-05T04:44:57.3110036Z Prepare workflow directory
verify	Set up job	2026-10-05T04:44:57.3473358Z Prepare all required actions
verify	Set up job	2026-10-05T04:44:57.3523802Z Getting action download info
verify	Set up job	2026-10-05T04:44:57.7190189Z Download action repository 'actions/checkout@v4' (SHA:11d5960a326750d5838078e36cf38b85af677262)
verify	Set up job	2026-10-05T04:44:57.8452426Z Download action repository 'actions/setup-node@v4' (SHA:49933ea5288caeca8642d1e84afbd3f7d6820020)
verify	Set up job	2026-10-05T04:44:57.9302917Z Download action repository 'actions/upload-artifact@v4' (SHA:ea165f8d65b6e75b540449e92b4886f43607fa02)
verify	Set up job	2026-10-05T04:44:58.1503362Z Complete job name: verify
verify	Run actions/checkout@v4	﻿2026-10-05T04:44:58.2326206Z ##[group]Run actions/checkout@v4
verify	Run actions/checkout@v4	2026-10-05T04:44:58.2327138Z with:
verify	Run actions/checkout@v4	2026-10-05T04:44:58.2327623Z   repository: chameleonjp-lab/gekichin
verify	Run actions/checkout@v4	2026-10-05T04:44:58.2331672Z   token: ***
verify	Run actions/checkout@v4	2026-10-05T04:44:58.2332111Z   ssh-strict: true
verify	Run actions/checkout@v4	2026-10-05T04:44:58.2332559Z   ssh-user: git
verify	Run actions/checkout@v4	2026-10-05T04:44:58.2333012Z   persist-credentials: true
verify	Run actions/checkout@v4	2026-10-05T04:44:58.2333510Z   clean: true
verify	Run actions/checkout@v4	2026-10-05T04:44:58.2333960Z   sparse-checkout-cone-mode: true
verify	Run actions/checkout@v4	2026-10-05T04:44:58.2334484Z   fetch-depth: 1
verify	Run actions/checkout@v4	2026-10-05T04:44:58.2334923Z   fetch-tags: false
verify	Run actions/checkout@v4	2026-10-05T04:44:58.2335380Z   show-progress: true
verify	Run actions/checkout@v4	2026-10-05T04:44:58.2335831Z   lfs: false
verify	Run actions/checkout@v4	2026-10-05T04:44:58.2336240Z   submodules: false
verify	Run actions/checkout@v4	2026-10-05T04:44:58.2336706Z   set-safe-directory: true
verify	Run actions/checkout@v4	2026-10-05T04:44:58.2337216Z   allow-unsafe-pr-checkout: false
verify	Run actions/checkout@v4	2026-10-05T04:44:58.2338057Z ##[endgroup]
verify	Run actions/checkout@v4	2026-10-05T04:44:58.3392896Z Syncing repository: chameleonjp-lab/gekichin
verify	Run actions/checkout@v4	2026-10-05T04:44:58.3395482Z ##[group]Getting Git version info
verify	Run actions/checkout@v4	2026-10-05T04:44:58.3396447Z Working directory is '/home/runner/work/gekichin/gekichin'
verify	Run actions/checkout@v4	2026-10-05T04:44:58.3397887Z [command]/usr/bin/git version
verify	Run actions/checkout@v4	2026-10-05T04:44:58.3458674Z git version 2.55.0
verify	Run actions/checkout@v4	2026-10-05T04:44:58.3484618Z ##[endgroup]
verify	Run actions/checkout@v4	2026-10-05T04:44:58.3502618Z Temporarily overriding HOME='/home/runner/work/_temp/4c1ca930-b6ed-4812-b95f-56f554891ada' before making global git config changes
verify	Run actions/checkout@v4	2026-10-05T04:44:58.3505581Z Adding repository directory to the temporary git global config as a safe directory
verify	Run actions/checkout@v4	2026-10-05T04:44:58.3509341Z [command]/usr/bin/git config --global --add safe.directory /home/runner/work/gekichin/gekichin
verify	Run actions/checkout@v4	2026-10-05T04:44:58.3575013Z Deleting the contents of '/home/runner/work/gekichin/gekichin'
verify	Run actions/checkout@v4	2026-10-05T04:44:58.3600295Z ##[group]Initializing the repository
verify	Run actions/checkout@v4	2026-10-05T04:44:58.3602209Z [command]/usr/bin/git init /home/runner/work/gekichin/gekichin
verify	Run actions/checkout@v4	2026-10-05T04:44:58.3740286Z hint: Using 'master' as the name for the initial branch. This default branch name
verify	Run actions/checkout@v4	2026-10-05T04:44:58.3743417Z hint: will change to "main" in Git 3.0. To configure the initial branch name
verify	Run actions/checkout@v4	2026-10-05T04:44:58.3745681Z hint: to use in all of your new repositories, which will suppress this warning,
verify	Run actions/checkout@v4	2026-10-05T04:44:58.3747824Z hint: call:
verify	Run actions/checkout@v4	2026-10-05T04:44:58.3749916Z hint:
verify	Run actions/checkout@v4	2026-10-05T04:44:58.3751696Z hint: 	git config --global init.defaultBranch <name>
verify	Run actions/checkout@v4	2026-10-05T04:44:58.3755557Z hint:
verify	Run actions/checkout@v4	2026-10-05T04:44:58.3757024Z hint: Names commonly chosen instead of 'master' are 'main', 'trunk' and
verify	Run actions/checkout@v4	2026-10-05T04:44:58.3759450Z hint: 'development'. The just-created branch can be renamed via this command:
verify	Run actions/checkout@v4	2026-10-05T04:44:58.3761569Z hint:
verify	Run actions/checkout@v4	2026-10-05T04:44:58.3762718Z hint: 	git branch -m <name>
verify	Run actions/checkout@v4	2026-10-05T04:44:58.3763900Z hint:
verify	Run actions/checkout@v4	2026-10-05T04:44:58.3765329Z hint: Disable this message with "git config set advice.defaultBranchName false"
verify	Run actions/checkout@v4	2026-10-05T04:44:58.3767514Z Initialized empty Git repository in /home/runner/work/gekichin/gekichin/.git/
verify	Run actions/checkout@v4	2026-10-05T04:44:58.3772053Z [command]/usr/bin/git remote add origin https://github.com/chameleonjp-lab/gekichin
verify	Run actions/checkout@v4	2026-10-05T04:44:58.3836254Z ##[endgroup]
verify	Run actions/checkout@v4	2026-10-05T04:44:58.3838301Z ##[group]Disabling automatic garbage collection
verify	Run actions/checkout@v4	2026-10-05T04:44:58.3841808Z [command]/usr/bin/git config --local gc.auto 0
verify	Run actions/checkout@v4	2026-10-05T04:44:58.3887485Z ##[endgroup]
verify	Run actions/checkout@v4	2026-10-05T04:44:58.3889832Z ##[group]Setting up auth
verify	Run actions/checkout@v4	2026-10-05T04:44:58.3895739Z [command]/usr/bin/git config --local --name-only --get-regexp core\.sshCommand
verify	Run actions/checkout@v4	2026-10-05T04:44:58.3945880Z [command]/usr/bin/git submodule foreach --recursive sh -c "git config --local --name-only --get-regexp 'core\.sshCommand' && git config --local --unset-all 'core.sshCommand' || :"
verify	Run actions/checkout@v4	2026-10-05T04:44:58.4432381Z [command]/usr/bin/git config --local --name-only --get-regexp http\.https\:\/\/github\.com\/\.extraheader
verify	Run actions/checkout@v4	2026-10-05T04:44:58.4477047Z [command]/usr/bin/git submodule foreach --recursive sh -c "git config --local --name-only --get-regexp 'http\.https\:\/\/github\.com\/\.extraheader' && git config --local --unset-all 'http.https://github.com/.extraheader' || :"
verify	Run actions/checkout@v4	2026-10-05T04:44:58.4714669Z [command]/usr/bin/git config --local --name-only --get-regexp ^includeIf\.gitdir:
verify	Run actions/checkout@v4	2026-10-05T04:44:58.4755090Z [command]/usr/bin/git submodule foreach --recursive git config --local --show-origin --name-only --get-regexp remote.origin.url
verify	Run actions/checkout@v4	2026-10-05T04:44:58.4995668Z [command]/usr/bin/git config --local http.https://github.com/.extraheader AUTHORIZATION: basic ***
verify	Run actions/checkout@v4	2026-10-05T04:44:58.5041477Z ##[endgroup]
verify	Run actions/checkout@v4	2026-10-05T04:44:58.5042645Z ##[group]Fetching the repository
verify	Run actions/checkout@v4	2026-10-05T04:44:58.5056376Z [command]/usr/bin/git -c protocol.version=2 fetch --no-tags --prune --no-recurse-submodules --depth=1 origin +01804b95078317bb0129d0750b6a7f73184cee6f:refs/remotes/origin/feat/gekichin-combat-completion
verify	Run actions/checkout@v4	2026-10-05T04:44:58.9366378Z From https://github.com/chameleonjp-lab/gekichin
verify	Run actions/checkout@v4	2026-10-05T04:44:58.9368720Z  * [new ref]         01804b95078317bb0129d0750b6a7f73184cee6f -> origin/feat/gekichin-combat-completion
verify	Run actions/checkout@v4	2026-10-05T04:44:58.9372350Z ##[endgroup]
verify	Run actions/checkout@v4	2026-10-05T04:44:58.9373700Z ##[group]Determining the checkout info
verify	Run actions/checkout@v4	2026-10-05T04:44:58.9375390Z ##[endgroup]
verify	Run actions/checkout@v4	2026-10-05T04:44:58.9381615Z [command]/usr/bin/git sparse-checkout disable
verify	Run actions/checkout@v4	2026-10-05T04:44:58.9435080Z [command]/usr/bin/git config --local --unset-all extensions.worktreeConfig
verify	Run actions/checkout@v4	2026-10-05T04:44:58.9470440Z ##[group]Checking out the ref
verify	Run actions/checkout@v4	2026-10-05T04:44:58.9475623Z [command]/usr/bin/git checkout --progress --force -B feat/gekichin-combat-completion refs/remotes/origin/feat/gekichin-combat-completion
verify	Run actions/checkout@v4	2026-10-05T04:44:58.9681434Z Switched to a new branch 'feat/gekichin-combat-completion'
verify	Run actions/checkout@v4	2026-10-05T04:44:58.9684565Z branch 'feat/gekichin-combat-completion' set up to track 'origin/feat/gekichin-combat-completion'.
verify	Run actions/checkout@v4	2026-10-05T04:44:58.9692602Z ##[endgroup]
verify	Run actions/checkout@v4	2026-10-05T04:44:58.9741580Z [command]/usr/bin/git log -1 --format=%H
verify	Run actions/checkout@v4	2026-10-05T04:44:58.9772195Z 01804b95078317bb0129d0750b6a7f73184cee6f
verify	Run actions/setup-node@v4	﻿2026-10-05T04:44:59.0093563Z ##[group]Run actions/setup-node@v4
verify	Run actions/setup-node@v4	2026-10-05T04:44:59.0094329Z with:
verify	Run actions/setup-node@v4	2026-10-05T04:44:59.0094811Z   node-version: 24
verify	Run actions/setup-node@v4	2026-10-05T04:44:59.0095527Z   cache: npm
verify	Run actions/setup-node@v4	2026-10-05T04:44:59.0096007Z   always-auth: false
verify	Run actions/setup-node@v4	2026-10-05T04:44:59.0096545Z   check-latest: false
verify	Run actions/setup-node@v4	2026-10-05T04:44:59.0101878Z   token: ***
verify	Run actions/setup-node@v4	2026-10-05T04:44:59.0102392Z ##[endgroup]
verify	Run actions/setup-node@v4	2026-10-05T04:44:59.1659587Z Found in cache @ /opt/hostedtoolcache/node/24.21.0/x64
verify	Run actions/setup-node@v4	2026-10-05T04:44:59.1664347Z (node:2306) [DEP0040] DeprecationWarning: The `punycode` module is deprecated. Please use a userland alternative instead.
verify	Run actions/setup-node@v4	2026-10-05T04:44:59.1667145Z (Use `node --trace-deprecation ...` to show where the warning was created)
verify	Run actions/setup-node@v4	2026-10-05T04:44:59.1669443Z ##[group]Environment details
verify	Run actions/setup-node@v4	2026-10-05T04:44:59.5905955Z node: v24.21.0
verify	Run actions/setup-node@v4	2026-10-05T04:44:59.5907269Z npm: 11.19.0
verify	Run actions/setup-node@v4	2026-10-05T04:44:59.5907951Z yarn: 1.22.22
verify	Run actions/setup-node@v4	2026-10-05T04:44:59.5909793Z ##[endgroup]
verify	Run actions/setup-node@v4	2026-10-05T04:44:59.5948298Z [command]/opt/hostedtoolcache/node/24.21.0/x64/bin/npm config get cache
verify	Run actions/setup-node@v4	2026-10-05T04:44:59.7064097Z /home/runner/.npm
verify	Run actions/setup-node@v4	2026-10-05T04:44:59.9530011Z Cache hit for: node-cache-Linux-x64-npm-6daa055a9f390972a62517bdf89cc7faf62242687fb9edaf4ddbd1a35171a1f5
verify	Run actions/setup-node@v4	2026-10-05T04:44:59.9645043Z (node:2306) [DEP0169] DeprecationWarning: `url.parse()` behavior is not standardized and prone to errors that have security implications. Use the WHATWG URL API instead. CVEs are not issued for `url.parse()` vulnerabilities.
verify	Run actions/setup-node@v4	2026-10-05T04:45:01.2537743Z Received 4194304 of 46329689 (9.1%), 4.0 MBs/sec
verify	Run actions/setup-node@v4	2026-10-05T04:45:01.8705269Z Received 46329689 of 46329689 (100.0%), 27.3 MBs/sec
verify	Run actions/setup-node@v4	2026-10-05T04:45:01.8706330Z Cache Size: ~44 MB (46329689 B)
verify	Run actions/setup-node@v4	2026-10-05T04:45:01.8738731Z [command]/usr/bin/tar -xf /home/runner/work/_temp/bf67b642-56c4-4081-ad22-52fa87abf8d6/cache.tzst -P -C /home/runner/work/gekichin/gekichin --use-compress-program unzstd
verify	Run actions/setup-node@v4	2026-10-05T04:45:01.9543893Z Cache restored successfully
verify	Run actions/setup-node@v4	2026-10-05T04:45:01.9568668Z Cache restored from key: node-cache-Linux-x64-npm-6daa055a9f390972a62517bdf89cc7faf62242687fb9edaf4ddbd1a35171a1f5
verify	Run npm ci	﻿2026-10-05T04:45:01.9738859Z ##[group]Run npm ci
verify	Run npm ci	2026-10-05T04:45:01.9739509Z [36;1mnpm ci[0m
verify	Run npm ci	2026-10-05T04:45:02.0011278Z shell: /usr/bin/bash -e {0}
verify	Run npm ci	2026-10-05T04:45:02.0011697Z ##[endgroup]
verify	Run npm ci	2026-10-05T04:45:04.3855871Z 
verify	Run npm ci	2026-10-05T04:45:04.3865167Z added 35 packages, and audited 36 packages in 2s
verify	Run npm ci	2026-10-05T04:45:04.3865784Z 
verify	Run npm ci	2026-10-05T04:45:04.3866139Z 11 packages are looking for funding
verify	Run npm ci	2026-10-05T04:45:04.3866670Z   run `npm fund` for details
verify	Run npm ci	2026-10-05T04:45:04.3902890Z 
verify	Run npm ci	2026-10-05T04:45:04.3903429Z 1 low severity vulnerability
verify	Run npm ci	2026-10-05T04:45:04.3903792Z 
verify	Run npm ci	2026-10-05T04:45:04.3904038Z To address all issues, run:
verify	Run npm ci	2026-10-05T04:45:04.3904492Z   npm audit fix
verify	Run npm ci	2026-10-05T04:45:04.3904862Z 
verify	Run npm ci	2026-10-05T04:45:04.3905383Z Run `npm audit` for details.
verify	Run npm ci	2026-10-05T04:45:04.3913581Z npm warn install-scripts 1 package has install scripts not yet covered by allowScripts:
verify	Run npm ci	2026-10-05T04:45:04.3915021Z npm warn install-scripts   esbuild@0.27.7 (postinstall: node install.js)
verify	Run npm ci	2026-10-05T04:45:04.3916018Z npm warn install-scripts
verify	Run npm ci	2026-10-05T04:45:04.3917522Z npm warn install-scripts Run `npm install-scripts ls` to review, or `npm install-scripts approve <pkg>` to allow.
verify	Run npm test	﻿2026-10-05T04:45:04.4560096Z ##[group]Run npm test
verify	Run npm test	2026-10-05T04:45:04.4560581Z [36;1mnpm test[0m
verify	Run npm test	2026-10-05T04:45:04.4647544Z shell: /usr/bin/bash -e {0}
verify	Run npm test	2026-10-05T04:45:04.4647996Z ##[endgroup]
verify	Run npm test	2026-10-05T04:45:04.6083515Z 
verify	Run npm test	2026-10-05T04:45:04.6101383Z > gekichin@0.1.0 test
verify	Run npm test	2026-10-05T04:45:04.6110356Z > node --import tsx --test tests/*.test.ts
verify	Run npm test	2026-10-05T04:45:04.6111192Z 
verify	Run npm test	2026-10-05T04:45:04.9731367Z ✔ return arrows guide inward/outward and left/right using the inherited flight yaw (1.3775ms)
verify	Run npm test	2026-10-05T04:45:09.4867506Z ✔ initial eight plus forty-two and simultaneous deaths conserve fifty distinct tokens (5.897456ms)
verify	Run npm test	2026-10-05T04:45:09.4892517Z ✔ the only reserve goes to the player even if the player loss is recorded last (4.510288ms)
verify	Run npm test	2026-10-05T04:45:09.4917196Z ✔ handoff at exactly180ticks keeps HP, position, magazines and reload clocks (7.482786ms)
verify	Run npm test	2026-10-05T04:45:09.4955507Z ✔ Q-only survivors recheck handoff after their first deployment rather than losing the mission (2.996422ms)
verify	Run npm test	2026-10-05T04:45:09.4957899Z ✔ a blocked reservation consumes no extra token and reports exactlyfive seconds of continuous failure (8.027687ms)
verify	Run npm test	2026-10-05T04:45:09.4959727Z ✔ player and wingman barrels use exact5/15 and17/57tick intervals (2.149787ms)
verify	Run npm test	2026-10-05T04:45:09.4961146Z ✔ both empty initiates common360tick reload and no empty shot changes ammunition or N (0.369802ms)
verify	Run npm test	2026-10-05T04:45:09.4962713Z ✔ atomic volleys preserve64 player slots and saturation does not consume ammunition or IDs (2.48257ms)
verify	Run npm test	2026-10-05T04:45:09.4964130Z ✔ all source distances use far-side200/500/800 boundaries with integer mHP (1.235544ms)
verify	Run npm test	2026-10-05T04:45:09.4965531Z ✔ shot affiliation survives death/handoff and the90tick half-open lifetime is exact (0.452137ms)
verify	Run npm test	2026-10-05T04:45:09.4967136Z ✔ normal launch is the tick-start physical nose despite simultaneous turning and acceleration (340.804387ms)
verify	Run npm test	2026-10-05T04:45:09.4968550Z ✔ moving-sphere sweep resolves crossing trajectories within one tick (0.396493ms)
verify	Run npm test	2026-10-05T04:45:09.4991855Z ✔ 160000-point example floors only once, preserves negatives and distinguishes N0 (0.367398ms)
verify	Run npm test	2026-10-05T04:45:09.4993443Z ✔ overkill, duplicate events and wingman final blows retain actual damage and one hit (0.995765ms)
verify	Run npm test	2026-10-05T04:45:09.4995059Z ✔ best records are victory-only, mode/version-separated, tied records retain the earlier record (1.232338ms)
verify	Run npm test	2026-10-05T04:45:09.4996584Z ✔ corrupt or future best formats and failed writes never damage an existing record (0.655858ms)
verify	Run npm test	2026-10-05T04:45:09.4998083Z ✔ same-tick final turret and final ally losses produce mutual defeat before any respawn (62.625641ms)
verify	Run npm test	2026-10-05T04:45:09.5009329Z ✔ victory freezes flying bullets, unhit shots stay in N, and every result component is immutable (83.038236ms)
verify	Run npm test	2026-10-05T04:45:09.5011206Z ✔ an integrated timezero turret destruction cancels its genuine due warning shot before allocation (76.511889ms)
verify	Run npm test	2026-10-05T04:45:09.5013146Z ✔ a destruction during the warning releases its reservation and visual warning immediately without erasing older shots (48.426656ms)
verify	Run npm test	2026-10-05T04:45:09.5014962Z ✔ the last lifetime endpoint is excluded while the immediately earlier contact is valid (569.944531ms)
verify	Run npm test	2026-10-05T04:45:09.5016513Z ✔ boundary grace uses600 active ticks, resets on return, and never teleports an aircraft (375.886719ms)
verify	Run npm test	2026-10-05T04:45:09.5018012Z ✔ a timezero hull/sea collision cancels the player shot and gives no turret damage (352.52427ms)
verify	Run npm test	2026-10-05T04:45:09.5019885Z ✔ Normal player bullets damage friendly aircraft; Easy and wingman shots stop at protected contact (683.264656ms)
verify	Run npm test	2026-10-05T04:45:09.5021737Z ✔ main direct24HP never also deals splash to that plane, while colocated exposed allies receive12HP once (260.990922ms)
verify	Run npm test	2026-10-05T04:45:09.5023837Z ✔ main splash excludes the20m boundary and cannot cross a canonical turret shield (812.122839ms)
verify	Run npm test	2026-10-05T04:45:09.5025796Z ✔ synthetic15minute all-eight-guns fixture has no allocation failures and bounded live damage IDs (431.599032ms)
verify	Run npm test	2026-10-05T04:45:09.5391502Z ✔ intercept includes the fixed warning delay, chooses a positive root, and rejects an unreachable target (9.338763ms)
verify	Run npm test	2026-10-05T04:45:09.5410228Z ✔ the integrated tick-start warning uses actual moving-aircraft velocity after previous is reset (2091.151946ms)
verify	Run npm test	2026-10-05T04:45:09.5412267Z ✔ main warning lasts sixty ticks, keeps its physical aim fixed, and fires one 400m/s shot (3.503903ms)
verify	Run npm test	2026-10-05T04:45:09.5433080Z ✔ MG fires F, F+6, … F+54, then releases its reservation for 120ticks after the last shot (3.863206ms)
verify	Run npm test	2026-10-05T04:45:09.5435249Z ✔ MG cancellation after two real shots reloads from the last shot; target generation changes cancel pending shots (2.571105ms)
verify	Run npm test	2026-10-05T04:45:09.5437387Z ✔ a turret destroyed by an earlier contact cannot commit its same-tick pending shot (1.205888ms)
verify	Run npm test	2026-10-05T04:45:09.5439390Z ✔ main finite tracking does not exceed its turn speed and times out after 120ticks (3.251641ms)
verify	Run npm test	2026-10-05T04:45:09.5441477Z ✔ mg finite tracking does not exceed its turn speed and times out after 120ticks (2.571596ms)
verify	Run npm test	2026-10-05T04:45:09.5443629Z ✔ local yaw/pitch limits reject internal and off-axis targets on every exterior face (1.164331ms)
verify	Run npm test	2026-10-05T04:45:09.5445526Z ✔ active and per-aircraft caps are enforced, and unused IDs precede recently released reservations (11.787627ms)
verify	Run npm test	2026-10-05T04:45:09.5447611Z ✔ a full enemy pool defers every remaining burst slot by one tick and pauses after sixty consecutive failures (6.119943ms)
verify	Run npm test	2026-10-05T04:45:09.5450029Z ✔ wingmen assign at most two pilots to the final turret, release dead assignments, and keep flight updates external (48.727699ms)
verify	Run npm test	2026-10-05T04:45:09.5452158Z ✔ a real finite-flight wingman reaches and destroys a last top turret with ordinary scattered bullets (162.626682ms)
verify	Run npm test	2026-10-05T04:45:09.5454196Z ✔ a real finite-flight wingman reaches and destroys a last bottom turret with ordinary scattered bullets (138.484841ms)
verify	Run npm test	2026-10-05T04:45:09.5456241Z ✔ a real finite-flight wingman reaches and destroys a last left turret with ordinary scattered bullets (135.033406ms)
verify	Run npm test	2026-10-05T04:45:09.5458335Z ✔ a real finite-flight wingman reaches and destroys a last right turret with ordinary scattered bullets (114.850522ms)
verify	Run npm test	2026-10-05T04:45:09.5460498Z ✔ a real finite-flight wingman reaches and destroys a last front turret with ordinary scattered bullets (85.3733ms)
verify	Run npm test	2026-10-05T04:45:09.5465524Z ✔ a real finite-flight wingman reaches and destroys a last rear turret with ordinary scattered bullets (131.18103ms)
verify	Run npm test	2026-10-05T04:45:12.7805225Z ✔ A12/R45 inspection fixture compares ordinary evasion with no evasion through the real projectile sweep (7173.962912ms)
verify	Run npm test	2026-10-05T04:45:19.7907855Z ✔ fixed source flight and camera tuning remain unchanged (2.804593ms)
verify	Run npm test	2026-10-05T04:45:19.7917060Z ✔ right turn, climb and throttle preserve physical signs and bounded speed (3.659234ms)
verify	Run npm test	2026-10-05T04:45:19.7922999Z ✔ five second loop ends once and new steering interrupts without teleportation (4.44687ms)
verify	Run npm test	2026-10-05T04:45:19.7930875Z ✔ no P1 placeholder target pulls steering; hidden/dead targets are rejected and shot correction is finite (0.787615ms)
verify	Run npm test	2026-10-05T04:45:19.7936745Z ✔ preparation, pause, report and stale callbacks keep one authoritative operation (807.555464ms)
verify	Run npm test	2026-10-05T04:45:19.7948946Z ✔ accepted fixed-tick inputs produce the same final flight at 30/60/120Hz rendering (10141.333936ms)
verify	Run npm test	2026-10-05T04:45:19.7951077Z ✔ keyboard schema exposes nine actions and rejects invalid or duplicate settings (0.914923ms)
verify	Run npm test	2026-10-05T04:45:34.6804428Z ✔ layout data fixes 100 unique turrets, six face counts, unit axes, HP and approach intervals (37.021456ms)
verify	Run npm test	2026-10-05T04:45:34.6806797Z ✔ synthetic finite-fleet fixture preserves all 50 identities through simultaneous losses and respawns (37.67029ms)
verify	Run npm test	2026-10-05T04:45:34.6813470Z ✔ scoring preserves the fixed 160,000 example, time monotonicity, negative totals and N=0 semantics (0.453229ms)
verify	Run npm test	2026-10-05T04:45:34.6819847Z ✔ score events are idempotent and retain shooter ownership across the finishing hit (0.807252ms)
verify	Run npm test	2026-10-05T04:45:34.6823030Z ✔ mode-specific best records accept only valid victories and preserve future envelopes (1.67629ms)
verify	Run npm test	2026-10-05T04:45:34.6827204Z ✔ ordinary combat inputs preserve the same logical snapshot at 30, 60 and 120 Hz (24520.185666ms)
verify	Run npm test	2026-10-05T04:45:34.7157717Z ✔ canonical layout has fixed100 unique IDs, six-face20/80 distribution and24,000HP (8.879992ms)
verify	Run npm test	2026-10-05T04:45:34.7160239Z ✔ every turret has a350m ordinary-flight approach with aircraft radius+10m clearance and first-contact firing access (40.42624ms)
verify	Run npm test	2026-10-05T04:45:34.7162367Z ✔ spawn and return corridor candidates satisfy all real muzzle range margins and30m separation (11.965742ms)
verify	Run npm test	2026-10-05T04:45:34.7164537Z ✔ the exterior network connects above/below/front/rear and sides without hull shortcuts (41.83651ms)
verify	Run npm test	2026-10-05T04:45:34.7166262Z ✔ shared first-contact geometry blocks opposite faces but keeps visible armor gaps open (15.814341ms)
verify	Run npm test	2026-10-05T04:45:34.7167722Z ✔ rounded-box sweeps catch tunnelling, reject inflated-box corner false positives and handle rotated boxes (0.605575ms)
verify	Run npm test	2026-10-05T04:45:34.7169889Z ✔ spatial grid returns the same nearest collision as all canonical parts, including changing barrels (141.804575ms)
verify	Run npm test	2026-10-05T04:45:34.7170916Z ✔ camera casts use the same first contact, and moving aircraft / sea sweeps find real crossings (5.902023ms)
verify	Run npm test	2026-10-05T04:45:34.7171822Z ✔ integer damage clamps overkill, damage stages have exact thresholds, attack IDs resolve once (1.184899ms)
verify	Run npm test	2026-10-05T04:45:34.7172732Z ✔ destroyed turrets retain a low canonical wreck and final destruction time / freeze are stable (3.719637ms)
verify	Run npm test	2026-10-05T04:45:34.7173640Z ✔ retired numeric attack IDs remain rejected while retained de-dup state stays bounded by live IDs (6.501771ms)
verify	Run npm test	2026-10-05T04:45:34.7174579Z ✔ pointercancel releases its own steering and button owners while preserving another active pointer (4.919983ms)
verify	Run npm test	2026-10-05T04:45:34.7175482Z ✔ resize and blur clear held pointer and keyboard state so stale input cannot resume flight (2.142393ms)
verify	Run npm test	2026-10-05T04:45:34.7176437Z ✔ settings writes roll back earlier keys after a later write fails (0.481361ms)
verify	Run npm test	2026-10-05T04:45:34.7177763Z ✔ future settings versions block the whole save without touching any stored value (0.300592ms)
verify	Run npm test	2026-10-05T04:45:34.7179904Z ✔ a wall-clock gap of two seconds discards accumulated time and needs a later fresh frame (300.299108ms)
verify	Run npm test	2026-10-05T04:45:34.7180943Z ℹ tests 76
verify	Run npm test	2026-10-05T04:45:34.7181357Z ℹ suites 0
verify	Run npm test	2026-10-05T04:45:34.7181778Z ℹ pass 76
verify	Run npm test	2026-10-05T04:45:34.7182169Z ℹ fail 0
verify	Run npm test	2026-10-05T04:45:34.7182579Z ℹ cancelled 0
verify	Run npm test	2026-10-05T04:45:34.7182990Z ℹ skipped 0
verify	Run npm test	2026-10-05T04:45:34.7183349Z ℹ todo 0
verify	Run npm test	2026-10-05T04:45:34.7183784Z ℹ duration_ms 30072.003166
verify	Run npm run build	﻿2026-10-05T04:45:34.7345874Z ##[group]Run npm run build
verify	Run npm run build	2026-10-05T04:45:34.7346201Z [36;1mnpm run build[0m
verify	Run npm run build	2026-10-05T04:45:34.7411926Z shell: /usr/bin/bash -e {0}
verify	Run npm run build	2026-10-05T04:45:34.7412224Z ##[endgroup]
verify	Run npm run build	2026-10-05T04:45:34.8433008Z 
verify	Run npm run build	2026-10-05T04:45:34.8433639Z > gekichin@0.1.0 build
verify	Run npm run build	2026-10-05T04:45:34.8434300Z > tsc --noEmit && vite build
verify	Run npm run build	2026-10-05T04:45:34.8434620Z 
verify	Run npm run build	2026-10-05T04:45:36.9839940Z [36mvite v8.3.1 [32mbuilding client environment for production...[36m[39m
verify	Run npm run build	2026-10-05T04:45:36.9967516Z transforming...
verify	Run npm run build	2026-10-05T04:45:37.1247955Z ✓ 29 modules transformed.
verify	Run npm run build	2026-10-05T04:45:37.1576936Z rendering chunks...
verify	Run npm run build	2026-10-05T04:45:37.2330308Z computing gzip size...
verify	Run npm run build	2026-10-05T04:45:37.2415312Z dist/index.html                   0.61 kB │ gzip:   0.40 kB
verify	Run npm run build	2026-10-05T04:45:37.2416674Z dist/assets/index-B79rSzXU.css   22.09 kB │ gzip:   5.37 kB
verify	Run npm run build	2026-10-05T04:45:37.2418001Z dist/assets/index-BwP1C-i_.js   737.01 kB │ gzip: 195.99 kB
verify	Run npm run build	2026-10-05T04:45:37.2418582Z 
verify	Run npm run build	2026-10-05T04:45:37.2421599Z [32m✓ built in 254ms[39m
verify	Run npm run build	2026-10-05T04:45:37.2428450Z [33m[plugin builtin:vite-reporter] 
verify	Run npm run build	2026-10-05T04:45:37.2429637Z (!) Some chunks are larger than 500 kB after minification. Consider:
verify	Run npm run build	2026-10-05T04:45:37.2430566Z - Using dynamic import() to code-split the application
verify	Run npm run build	2026-10-05T04:45:37.2432098Z - Use build.rolldownOptions.output.codeSplitting to improve chunking: https://rolldown.rs/reference/OutputOptions.codeSplitting
verify	Run npm run build	2026-10-05T04:45:37.2433636Z - Adjust chunk size limit for this warning via build.chunkSizeWarningLimit.[39m
verify	Run npx playwright install --with-deps chromium webkit	﻿2026-10-05T04:45:37.2666435Z ##[group]Run npx playwright install --with-deps chromium webkit
verify	Run npx playwright install --with-deps chromium webkit	2026-10-05T04:45:37.2667002Z [36;1mnpx playwright install --with-deps chromium webkit[0m
verify	Run npx playwright install --with-deps chromium webkit	2026-10-05T04:45:37.2731901Z shell: /usr/bin/bash -e {0}
verify	Run npx playwright install --with-deps chromium webkit	2026-10-05T04:45:37.2732235Z ##[endgroup]
verify	Run npx playwright install --with-deps chromium webkit	2026-10-05T04:45:38.0705670Z Installing dependencies...
verify	Run npx playwright install --with-deps chromium webkit	2026-10-05T04:45:38.0789636Z Switching to root user to install dependencies...
verify	Run npx playwright install --with-deps chromium webkit	2026-10-05T04:45:38.2043333Z Get:1 file:/etc/apt/apt-mirrors.txt Mirrorlist [144 B]
verify	Run npx playwright install --with-deps chromium webkit	2026-10-05T04:45:38.2267669Z Get:6 https://packages.microsoft.com/ubuntu/24.04/prod noble InRelease [3600 B]
verify	Run npx playwright install --with-deps chromium webkit	2026-10-05T04:45:38.2432786Z Hit:2 http://azure.archive.ubuntu.com/ubuntu noble InRelease
verify	Run npx playwright install --with-deps chromium webkit	2026-10-05T04:45:38.2440732Z Get:3 http://azure.archive.ubuntu.com/ubuntu noble-updates InRelease [126 kB]
verify	Run npx playwright install --with-deps chromium webkit	2026-10-05T04:45:38.2471335Z Get:4 http://azure.archive.ubuntu.com/ubuntu noble-backports InRelease [126 kB]
verify	Run npx playwright install --with-deps chromium webkit	2026-10-05T04:45:38.2506469Z Get:5 http://azure.archive.ubuntu.com/ubuntu noble-security InRelease [126 kB]
verify	Run npx playwright install --with-deps chromium webkit	2026-10-05T04:45:38.3570430Z Get:7 https://packages.microsoft.com/ubuntu/24.04/prod noble/main amd64 Packages [511 kB]
verify	Run npx playwright install --with-deps chromium webkit	2026-10-05T04:45:38.3775898Z Get:8 https://packages.microsoft.com/ubuntu/24.04/prod noble/main armhf Packages [12.6 kB]
verify	Run npx playwright install --with-deps chromium webkit	2026-10-05T04:45:38.3800431Z Get:9 https://packages.microsoft.com/ubuntu/24.04/prod noble/main arm64 Packages [458 kB]
verify	Run npx playwright install --with-deps chromium webkit	2026-10-05T04:45:38.4702658Z Get:10 http://azure.archive.ubuntu.com/ubuntu noble-updates/main amd64 Packages [1364 kB]
verify	Run npx playwright install --with-deps chromium webkit	2026-10-05T04:45:38.4769365Z Get:11 http://azure.archive.ubuntu.com/ubuntu noble-updates/main Translation-en [304 kB]
verify	Run npx playwright install --with-deps chromium webkit	2026-10-05T04:45:38.4796667Z Get:12 http://azure.archive.ubuntu.com/ubuntu noble-updates/main amd64 Components [181 kB]
verify	Run npx playwright install --with-deps chromium webkit	2026-10-05T04:45:38.4812958Z Get:13 http://azure.archive.ubuntu.com/ubuntu noble-updates/universe amd64 Packages [1699 kB]
verify	Run npx playwright install --with-deps chromium webkit	2026-10-05T04:45:38.4892097Z Get:14 http://azure.archive.ubuntu.com/ubuntu noble-updates/universe Translation-en [341 kB]
verify	Run npx playwright install --with-deps chromium webkit	2026-10-05T04:45:38.4913142Z Get:15 http://azure.archive.ubuntu.com/ubuntu noble-updates/universe amd64 Components [388 kB]
verify	Run npx playwright install --with-deps chromium webkit	2026-10-05T04:45:38.4936315Z Get:16 http://azure.archive.ubuntu.com/ubuntu noble-updates/restricted amd64 Packages [1720 kB]
verify	Run npx playwright install --with-deps chromium webkit	2026-10-05T04:45:38.5015869Z Get:17 http://azure.archive.ubuntu.com/ubuntu noble-updates/restricted Translation-en [394 kB]
verify	Run npx playwright install --with-deps chromium webkit	2026-10-05T04:45:38.5037567Z Get:18 http://azure.archive.ubuntu.com/ubuntu noble-updates/multiverse amd64 Components [940 B]
verify	Run npx playwright install --with-deps chromium webkit	2026-10-05T04:45:38.5344183Z Get:19 http://azure.archive.ubuntu.com/ubuntu noble-backports/main amd64 Components [5776 B]
verify	Run npx playwright install --with-deps chromium webkit	2026-10-05T04:45:38.5785059Z Get:20 http://azure.archive.ubuntu.com/ubuntu noble-backports/universe amd64 Components [12.6 kB]
verify	Run npx playwright install --with-deps chromium webkit	2026-10-05T04:45:38.5876743Z Get:21 http://azure.archive.ubuntu.com/ubuntu noble-security/main amd64 Packages [1069 kB]
verify	Run npx playwright install --with-deps chromium webkit	2026-10-05T04:45:38.5936329Z Get:22 http://azure.archive.ubuntu.com/ubuntu noble-security/main Translation-en [221 kB]
verify	Run npx playwright install --with-deps chromium webkit	2026-10-05T04:45:38.5950217Z Get:23 http://azure.archive.ubuntu.com/ubuntu noble-security/main amd64 Components [46.4 kB]
verify	Run npx playwright install --with-deps chromium webkit	2026-10-05T04:45:38.5957968Z Get:24 http://azure.archive.ubuntu.com/ubuntu noble-security/universe amd64 Packages [1216 kB]
verify	Run npx playwright install --with-deps chromium webkit	2026-10-05T04:45:38.6023024Z Get:25 http://azure.archive.ubuntu.com/ubuntu noble-security/universe Translation-en [244 kB]
verify	Run npx playwright install --with-deps chromium webkit	2026-10-05T04:45:38.6038112Z Get:26 http://azure.archive.ubuntu.com/ubuntu noble-security/universe amd64 Components [76.4 kB]
verify	Run npx playwright install --with-deps chromium webkit	2026-10-05T04:45:38.6047523Z Get:27 http://azure.archive.ubuntu.com/ubuntu noble-security/restricted amd64 Packages [1566 kB]
verify	Run npx playwright install --with-deps chromium webkit	2026-10-05T04:45:38.6128633Z Get:28 http://azure.archive.ubuntu.com/ubuntu noble-security/restricted Translation-en [361 kB]
verify	Run npx playwright install --with-deps chromium webkit	2026-10-05T04:45:43.4588379Z Fetched 12.6 MB in 1s (8898 kB/s)
verify	Run npx playwright install --with-deps chromium webkit	2026-10-05T04:45:44.3410402Z Reading package lists...
verify	Run npx playwright install --with-deps chromium webkit	2026-10-05T04:45:44.3656437Z Reading package lists...
verify	Run npx playwright install --with-deps chromium webkit	2026-10-05T04:45:44.5700546Z Building dependency tree...
verify	Run npx playwright install --with-deps chromium webkit	2026-10-05T04:45:44.5708355Z Reading state information...
verify	Run npx playwright install --with-deps chromium webkit	2026-10-05T04:45:44.5859510Z libasound2t64 is already the newest version (1.2.11-1ubuntu0.3).
verify	Run npx playwright install --with-deps chromium webkit	2026-10-05T04:45:44.5861066Z libasound2t64 set to manually installed.
verify	Run npx playwright install --with-deps chromium webkit	2026-10-05T04:45:44.5862040Z libatk-bridge2.0-0t64 is already the newest version (2.52.0-1build1).
verify	Run npx playwright install --with-deps chromium webkit	2026-10-05T04:45:44.5863281Z libatk-bridge2.0-0t64 set to manually installed.
verify	Run npx playwright install --with-deps chromium webkit	2026-10-05T04:45:44.5864206Z libatk1.0-0t64 is already the newest version (2.52.0-1build1).
verify	Run npx playwright install --with-deps chromium webkit	2026-10-05T04:45:44.5865021Z libatk1.0-0t64 set to manually installed.
verify	Run npx playwright install --with-deps chromium webkit	2026-10-05T04:45:44.5865720Z libatspi2.0-0t64 is already the newest version (2.52.0-1build1).
verify	Run npx playwright install --with-deps chromium webkit	2026-10-05T04:45:44.5866406Z libatspi2.0-0t64 set to manually installed.
verify	Run npx playwright install --with-deps chromium webkit	2026-10-05T04:45:44.5867100Z libcairo2 is already the newest version (1.18.0-3build1).
verify	Run npx playwright install --with-deps chromium webkit	2026-10-05T04:45:44.5867728Z libcairo2 set to manually installed.
verify	Run npx playwright install --with-deps chromium webkit	2026-10-05T04:45:44.5868419Z libcups2t64 is already the newest version (2.4.7-1.2ubuntu7.14).
verify	Run npx playwright install --with-deps chromium webkit	2026-10-05T04:45:44.5869616Z libcups2t64 set to manually installed.
verify	Run npx playwright install --with-deps chromium webkit	2026-10-05T04:45:44.5870774Z libdbus-1-3 is already the newest version (1.14.10-4ubuntu4.1).
verify	Run npx playwright install --with-deps chromium webkit	2026-10-05T04:45:44.5871489Z libdbus-1-3 set to manually installed.
verify	Run npx playwright install --with-deps chromium webkit	2026-10-05T04:45:44.5872212Z libdrm2 is already the newest version (2.4.125-1ubuntu0.1~24.04.2).
verify	Run npx playwright install --with-deps chromium webkit	2026-10-05T04:45:44.5872886Z libdrm2 set to manually installed.
verify	Run npx playwright install --with-deps chromium webkit	2026-10-05T04:45:44.5873565Z libglib2.0-0t64 is already the newest version (2.80.0-6ubuntu3.9).
verify	Run npx playwright install --with-deps chromium webkit	2026-10-05T04:45:44.5874251Z libglib2.0-0t64 set to manually installed.
verify	Run npx playwright install --with-deps chromium webkit	2026-10-05T04:45:44.5874932Z libnspr4 is already the newest version (2:4.35-1.1build1).
verify	Run npx playwright install --with-deps chromium webkit	2026-10-05T04:45:44.5875569Z libnspr4 set to manually installed.
verify	Run npx playwright install --with-deps chromium webkit	2026-10-05T04:45:44.5876075Z libnss3 is already the newest version (2:3.98-1ubuntu0.2).
verify	Run npx playwright install --with-deps chromium webkit	2026-10-05T04:45:44.5876533Z libnss3 set to manually installed.
verify	Run npx playwright install --with-deps chromium webkit	2026-10-05T04:45:44.5877046Z libpango-1.0-0 is already the newest version (1.52.1+ds-1build1).
verify	Run npx playwright install --with-deps chromium webkit	2026-10-05T04:45:44.5877566Z libpango-1.0-0 set to manually installed.
verify	Run npx playwright install --with-deps chromium webkit	2026-10-05T04:45:44.5878055Z libx11-6 is already the newest version (2:1.8.7-1build1).
verify	Run npx playwright install --with-deps chromium webkit	2026-10-05T04:45:44.5878514Z libx11-6 set to manually installed.
verify	Run npx playwright install --with-deps chromium webkit	2026-10-05T04:45:44.5878961Z libxcb1 is already the newest version (1.15-1ubuntu2).
verify	Run npx playwright install --with-deps chromium webkit	2026-10-05T04:45:44.5879547Z libxcb1 set to manually installed.
verify	Run npx playwright install --with-deps chromium webkit	2026-10-05T04:45:44.5880054Z libxcomposite1 is already the newest version (1:0.4.5-1build3).
verify	Run npx playwright install --with-deps chromium webkit	2026-10-05T04:45:44.5880574Z libxcomposite1 set to manually installed.
verify	Run npx playwright install --with-deps chromium webkit	2026-10-05T04:45:44.5881112Z libxdamage1 is already the newest version (1:1.1.6-1build1).
verify	Run npx playwright install --with-deps chromium webkit	2026-10-05T04:45:44.5881619Z libxdamage1 set to manually installed.
verify	Run npx playwright install --with-deps chromium webkit	2026-10-05T04:45:44.5882109Z libxext6 is already the newest version (2:1.3.4-1build2).
verify	Run npx playwright install --with-deps chromium webkit	2026-10-05T04:45:44.5882570Z libxext6 set to manually installed.
verify	Run npx playwright install --with-deps chromium webkit	2026-10-05T04:45:44.5883533Z libxfixes3 is already the newest version (1:6.0.0-2build1).
verify	Run npx playwright install --with-deps chromium webkit	2026-10-05T04:45:44.5904303Z libxfixes3 set to manually installed.
verify	Run npx playwright install --with-deps chromium webkit	2026-10-05T04:45:44.5905107Z libxkbcommon0 is already the newest version (1.6.0-1build1).
verify	Run npx playwright install --with-deps chromium webkit	2026-10-05T04:45:44.5905895Z libxkbcommon0 set to manually installed.
verify	Run npx playwright install --with-deps chromium webkit	2026-10-05T04:45:44.5906630Z libxrandr2 is already the newest version (2:1.5.2-2build1).
verify	Run npx playwright install --with-deps chromium webkit	2026-10-05T04:45:44.5907334Z libxrandr2 set to manually installed.
verify	Run npx playwright install --with-deps chromium webkit	2026-10-05T04:45:44.5908105Z xvfb is already the newest version (2:21.1.12-1ubuntu1.8).
verify	Run npx playwright install --with-deps chromium webkit	2026-10-05T04:45:44.5909382Z fonts-noto-color-emoji is already the newest version (2.047-0ubuntu0.24.04.1).
verify	Run npx playwright install --with-deps chromium webkit	2026-10-05T04:45:44.5910497Z libfontconfig1 is already the newest version (2.15.0-1.1ubuntu2).
verify	Run npx playwright install --with-deps chromium webkit	2026-10-05T04:45:44.5911119Z libfontconfig1 set to manually installed.
verify	Run npx playwright install --with-deps chromium webkit	2026-10-05T04:45:44.5911618Z libfreetype6 is already the newest version (2.13.2+dfsg-1ubuntu0.1).
verify	Run npx playwright install --with-deps chromium webkit	2026-10-05T04:45:44.5912084Z libfreetype6 set to manually installed.
verify	Run npx playwright install --with-deps chromium webkit	2026-10-05T04:45:44.5912544Z fonts-liberation is already the newest version (1:2.1.5-3).
verify	Run npx playwright install --with-deps chromium webkit	2026-10-05T04:45:44.5912989Z fonts-liberation set to manually installed.
verify	Run npx playwright install --with-deps chromium webkit	2026-10-05T04:45:44.5913445Z libicu74 is already the newest version (74.2-1ubuntu3.1).
verify	Run npx playwright install --with-deps chromium webkit	2026-10-05T04:45:44.5913985Z libatomic1 is already the newest version (14.2.0-4ubuntu2~24.04.1).
verify	Run npx playwright install --with-deps chromium webkit	2026-10-05T04:45:44.5914439Z libatomic1 set to manually installed.
verify	Run npx playwright install --with-deps chromium webkit	2026-10-05T04:45:44.5914926Z libcairo-gobject2 is already the newest version (1.18.0-3build1).
verify	Run npx playwright install --with-deps chromium webkit	2026-10-05T04:45:44.5915707Z libcairo-gobject2 set to manually installed.
verify	Run npx playwright install --with-deps chromium webkit	2026-10-05T04:45:44.5916152Z libenchant-2-2 is already the newest version (2.3.3-2build2).
verify	Run npx playwright install --with-deps chromium webkit	2026-10-05T04:45:44.5916565Z libenchant-2-2 set to manually installed.
verify	Run npx playwright install --with-deps chromium webkit	2026-10-05T04:45:44.5916975Z libepoxy0 is already the newest version (1.5.10-1build1).
verify	Run npx playwright install --with-deps chromium webkit	2026-10-05T04:45:44.5917362Z libepoxy0 set to manually installed.
verify	Run npx playwright install --with-deps chromium webkit	2026-10-05T04:45:44.5917838Z libgdk-pixbuf-2.0-0 is already the newest version (2.42.10+dfsg-3ubuntu3.3).
verify	Run npx playwright install --with-deps chromium webkit	2026-10-05T04:45:44.5918342Z libgdk-pixbuf-2.0-0 set to manually installed.
verify	Run npx playwright install --with-deps chromium webkit	2026-10-05T04:45:44.5918825Z libgstreamer1.0-0 is already the newest version (1.24.2-1ubuntu0.1).
verify	Run npx playwright install --with-deps chromium webkit	2026-10-05T04:45:44.5919605Z libgstreamer1.0-0 set to manually installed.
verify	Run npx playwright install --with-deps chromium webkit	2026-10-05T04:45:44.5920220Z libharfbuzz0b is already the newest version (8.3.0-2build2).
verify	Run npx playwright install --with-deps chromium webkit	2026-10-05T04:45:44.5920619Z libharfbuzz0b set to manually installed.
verify	Run npx playwright install --with-deps chromium webkit	2026-10-05T04:45:44.5921074Z libjpeg-turbo8 is already the newest version (2.1.5-2ubuntu2).
verify	Run npx playwright install --with-deps chromium webkit	2026-10-05T04:45:44.5921591Z libjpeg-turbo8 set to manually installed.
verify	Run npx playwright install --with-deps chromium webkit	2026-10-05T04:45:44.5922017Z liblcms2-2 is already the newest version (2.14-2ubuntu0.1).
verify	Run npx playwright install --with-deps chromium webkit	2026-10-05T04:45:44.5922414Z liblcms2-2 set to manually installed.
verify	Run npx playwright install --with-deps chromium webkit	2026-10-05T04:45:44.5922867Z libpangocairo-1.0-0 is already the newest version (1.52.1+ds-1build1).
verify	Run npx playwright install --with-deps chromium webkit	2026-10-05T04:45:44.5923329Z libpangocairo-1.0-0 set to manually installed.
verify	Run npx playwright install --with-deps chromium webkit	2026-10-05T04:45:44.5923780Z libpng16-16t64 is already the newest version (1.6.43-5ubuntu0.6).
verify	Run npx playwright install --with-deps chromium webkit	2026-10-05T04:45:44.5924210Z libpng16-16t64 set to manually installed.
verify	Run npx playwright install --with-deps chromium webkit	2026-10-05T04:45:44.5924676Z libwayland-client0 is already the newest version (1.22.0-2.1build1).
verify	Run npx playwright install --with-deps chromium webkit	2026-10-05T04:45:44.5925154Z libwayland-client0 set to manually installed.
verify	Run npx playwright install --with-deps chromium webkit	2026-10-05T04:45:44.5925624Z libwayland-egl1 is already the newest version (1.22.0-2.1build1).
verify	Run npx playwright install --with-deps chromium webkit	2026-10-05T04:45:44.5926050Z libwayland-egl1 set to manually installed.
verify	Run npx playwright install --with-deps chromium webkit	2026-10-05T04:45:44.5926456Z libwebp7 is already the newest version (1.3.2-0.4build3).
verify	Run npx playwright install --with-deps chromium webkit	2026-10-05T04:45:44.5926847Z libwebp7 set to manually installed.
verify	Run npx playwright install --with-deps chromium webkit	2026-10-05T04:45:44.7276819Z libwebpdemux2 is already the newest version (1.3.2-0.4build3).
verify	Run npx playwright install --with-deps chromium webkit	2026-10-05T04:45:44.7277862Z libwebpdemux2 set to manually installed.
verify	Run npx playwright install --with-deps chromium webkit	2026-10-05T04:45:44.7278877Z libxml2 is already the newest version (2.9.14+dfsg-1.3ubuntu3.9).
verify	Run npx playwright install --with-deps chromium webkit	2026-10-05T04:45:44.7279922Z libxml2 set to manually installed.
verify	Run npx playwright install --with-deps chromium webkit	2026-10-05T04:45:44.7280871Z libxslt1.1 is already the newest version (1.1.39-0exp1ubuntu0.24.04.3).
verify	Run npx playwright install --with-deps chromium webkit	2026-10-05T04:45:44.7281760Z libxslt1.1 set to manually installed.
verify	Run npx playwright install --with-deps chromium webkit	2026-10-05T04:45:44.7282664Z The following additional packages will be installed:
verify	Run npx playwright install --with-deps chromium webkit	2026-10-05T04:45:44.7283753Z   glib-networking glib-networking-common glib-networking-services
verify	Run npx playwright install --with-deps chromium webkit	2026-10-05T04:45:44.7284969Z   gsettings-desktop-schemas libaa1 libabsl20220623t64 libass9 libasyncns0
verify	Run npx playwright install --with-deps chromium webkit	2026-10-05T04:45:44.7286341Z   libavc1394-0 libavcodec60 libavfilter9 libavformat60 libavtp0 libavutil58
verify	Run npx playwright install --with-deps chromium webkit	2026-10-05T04:45:44.7287655Z   libblas3 libbluray2 libbs2b0 libcaca0 libcairo-script-interpreter2
verify	Run npx playwright install --with-deps chromium webkit	2026-10-05T04:45:44.7288882Z   libcdparanoia0 libchromaprint1 libcjson1 libcodec2-1.2 libdav1d7
verify	Run npx playwright install --with-deps chromium webkit	2026-10-05T04:45:44.7290392Z   libdc1394-25 libdca0 libde265-0 libdecor-0-0 libdirectfb-1.7-7t64 libdv4t64
verify	Run npx playwright install --with-deps chromium webkit	2026-10-05T04:45:44.7291716Z   libdvdnav4 libdvdread8t64 libegl-mesa0 libegl1 libevent-core-2.1-7t64
verify	Run npx playwright install --with-deps chromium webkit	2026-10-05T04:45:44.7293065Z   libevent-pthreads-2.1-7t64 libfaad2 libflac12t64 libfluidsynth3 libfreeaptx0
verify	Run npx playwright install --with-deps chromium webkit	2026-10-05T04:45:44.7294442Z   libgav1-1 libgl1-mesa-dri libglx-mesa0 libgme0 libgraphene-1.0-0 libgsm1
verify	Run npx playwright install --with-deps chromium webkit	2026-10-05T04:45:44.7295790Z   libgssdp-1.6-0 libgstreamer-plugins-good1.0-0 libgtk-4-common libgupnp-1.6-0
verify	Run npx playwright install --with-deps chromium webkit	2026-10-05T04:45:44.7297063Z   libgupnp-igd-1.6-0 libhwy1t64 libiec61883-0 libimath-3-1-29t64
verify	Run npx playwright install --with-deps chromium webkit	2026-10-05T04:45:44.7298185Z   libinstpatch-1.0-2 libjack-jackd2-0 libjxl0.7 liblapack3 liblc3-1
verify	Run npx playwright install --with-deps chromium webkit	2026-10-05T04:45:44.7299273Z   libldacbt-enc2 liblilv-0-0 liblrdf0 libltc11 libmbedcrypto7t64 libmfx1
verify	Run npx playwright install --with-deps chromium webkit	2026-10-05T04:45:44.7300138Z   libmjpegutils-2.1-0t64 libmodplug1 libmp3lame0 libmpcdec6
verify	Run npx playwright install --with-deps chromium webkit	2026-10-05T04:45:44.7300968Z   libmpeg2encpp-2.1-0t64 libmpg123-0t64 libmplex2-2.1-0t64 libmysofa1
verify	Run npx playwright install --with-deps chromium webkit	2026-10-05T04:45:44.7302152Z   libneon27t64 libnice10 libopenal-data libopenal1 libopenexr-3-1-30
verify	Run npx playwright install --with-deps chromium webkit	2026-10-05T04:45:44.7302979Z   libopenh264-7 libopenmpt0t64 libopenni2-0 liborc-0.4-0t64
verify	Run npx playwright install --with-deps chromium webkit	2026-10-05T04:45:44.7303541Z   libpipewire-0.3-0t64 libplacebo338 libpocketsphinx3 libpostproc57
verify	Run npx playwright install --with-deps chromium webkit	2026-10-05T04:45:44.7304086Z   libproxy1v5 libpulse0 libqrencode4 libraptor2-0 librav1e0 libraw1394-11
verify	Run npx playwright install --with-deps chromium webkit	2026-10-05T04:45:44.7304637Z   librist4 librsvg2-2 librubberband2 libsamplerate0 libsbc1 libsdl2-2.0-0
verify	Run npx playwright install --with-deps chromium webkit	2026-10-05T04:45:44.7305210Z   libsecret-common libserd-0-0 libshine3 libshout3 libsndfile1 libsndio7.0
verify	Run npx playwright install --with-deps chromium webkit	2026-10-05T04:45:44.7305755Z   libsord-0-0 libsoundtouch1 libsoup-3.0-0 libsoup-3.0-common libsoxr0
verify	Run npx playwright install --with-deps chromium webkit	2026-10-05T04:45:44.7306497Z   libspa-0.2-modules libspandsp2t64 libspeex1 libsphinxbase3t64 libsratom-0-0
verify	Run npx playwright install --with-deps chromium webkit	2026-10-05T04:45:44.7307066Z   libsrt1.5-gnutls libsrtp2-1 libssh-gcrypt-4 libsvtav1enc1d1 libswresample4
verify	Run npx playwright install --with-deps chromium webkit	2026-10-05T04:45:44.7307628Z   libswscale7 libtag1v5 libtag1v5-vanilla libtheora0 libtwolame0 libudfread0
verify	Run npx playwright install --with-deps chromium webkit	2026-10-05T04:45:44.7308179Z   libunibreak5 libv4l-0t64 libv4lconvert0t64 libva-drm2 libva-x11-2 libva2
verify	Run npx playwright install --with-deps chromium webkit	2026-10-05T04:45:44.7308705Z   libvdpau1 libvidstab1.1 libvisual-0.4-0 libvo-aacenc0 libvo-amrwbenc0
verify	Run npx playwright install --with-deps chromium webkit	2026-10-05T04:45:44.7309551Z   libvorbisenc2 libvpl2 libwavpack1 libwebrtc-audio-processing1 libwildmidi2
verify	Run npx playwright install --with-deps chromium webkit	2026-10-05T04:45:44.7310145Z   libx265-199 libxcb-xkb1 libxkbcommon-x11-0 libxvidcore4 libyuv0 libzbar0t64
verify	Run npx playwright install --with-deps chromium webkit	2026-10-05T04:45:44.7310730Z   libzimg2 libzix-0-0 libzvbi-common libzvbi0t64 libzxing3 mesa-libgallium
verify	Run npx playwright install --with-deps chromium webkit	2026-10-05T04:45:44.7311297Z   ocl-icd-libopencl1 session-migration timgm6mb-soundfont xfonts-encodings
verify	Run npx playwright install --with-deps chromium webkit	2026-10-05T04:45:44.7311699Z   xfonts-utils
verify	Run npx playwright install --with-deps chromium webkit	2026-10-05T04:45:44.7311940Z Suggested packages:
verify	Run npx playwright install --with-deps chromium webkit	2026-10-05T04:45:44.7312341Z   frei0r-plugins gvfs libcuda1 libnvcuvid1 libnvidia-encode1 libbluray-bdj
verify	Run npx playwright install --with-deps chromium webkit	2026-10-05T04:45:44.7312908Z   libdirectfb-extra libdv-bin oss-compat libdvdcss2 libvisual-0.4-plugins
verify	Run npx playwright install --with-deps chromium webkit	2026-10-05T04:45:44.7313437Z   jackd2 liblrdf0-dev libportaudio2 opus-tools pipewire pulseaudio
verify	Run npx playwright install --with-deps chromium webkit	2026-10-05T04:45:44.7313947Z   raptor2-utils libraw1394-doc librsvg2-bin serdi sndiod sordi speex
verify	Run npx playwright install --with-deps chromium webkit	2026-10-05T04:45:44.7314401Z   libwildmidi-config opencl-icd fluid-soundfont-gm
verify	Run npx playwright install --with-deps chromium webkit	2026-10-05T04:45:44.7314732Z Recommended packages:
verify	Run npx playwright install --with-deps chromium webkit	2026-10-05T04:45:44.7315075Z   fonts-ipafont-mincho fonts-tlwg-loma gstreamer1.0-x libaacs0
verify	Run npx playwright install --with-deps chromium webkit	2026-10-05T04:45:44.7315574Z   default-libdecor-0-plugin-1 | libdecor-0-plugin-1 gstreamer1.0-gl
verify	Run npx playwright install --with-deps chromium webkit	2026-10-05T04:45:44.7316125Z   libgtk-4-bin librsvg2-common libgtk-4-media-gstreamer libpipewire-0.3-common
verify	Run npx playwright install --with-deps chromium webkit	2026-10-05T04:45:44.7316716Z   pocketsphinx-en-us va-driver-all | va-driver vdpau-driver-all | vdpau-driver
verify	Run npx playwright install --with-deps chromium webkit	2026-10-05T04:45:44.7317136Z   libmagickcore-6.q16-7-extra
verify	Run npx playwright install --with-deps chromium webkit	2026-10-05T04:45:44.8043767Z The following NEW packages will be installed:
verify	Run npx playwright install --with-deps chromium webkit	2026-10-05T04:45:44.8045168Z   fonts-freefont-ttf fonts-ipafont-gothic fonts-tlwg-loma-otf fonts-unifont
verify	Run npx playwright install --with-deps chromium webkit	2026-10-05T04:45:44.8046525Z   fonts-wqy-zenhei glib-networking glib-networking-common
verify	Run npx playwright install --with-deps chromium webkit	2026-10-05T04:45:44.8047867Z   glib-networking-services gsettings-desktop-schemas gstreamer1.0-libav
verify	Run npx playwright install --with-deps chromium webkit	2026-10-05T04:45:44.8049600Z   gstreamer1.0-plugins-bad gstreamer1.0-plugins-base gstreamer1.0-plugins-good
verify	Run npx playwright install --with-deps chromium webkit	2026-10-05T04:45:44.8050850Z   libaa1 libabsl20220623t64 libass9 libasyncns0 libavc1394-0 libavcodec60
verify	Run npx playwright install --with-deps chromium webkit	2026-10-05T04:45:44.8051954Z   libavfilter9 libavformat60 libavif16 libavtp0 libavutil58 libblas3
verify	Run npx playwright install --with-deps chromium webkit	2026-10-05T04:45:44.8053118Z   libbluray2 libbs2b0 libcaca0 libcairo-script-interpreter2 libcdparanoia0
verify	Run npx playwright install --with-deps chromium webkit	2026-10-05T04:45:44.8054274Z   libchromaprint1 libcjson1 libcodec2-1.2 libdav1d7 libdc1394-25 libdca0
verify	Run npx playwright install --with-deps chromium webkit	2026-10-05T04:45:44.8055340Z   libde265-0 libdecor-0-0 libdirectfb-1.7-7t64 libdv4t64 libdvdnav4
verify	Run npx playwright install --with-deps chromium webkit	2026-10-05T04:45:44.8056480Z   libdvdread8t64 libegl-mesa0 libegl1 libevent-2.1-7t64 libfaad2 libflac12t64
verify	Run npx playwright install --with-deps chromium webkit	2026-10-05T04:45:44.8057601Z   libflite1 libfluidsynth3 libfreeaptx0 libgav1-1 libgles2 libgme0
verify	Run npx playwright install --with-deps chromium webkit	2026-10-05T04:45:44.8058340Z   libgraphene-1.0-0 libgsm1 libgssdp-1.6-0 libgstreamer-gl1.0-0
verify	Run npx playwright install --with-deps chromium webkit	2026-10-05T04:45:44.8059841Z   libgstreamer-plugins-bad1.0-0 libgstreamer-plugins-base1.0-0
verify	Run npx playwright install --with-deps chromium webkit	2026-10-05T04:45:44.8061217Z   libgstreamer-plugins-good1.0-0 libgtk-4-1 libgtk-4-common libgupnp-1.6-0
verify	Run npx playwright install --with-deps chromium webkit	2026-10-05T04:45:44.8061830Z   libgupnp-igd-1.6-0 libharfbuzz-icu0 libhwy1t64 libhyphen0 libiec61883-0
verify	Run npx playwright install --with-deps chromium webkit	2026-10-05T04:45:44.8062411Z   libimath-3-1-29t64 libinstpatch-1.0-2 libjack-jackd2-0 libjxl0.7 liblapack3
verify	Run npx playwright install --with-deps chromium webkit	2026-10-05T04:45:44.8062973Z   liblc3-1 libldacbt-enc2 liblilv-0-0 liblrdf0 libltc11 libmanette-0.2-0
verify	Run npx playwright install --with-deps chromium webkit	2026-10-05T04:45:44.8063526Z   libmbedcrypto7t64 libmfx1 libmjpegutils-2.1-0t64 libmodplug1 libmp3lame0
verify	Run npx playwright install --with-deps chromium webkit	2026-10-05T04:45:44.8064067Z   libmpcdec6 libmpeg2encpp-2.1-0t64 libmpg123-0t64 libmplex2-2.1-0t64
verify	Run npx playwright install --with-deps chromium webkit	2026-10-05T04:45:44.8064692Z   libmysofa1 libneon27t64 libnice10 libopenal-data libopenal1
verify	Run npx playwright install --with-deps chromium webkit	2026-10-05T04:45:44.8065980Z   libopenexr-3-1-30 libopenh264-7 libopenmpt0t64 libopenni2-0 libopus0
verify	Run npx playwright install --with-deps chromium webkit	2026-10-05T04:45:44.8066534Z   liborc-0.4-0t64 libpipewire-0.3-0t64 libplacebo338 libpocketsphinx3
verify	Run npx playwright install --with-deps chromium webkit	2026-10-05T04:45:44.8067064Z   libpostproc57 libproxy1v5 libpulse0 libqrencode4 libraptor2-0 librav1e0
verify	Run npx playwright install --with-deps chromium webkit	2026-10-05T04:45:44.8067624Z   libraw1394-11 librist4 librsvg2-2 librubberband2 libsamplerate0 libsbc1
verify	Run npx playwright install --with-deps chromium webkit	2026-10-05T04:45:44.8068172Z   libsdl2-2.0-0 libsecret-1-0 libsecret-common libserd-0-0 libshine3 libshout3
verify	Run npx playwright install --with-deps chromium webkit	2026-10-05T04:45:44.8068697Z   libsndfile1 libsndio7.0 libsord-0-0 libsoundtouch1 libsoup-3.0-0
verify	Run npx playwright install --with-deps chromium webkit	2026-10-05T04:45:44.8069514Z   libsoup-3.0-common libsoxr0 libspa-0.2-modules libspandsp2t64 libspeex1
verify	Run npx playwright install --with-deps chromium webkit	2026-10-05T04:45:44.8070095Z   libsphinxbase3t64 libsratom-0-0 libsrt1.5-gnutls libsrtp2-1 libssh-gcrypt-4
verify	Run npx playwright install --with-deps chromium webkit	2026-10-05T04:45:44.8070652Z   libsvtav1enc1d1 libswresample4 libswscale7 libtag1v5 libtag1v5-vanilla
verify	Run npx playwright install --with-deps chromium webkit	2026-10-05T04:45:44.8071158Z   libtheora0 libtwolame0 libudfread0 libunibreak5 libv4l-0t64
verify	Run npx playwright install --with-deps chromium webkit	2026-10-05T04:45:44.8071676Z   libv4lconvert0t64 libva-drm2 libva-x11-2 libva2 libvdpau1 libvidstab1.1
verify	Run npx playwright install --with-deps chromium webkit	2026-10-05T04:45:44.8072225Z   libvisual-0.4-0 libvo-aacenc0 libvo-amrwbenc0 libvorbisenc2 libvpl2 libvpx9
verify	Run npx playwright install --with-deps chromium webkit	2026-10-05T04:45:44.8072780Z   libwavpack1 libwayland-server0 libwebrtc-audio-processing1 libwildmidi2
verify	Run npx playwright install --with-deps chromium webkit	2026-10-05T04:45:44.8073338Z   libwoff1 libx264-164 libx265-199 libxcb-xkb1 libxkbcommon-x11-0 libxvidcore4
verify	Run npx playwright install --with-deps chromium webkit	2026-10-05T04:45:44.8073896Z   libyuv0 libzbar0t64 libzimg2 libzix-0-0 libzvbi-common libzvbi0t64 libzxing3
verify	Run npx playwright install --with-deps chromium webkit	2026-10-05T04:45:44.8074460Z   ocl-icd-libopencl1 session-migration timgm6mb-soundfont xfonts-cyrillic
verify	Run npx playwright install --with-deps chromium webkit	2026-10-05T04:45:44.8074925Z   xfonts-encodings xfonts-scalable xfonts-utils
verify	Run npx playwright install --with-deps chromium webkit	2026-10-05T04:45:44.8075321Z The following packages will be upgraded:
verify	Run npx playwright install --with-deps chromium webkit	2026-10-05T04:45:44.8075773Z   libevent-core-2.1-7t64 libevent-pthreads-2.1-7t64 libgbm1 libgl1-mesa-dri
verify	Run npx playwright install --with-deps chromium webkit	2026-10-05T04:45:44.8076201Z   libglx-mesa0 mesa-libgallium
verify	Run npx playwright install --with-deps chromium webkit	2026-10-05T04:45:44.8290157Z 6 upgraded, 181 newly installed, 0 to remove and 19 not upgraded.
verify	Run npx playwright install --with-deps chromium webkit	2026-10-05T04:45:44.8290964Z Need to get 125 MB of archives.
verify	Run npx playwright install --with-deps chromium webkit	2026-10-05T04:45:44.8291723Z After this operation, 364 MB of additional disk space will be used.
verify	Run npx playwright install --with-deps chromium webkit	2026-10-05T04:45:44.8292514Z Get:1 file:/etc/apt/apt-mirrors.txt Mirrorlist [144 B]
verify	Run npx playwright install --with-deps chromium webkit	2026-10-05T04:45:44.9777618Z Get:2 http://azure.archive.ubuntu.com/ubuntu noble/universe amd64 fonts-ipafont-gothic all 00303-21ubuntu1 [3513 kB]
verify	Run npx playwright install --with-deps chromium webkit	2026-10-05T04:45:45.2496434Z Get:3 http://azure.archive.ubuntu.com/ubuntu noble/main amd64 fonts-freefont-ttf all 20211204+svn4273-2 [5641 kB]
verify	Run npx playwright install --with-deps chromium webkit	2026-10-05T04:45:45.5535219Z Get:4 http://azure.archive.ubuntu.com/ubuntu noble/universe amd64 fonts-tlwg-loma-otf all 1:0.7.3-1 [107 kB]
verify	Run npx playwright install --with-deps chromium webkit	2026-10-05T04:45:45.6905941Z Get:5 http://azure.archive.ubuntu.com/ubuntu noble/universe amd64 fonts-unifont all 1:15.1.01-1build1 [2993 kB]
verify	Run npx playwright install --with-deps chromium webkit	2026-10-05T04:45:45.9508685Z Get:6 http://azure.archive.ubuntu.com/ubuntu noble/universe amd64 fonts-wqy-zenhei all 0.9.45-8 [7472 kB]
verify	Run npx playwright install --with-deps chromium webkit	2026-10-05T04:45:46.4021334Z Get:7 http://azure.archive.ubuntu.com/ubuntu noble/main amd64 libproxy1v5 amd64 0.5.4-4build1 [26.5 kB]
verify	Run npx playwright install --with-deps chromium webkit	2026-10-05T04:45:46.5357905Z Get:8 http://azure.archive.ubuntu.com/ubuntu noble/main amd64 glib-networking-common all 2.80.0-1build1 [6702 B]
verify	Run npx playwright install --with-deps chromium webkit	2026-10-05T04:45:46.6692950Z Get:9 http://azure.archive.ubuntu.com/ubuntu noble/main amd64 glib-networking-services amd64 2.80.0-1build1 [12.8 kB]
verify	Run npx playwright install --with-deps chromium webkit	2026-10-05T04:45:46.8037587Z Get:10 http://azure.archive.ubuntu.com/ubuntu noble/main amd64 session-migration amd64 0.3.9build1 [9034 B]
verify	Run npx playwright install --with-deps chromium webkit	2026-10-05T04:45:46.9372681Z Get:11 http://azure.archive.ubuntu.com/ubuntu noble-updates/main amd64 gsettings-desktop-schemas all 46.1-0ubuntu1 [35.6 kB]
verify	Run npx playwright install --with-deps chromium webkit	2026-10-05T04:45:47.0712386Z Get:12 http://azure.archive.ubuntu.com/ubuntu noble/main amd64 glib-networking amd64 2.80.0-1build1 [64.1 kB]
verify	Run npx playwright install --with-deps chromium webkit	2026-10-05T04:45:47.2063054Z Get:13 http://azure.archive.ubuntu.com/ubuntu noble-updates/universe amd64 libva2 amd64 2.20.0-2ubuntu0.2 [66.4 kB]
verify	Run npx playwright install --with-deps chromium webkit	2026-10-05T04:45:47.3441549Z Get:14 http://azure.archive.ubuntu.com/ubuntu noble-updates/universe amd64 libva-drm2 amd64 2.20.0-2ubuntu0.2 [7124 B]
verify	Run npx playwright install --with-deps chromium webkit	2026-10-05T04:45:47.4779741Z Get:15 http://azure.archive.ubuntu.com/ubuntu noble-updates/universe amd64 libva-x11-2 amd64 2.20.0-2ubuntu0.2 [12.0 kB]
verify	Run npx playwright install --with-deps chromium webkit	2026-10-05T04:45:47.6115022Z Get:16 http://azure.archive.ubuntu.com/ubuntu noble/main amd64 libvdpau1 amd64 1.5-2build1 [27.8 kB]
verify	Run npx playwright install --with-deps chromium webkit	2026-10-05T04:45:47.7452226Z Get:17 http://azure.archive.ubuntu.com/ubuntu noble/universe amd64 libvpl2 amd64 2023.3.0-1build1 [99.8 kB]
verify	Run npx playwright install --with-deps chromium webkit	2026-10-05T04:45:47.8814780Z Get:18 http://azure.archive.ubuntu.com/ubuntu noble/universe amd64 ocl-icd-libopencl1 amd64 2.3.2-1build1 [38.5 kB]
verify	Run npx playwright install --with-deps chromium webkit	2026-10-05T04:45:48.0154855Z Get:19 http://azure.archive.ubuntu.com/ubuntu noble/universe amd64 libavutil58 amd64 7:6.1.1-3ubuntu5 [401 kB]
verify	Run npx playwright install --with-deps chromium webkit	2026-10-05T04:45:48.1649976Z Get:20 http://azure.archive.ubuntu.com/ubuntu noble/universe amd64 libcodec2-1.2 amd64 1.2.0-2build1 [8998 kB]
verify	Run npx playwright install --with-deps chromium webkit	2026-10-05T04:45:48.6776848Z Get:21 http://azure.archive.ubuntu.com/ubuntu noble/universe amd64 libdav1d7 amd64 1.4.1-1build1 [604 kB]
verify	Run npx playwright install --with-deps chromium webkit	2026-10-05T04:45:48.8352462Z Get:22 http://azure.archive.ubuntu.com/ubuntu noble/universe amd64 libgsm1 amd64 1.0.22-1build1 [27.8 kB]
verify	Run npx playwright install --with-deps chromium webkit	2026-10-05T04:45:48.9688873Z Get:23 http://azure.archive.ubuntu.com/ubuntu noble/universe amd64 libhwy1t64 amd64 1.0.7-8.1build1 [584 kB]
verify	Run npx playwright install --with-deps chromium webkit	2026-10-05T04:45:49.1253827Z Get:24 http://azure.archive.ubuntu.com/ubuntu noble-updates/universe amd64 libjxl0.7 amd64 0.7.0-10.2ubuntu6.1 [1001 kB]
verify	Run npx playwright install --with-deps chromium webkit	2026-10-05T04:45:49.2995353Z Get:25 http://azure.archive.ubuntu.com/ubuntu noble/main amd64 libmp3lame0 amd64 3.100-6build1 [142 kB]
verify	Run npx playwright install --with-deps chromium webkit	2026-10-05T04:45:49.4378506Z Get:26 http://azure.archive.ubuntu.com/ubuntu noble/main amd64 libopus0 amd64 1.4-1build1 [208 kB]
verify	Run npx playwright install --with-deps chromium webkit	2026-10-05T04:45:49.5786451Z Get:27 http://azure.archive.ubuntu.com/ubuntu noble/universe amd64 librav1e0 amd64 0.7.1-2 [1022 kB]
verify	Run npx playwright install --with-deps chromium webkit	2026-10-05T04:45:49.7536845Z Get:28 http://azure.archive.ubuntu.com/ubuntu noble/main amd64 librsvg2-2 amd64 2.58.0+dfsg-1build1 [2135 kB]
verify	Run npx playwright install --with-deps chromium webkit	2026-10-05T04:45:49.9760001Z Get:29 http://azure.archive.ubuntu.com/ubuntu noble/universe amd64 libshine3 amd64 3.1.1-2build1 [23.2 kB]
verify	Run npx playwright install --with-deps chromium webkit	2026-10-05T04:45:50.1096113Z Get:30 http://azure.archive.ubuntu.com/ubuntu noble-updates/main amd64 libspeex1 amd64 1.2.1-2ubuntu2.24.04.1 [59.6 kB]
verify	Run npx playwright install --with-deps chromium webkit	2026-10-05T04:45:50.2447269Z Get:31 http://azure.archive.ubuntu.com/ubuntu noble/universe amd64 libsvtav1enc1d1 amd64 1.7.0+dfsg-2build1 [2425 kB]
verify	Run npx playwright install --with-deps chromium webkit	2026-10-05T04:45:50.4793411Z Get:32 http://azure.archive.ubuntu.com/ubuntu noble/universe amd64 libsoxr0 amd64 0.1.3-4build3 [80.0 kB]
verify	Run npx playwright install --with-deps chromium webkit	2026-10-05T04:45:50.6151714Z Get:33 http://azure.archive.ubuntu.com/ubuntu noble/universe amd64 libswresample4 amd64 7:6.1.1-3ubuntu5 [63.8 kB]
verify	Run npx playwright install --with-deps chromium webkit	2026-10-05T04:45:50.7504055Z Get:34 http://azure.archive.ubuntu.com/ubuntu noble/main amd64 libtheora0 amd64 1.1.1+dfsg.1-16.1build3 [211 kB]
verify	Run npx playwright install --with-deps chromium webkit	2026-10-05T04:45:50.8912585Z Get:35 http://azure.archive.ubuntu.com/ubuntu noble/main amd64 libtwolame0 amd64 0.4.0-2build3 [52.3 kB]
verify	Run npx playwright install --with-deps chromium webkit	2026-10-05T04:45:51.0258247Z Get:36 http://azure.archive.ubuntu.com/ubuntu noble/main amd64 libvorbisenc2 amd64 1.3.7-1build3 [80.8 kB]
verify	Run npx playwright install --with-deps chromium webkit	2026-10-05T04:45:51.1614610Z Get:37 http://azure.archive.ubuntu.com/ubuntu noble-updates/main amd64 libvpx9 amd64 1.14.0-1ubuntu2.3 [1143 kB]
verify	Run npx playwright install --with-deps chromium webkit	2026-10-05T04:45:51.3415739Z Get:38 http://azure.archive.ubuntu.com/ubuntu noble/universe amd64 libx264-164 amd64 2:0.164.3108+git31e19f9-1 [604 kB]
verify	Run npx playwright install --with-deps chromium webkit	2026-10-05T04:45:51.6315453Z Get:39 http://azure.archive.ubuntu.com/ubuntu noble/universe amd64 libx265-199 amd64 3.5-2build1 [1226 kB]
verify	Run npx playwright install --with-deps chromium webkit	2026-10-05T04:45:52.6781452Z Get:40 http://azure.archive.ubuntu.com/ubuntu noble/universe amd64 libxvidcore4 amd64 2:1.3.7-1build1 [219 kB]
verify	Run npx playwright install --with-deps chromium webkit	2026-10-05T04:45:52.8270908Z Get:41 http://azure.archive.ubuntu.com/ubuntu noble/universe amd64 libzvbi-common all 0.2.42-2 [42.4 kB]
verify	Run npx playwright install --with-deps chromium webkit	2026-10-05T04:45:52.9624816Z Get:42 http://azure.archive.ubuntu.com/ubuntu noble/universe amd64 libzvbi0t64 amd64 0.2.42-2 [261 kB]
verify	Run npx playwright install --with-deps chromium webkit	2026-10-05T04:45:53.1144863Z Get:43 http://azure.archive.ubuntu.com/ubuntu noble/universe amd64 libavcodec60 amd64 7:6.1.1-3ubuntu5 [5851 kB]
verify	Run npx playwright install --with-deps chromium webkit	2026-10-05T04:45:53.5846519Z Get:44 http://azure.archive.ubuntu.com/ubuntu noble/universe amd64 libunibreak5 amd64 5.1-2build1 [25.0 kB]
verify	Run npx playwright install --with-deps chromium webkit	2026-10-05T04:45:53.7182577Z Get:45 http://azure.archive.ubuntu.com/ubuntu noble/universe amd64 libass9 amd64 1:0.17.1-2build1 [104 kB]
verify	Run npx playwright install --with-deps chromium webkit	2026-10-05T04:45:53.8523967Z Get:46 http://azure.archive.ubuntu.com/ubuntu noble/universe amd64 libudfread0 amd64 1.1.2-1build1 [19.0 kB]
verify	Run npx playwright install --with-deps chromium webkit	2026-10-05T04:45:53.9858279Z Get:47 http://azure.archive.ubuntu.com/ubuntu noble/universe amd64 libbluray2 amd64 1:1.3.4-1build1 [159 kB]
verify	Run npx playwright install --with-deps chromium webkit	2026-10-05T04:45:54.1202804Z Get:48 http://azure.archive.ubuntu.com/ubuntu noble/universe amd64 libchromaprint1 amd64 1.5.1-5 [30.5 kB]
verify	Run npx playwright install --with-deps chromium webkit	2026-10-05T04:45:54.2537267Z Get:49 http://azure.archive.ubuntu.com/ubuntu noble/universe amd64 libgme0 amd64 0.6.3-7build1 [134 kB]
verify	Run npx playwright install --with-deps chromium webkit	2026-10-05T04:45:54.3883408Z Get:50 http://azure.archive.ubuntu.com/ubuntu noble-updates/main amd64 libmpg123-0t64 amd64 1.32.5-1ubuntu1.1 [169 kB]
verify	Run npx playwright install --with-deps chromium webkit	2026-10-05T04:45:54.5265950Z Get:51 http://azure.archive.ubuntu.com/ubuntu noble/universe amd64 libopenmpt0t64 amd64 0.7.3-1.1build3 [647 kB]
verify	Run npx playwright install --with-deps chromium webkit	2026-10-05T04:45:54.6721828Z Get:52 http://azure.archive.ubuntu.com/ubuntu noble/universe amd64 libcjson1 amd64 1.7.17-1 [24.8 kB]
verify	Run npx playwright install --with-deps chromium webkit	2026-10-05T04:45:54.8091899Z Get:53 http://azure.archive.ubuntu.com/ubuntu noble/universe amd64 libmbedcrypto7t64 amd64 2.28.8-1 [209 kB]
verify	Run npx playwright install --with-deps chromium webkit	2026-10-05T04:45:54.9482193Z Get:54 http://azure.archive.ubuntu.com/ubuntu noble/universe amd64 librist4 amd64 0.2.10+dfsg-2 [74.9 kB]
verify	Run npx playwright install --with-deps chromium webkit	2026-10-05T04:45:55.0855225Z Get:55 http://azure.archive.ubuntu.com/ubuntu noble/universe amd64 libsrt1.5-gnutls amd64 1.5.3-1build2 [316 kB]
verify	Run npx playwright install --with-deps chromium webkit	2026-10-05T04:45:55.2257242Z Get:56 http://azure.archive.ubuntu.com/ubuntu noble-updates/main amd64 libssh-gcrypt-4 amd64 0.10.6-2ubuntu0.5 [226 kB]
verify	Run npx playwright install --with-deps chromium webkit	2026-10-05T04:45:55.3647301Z Get:57 http://azure.archive.ubuntu.com/ubuntu noble/universe amd64 libavformat60 amd64 7:6.1.1-3ubuntu5 [1153 kB]
verify	Run npx playwright install --with-deps chromium webkit	2026-10-05T04:45:55.5178654Z Get:58 http://azure.archive.ubuntu.com/ubuntu noble/universe amd64 libbs2b0 amd64 3.1.0+dfsg-7build1 [10.6 kB]
verify	Run npx playwright install --with-deps chromium webkit	2026-10-05T04:45:55.6548328Z Get:59 http://azure.archive.ubuntu.com/ubuntu noble/universe amd64 libflite1 amd64 2.2-6build3 [13.6 MB]
verify	Run npx playwright install --with-deps chromium webkit	2026-10-05T04:45:56.3811985Z Get:60 http://azure.archive.ubuntu.com/ubuntu noble/universe amd64 libserd-0-0 amd64 0.32.2-1 [43.6 kB]
verify	Run npx playwright install --with-deps chromium webkit	2026-10-05T04:45:56.5220982Z Get:61 http://azure.archive.ubuntu.com/ubuntu noble/universe amd64 libzix-0-0 amd64 0.4.2-2build1 [23.6 kB]
verify	Run npx playwright install --with-deps chromium webkit	2026-10-05T04:45:56.6591902Z Get:62 http://azure.archive.ubuntu.com/ubuntu noble/universe amd64 libsord-0-0 amd64 0.16.16-2build1 [15.8 kB]
verify	Run npx playwright install --with-deps chromium webkit	2026-10-05T04:45:56.7961042Z Get:63 http://azure.archive.ubuntu.com/ubuntu noble/universe amd64 libsratom-0-0 amd64 0.6.16-1build1 [17.3 kB]
verify	Run npx playwright install --with-deps chromium webkit	2026-10-05T04:45:56.9328948Z Get:64 http://azure.archive.ubuntu.com/ubuntu noble/universe amd64 liblilv-0-0 amd64 0.24.22-1build1 [41.0 kB]
verify	Run npx playwright install --with-deps chromium webkit	2026-10-05T04:45:57.0741115Z Get:65 http://azure.archive.ubuntu.com/ubuntu noble/universe amd64 libmysofa1 amd64 1.3.2+dfsg-2ubuntu2 [1158 kB]
verify	Run npx playwright install --with-deps chromium webkit	2026-10-05T04:45:57.2600673Z Get:66 http://azure.archive.ubuntu.com/ubuntu noble/universe amd64 libplacebo338 amd64 6.338.2-2build1 [2654 kB]
verify	Run npx playwright install --with-deps chromium webkit	2026-10-05T04:45:57.5105786Z Get:67 http://azure.archive.ubuntu.com/ubuntu noble-updates/main amd64 libblas3 amd64 3.12.0-3build1.1 [238 kB]
verify	Run npx playwright install --with-deps chromium webkit	2026-10-05T04:45:57.6495073Z Get:68 http://azure.archive.ubuntu.com/ubuntu noble-updates/main amd64 liblapack3 amd64 3.12.0-3build1.1 [2646 kB]
verify	Run npx playwright install --with-deps chromium webkit	2026-10-05T04:45:57.8250681Z Get:69 http://azure.archive.ubuntu.com/ubuntu noble/main amd64 libasyncns0 amd64 0.8-6build4 [11.3 kB]
verify	Run npx playwright install --with-deps chromium webkit	2026-10-05T04:45:57.9619488Z Get:70 http://azure.archive.ubuntu.com/ubuntu noble/main amd64 libflac12t64 amd64 1.4.3+ds-2.1ubuntu2 [197 kB]
verify	Run npx playwright install --with-deps chromium webkit	2026-10-05T04:45:58.1005504Z Get:71 http://azure.archive.ubuntu.com/ubuntu noble-updates/main amd64 libsndfile1 amd64 1.2.2-1ubuntu5.24.04.1 [209 kB]
verify	Run npx playwright install --with-deps chromium webkit	2026-10-05T04:45:58.2396056Z Get:72 http://azure.archive.ubuntu.com/ubuntu noble-updates/main amd64 libpulse0 amd64 1:16.1+dfsg1-2ubuntu10.1 [292 kB]
verify	Run npx playwright install --with-deps chromium webkit	2026-10-05T04:45:58.3802792Z Get:73 http://azure.archive.ubuntu.com/ubuntu noble/universe amd64 libsphinxbase3t64 amd64 0.8+5prealpha+1-17build2 [126 kB]
verify	Run npx playwright install --with-deps chromium webkit	2026-10-05T04:45:58.5180143Z Get:74 http://azure.archive.ubuntu.com/ubuntu noble/universe amd64 libpocketsphinx3 amd64 0.8.0+real5prealpha+1-15ubuntu5 [133 kB]
verify	Run npx playwright install --with-deps chromium webkit	2026-10-05T04:45:58.6558650Z Get:75 http://azure.archive.ubuntu.com/ubuntu noble/universe amd64 libpostproc57 amd64 7:6.1.1-3ubuntu5 [49.9 kB]
verify	Run npx playwright install --with-deps chromium webkit	2026-10-05T04:45:58.7896908Z Get:76 http://azure.archive.ubuntu.com/ubuntu noble/main amd64 libsamplerate0 amd64 0.2.2-4build1 [1344 kB]
verify	Run npx playwright install --with-deps chromium webkit	2026-10-05T04:45:58.9792482Z Get:77 http://azure.archive.ubuntu.com/ubuntu noble/universe amd64 librubberband2 amd64 3.3.0+dfsg-2build1 [130 kB]
verify	Run npx playwright install --with-deps chromium webkit	2026-10-05T04:45:59.1170054Z Get:78 http://azure.archive.ubuntu.com/ubuntu noble/universe amd64 libswscale7 amd64 7:6.1.1-3ubuntu5 [193 kB]
verify	Run npx playwright install --with-deps chromium webkit	2026-10-05T04:45:59.2591421Z Get:79 http://azure.archive.ubuntu.com/ubuntu noble/universe amd64 libvidstab1.1 amd64 1.1.0-2build1 [38.5 kB]
verify	Run npx playwright install --with-deps chromium webkit	2026-10-05T04:45:59.3941594Z Get:80 http://azure.archive.ubuntu.com/ubuntu noble/universe amd64 libzimg2 amd64 3.0.5+ds1-1build1 [254 kB]
verify	Run npx playwright install --with-deps chromium webkit	2026-10-05T04:45:59.5367681Z Get:81 http://azure.archive.ubuntu.com/ubuntu noble/universe amd64 libavfilter9 amd64 7:6.1.1-3ubuntu5 [4235 kB]
verify	Run npx playwright install --with-deps chromium webkit	2026-10-05T04:45:59.8484371Z Get:82 http://azure.archive.ubuntu.com/ubuntu noble-updates/main amd64 liborc-0.4-0t64 amd64 1:0.4.38-1ubuntu0.1 [207 kB]
verify	Run npx playwright install --with-deps chromium webkit	2026-10-05T04:45:59.9893444Z Get:83 http://azure.archive.ubuntu.com/ubuntu noble-updates/main amd64 libgstreamer-plugins-base1.0-0 amd64 1.24.2-1ubuntu0.5 [862 kB]
verify	Run npx playwright install --with-deps chromium webkit	2026-10-05T04:46:00.1583271Z Get:84 http://azure.archive.ubuntu.com/ubuntu noble/universe amd64 gstreamer1.0-libav amd64 1.24.1-1build1 [103 kB]
verify	Run npx playwright install --with-deps chromium webkit	2026-10-05T04:46:00.2947686Z Get:85 http://azure.archive.ubuntu.com/ubuntu noble/main amd64 libcdparanoia0 amd64 3.10.2+debian-14build3 [48.5 kB]
verify	Run npx playwright install --with-deps chromium webkit	2026-10-05T04:46:00.4304699Z Get:86 http://azure.archive.ubuntu.com/ubuntu noble/main amd64 libvisual-0.4-0 amd64 0.4.2-2build1 [115 kB]
verify	Run npx playwright install --with-deps chromium webkit	2026-10-05T04:46:00.5673643Z Get:87 http://azure.archive.ubuntu.com/ubuntu noble-updates/main amd64 gstreamer1.0-plugins-base amd64 1.24.2-1ubuntu0.5 [721 kB]
verify	Run npx playwright install --with-deps chromium webkit	2026-10-05T04:46:00.7298290Z Get:88 http://azure.archive.ubuntu.com/ubuntu noble/main amd64 libaa1 amd64 1.4p5-51.1 [49.9 kB]
verify	Run npx playwright install --with-deps chromium webkit	2026-10-05T04:46:00.8642360Z Get:89 http://azure.archive.ubuntu.com/ubuntu noble/main amd64 libraw1394-11 amd64 2.1.2-2build3 [26.2 kB]
verify	Run npx playwright install --with-deps chromium webkit	2026-10-05T04:46:00.9977016Z Get:90 http://azure.archive.ubuntu.com/ubuntu noble/main amd64 libavc1394-0 amd64 0.5.4-5build3 [15.4 kB]
verify	Run npx playwright install --with-deps chromium webkit	2026-10-05T04:46:01.1312867Z Get:91 http://azure.archive.ubuntu.com/ubuntu noble-updates/main amd64 libcaca0 amd64 0.99.beta20-4ubuntu0.2 [209 kB]
verify	Run npx playwright install --with-deps chromium webkit	2026-10-05T04:46:01.2723957Z Get:92 http://azure.archive.ubuntu.com/ubuntu noble/main amd64 libdv4t64 amd64 1.0.0-17.1build1 [63.2 kB]
verify	Run npx playwright install --with-deps chromium webkit	2026-10-05T04:46:01.4072035Z Get:93 http://azure.archive.ubuntu.com/ubuntu noble-updates/main amd64 libgstreamer-plugins-good1.0-0 amd64 1.24.2-1ubuntu1.8 [34.3 kB]
verify	Run npx playwright install --with-deps chromium webkit	2026-10-05T04:46:01.5409852Z Get:94 http://azure.archive.ubuntu.com/ubuntu noble/main amd64 libiec61883-0 amd64 1.2.0-6build1 [24.5 kB]
verify	Run npx playwright install --with-deps chromium webkit	2026-10-05T04:46:01.6747714Z Get:95 http://azure.archive.ubuntu.com/ubuntu noble/main amd64 libshout3 amd64 2.4.6-1build2 [50.3 kB]
verify	Run npx playwright install --with-deps chromium webkit	2026-10-05T04:46:01.8098393Z Get:96 http://azure.archive.ubuntu.com/ubuntu noble/main amd64 libtag1v5-vanilla amd64 1.13.1-1build1 [326 kB]
verify	Run npx playwright install --with-deps chromium webkit	2026-10-05T04:46:01.9553541Z Get:97 http://azure.archive.ubuntu.com/ubuntu noble/main amd64 libtag1v5 amd64 1.13.1-1build1 [11.7 kB]
verify	Run npx playwright install --with-deps chromium webkit	2026-10-05T04:46:02.0888562Z Get:98 http://azure.archive.ubuntu.com/ubuntu noble/main amd64 libv4lconvert0t64 amd64 1.26.1-4build3 [87.6 kB]
verify	Run npx playwright install --with-deps chromium webkit	2026-10-05T04:46:02.2247405Z Get:99 http://azure.archive.ubuntu.com/ubuntu noble/main amd64 libv4l-0t64 amd64 1.26.1-4build3 [46.9 kB]
verify	Run npx playwright install --with-deps chromium webkit	2026-10-05T04:46:02.3593893Z Get:100 http://azure.archive.ubuntu.com/ubuntu noble/main amd64 libwavpack1 amd64 5.6.0-1build1 [84.6 kB]
verify	Run npx playwright install --with-deps chromium webkit	2026-10-05T04:46:02.4954258Z Get:101 http://azure.archive.ubuntu.com/ubuntu noble-updates/main amd64 libsoup-3.0-common all 3.4.4-5ubuntu0.8 [11.7 kB]
verify	Run npx playwright install --with-deps chromium webkit	2026-10-05T04:46:02.6287705Z Get:102 http://azure.archive.ubuntu.com/ubuntu noble-updates/main amd64 libsoup-3.0-0 amd64 3.4.4-5ubuntu0.8 [290 kB]
verify	Run npx playwright install --with-deps chromium webkit	2026-10-05T04:46:02.7130814Z Get:103 http://azure.archive.ubuntu.com/ubuntu noble-updates/main amd64 gstreamer1.0-plugins-good amd64 1.24.2-1ubuntu1.8 [2236 kB]
verify	Run npx playwright install --with-deps chromium webkit	2026-10-05T04:46:03.1274278Z Get:104 http://azure.archive.ubuntu.com/ubuntu noble-updates/main amd64 libabsl20220623t64 amd64 20220623.1-3.1ubuntu3.2 [423 kB]
verify	Run npx playwright install --with-deps chromium webkit	2026-10-05T04:46:03.2078279Z Get:105 http://azure.archive.ubuntu.com/ubuntu noble/universe amd64 libgav1-1 amd64 0.18.0-1build3 [357 kB]
verify	Run npx playwright install --with-deps chromium webkit	2026-10-05T04:46:03.2950890Z Get:106 http://azure.archive.ubuntu.com/ubuntu noble/universe amd64 libyuv0 amd64 0.0~git202401110.af6ac82-1 [178 kB]
verify	Run npx playwright install --with-deps chromium webkit	2026-10-05T04:46:03.3673097Z Get:107 http://azure.archive.ubuntu.com/ubuntu noble/universe amd64 libavif16 amd64 1.0.4-1ubuntu3 [91.2 kB]
verify	Run npx playwright install --with-deps chromium webkit	2026-10-05T04:46:03.4398743Z Get:108 http://azure.archive.ubuntu.com/ubuntu noble/universe amd64 libavtp0 amd64 0.2.0-1build1 [6414 B]
verify	Run npx playwright install --with-deps chromium webkit	2026-10-05T04:46:03.5110666Z Get:109 http://azure.archive.ubuntu.com/ubuntu noble/main amd64 libcairo-script-interpreter2 amd64 1.18.0-3build1 [60.3 kB]
verify	Run npx playwright install --with-deps chromium webkit	2026-10-05T04:46:03.5827641Z Get:110 http://azure.archive.ubuntu.com/ubuntu noble/universe amd64 libdc1394-25 amd64 2.2.6-4build1 [90.1 kB]
verify	Run npx playwright install --with-deps chromium webkit	2026-10-05T04:46:03.6551293Z Get:111 http://azure.archive.ubuntu.com/ubuntu noble-updates/main amd64 libde265-0 amd64 1.0.15-1ubuntu0.1 [167 kB]
verify	Run npx playwright install --with-deps chromium webkit	2026-10-05T04:46:03.7316697Z Get:112 http://azure.archive.ubuntu.com/ubuntu noble/main amd64 libdecor-0-0 amd64 0.2.2-1build2 [16.5 kB]
verify	Run npx playwright install --with-deps chromium webkit	2026-10-05T04:46:03.8028743Z Get:113 http://azure.archive.ubuntu.com/ubuntu noble/main amd64 libgles2 amd64 1.7.0-1build1 [17.1 kB]
verify	Run npx playwright install --with-deps chromium webkit	2026-10-05T04:46:03.8743119Z Get:114 http://azure.archive.ubuntu.com/ubuntu noble/universe amd64 libdirectfb-1.7-7t64 amd64 1.7.7-11.1ubuntu2 [1035 kB]
verify	Run npx playwright install --with-deps chromium webkit	2026-10-05T04:46:03.9691921Z Get:115 http://azure.archive.ubuntu.com/ubuntu noble/universe amd64 libdvdread8t64 amd64 6.1.3-1.1build1 [54.7 kB]
verify	Run npx playwright install --with-deps chromium webkit	2026-10-05T04:46:04.0409601Z Get:116 http://azure.archive.ubuntu.com/ubuntu noble/universe amd64 libdvdnav4 amd64 6.1.1-3build1 [39.5 kB]
verify	Run npx playwright install --with-deps chromium webkit	2026-10-05T04:46:04.1141007Z Get:117 http://azure.archive.ubuntu.com/ubuntu noble-updates/main amd64 libgl1-mesa-dri amd64 25.2.8-0ubuntu0.24.04.4 [38.0 kB]
verify	Run npx playwright install --with-deps chromium webkit	2026-10-05T04:46:04.1855562Z Get:118 http://azure.archive.ubuntu.com/ubuntu noble-updates/main amd64 libglx-mesa0 amd64 25.2.8-0ubuntu0.24.04.4 [110 kB]
verify	Run npx playwright install --with-deps chromium webkit	2026-10-05T04:46:04.2586581Z Get:119 http://azure.archive.ubuntu.com/ubuntu noble-updates/main amd64 libgbm1 amd64 25.2.8-0ubuntu0.24.04.4 [34.2 kB]
verify	Run npx playwright install --with-deps chromium webkit	2026-10-05T04:46:04.3291911Z Get:120 http://azure.archive.ubuntu.com/ubuntu noble-updates/main amd64 mesa-libgallium amd64 25.2.8-0ubuntu0.24.04.4 [10.8 MB]
verify	Run npx playwright install --with-deps chromium webkit	2026-10-05T04:46:05.0044422Z Get:121 http://azure.archive.ubuntu.com/ubuntu noble-updates/main amd64 libegl-mesa0 amd64 25.2.8-0ubuntu0.24.04.4 [117 kB]
verify	Run npx playwright install --with-deps chromium webkit	2026-10-05T04:46:05.0770116Z Get:122 http://azure.archive.ubuntu.com/ubuntu noble-updates/main amd64 libevent-2.1-7t64 amd64 2.1.12-stable-9ubuntu2.2 [146 kB]
verify	Run npx playwright install --with-deps chromium webkit	2026-10-05T04:46:05.1502694Z Get:123 http://azure.archive.ubuntu.com/ubuntu noble-updates/main amd64 libevent-pthreads-2.1-7t64 amd64 2.1.12-stable-9ubuntu2.2 [7988 B]
verify	Run npx playwright install --with-deps chromium webkit	2026-10-05T04:46:05.2213765Z Get:124 http://azure.archive.ubuntu.com/ubuntu noble-updates/main amd64 libevent-core-2.1-7t64 amd64 2.1.12-stable-9ubuntu2.2 [91.9 kB]
verify	Run npx playwright install --with-deps chromium webkit	2026-10-05T04:46:05.2934097Z Get:125 http://azure.archive.ubuntu.com/ubuntu noble/universe amd64 libfaad2 amd64 2.11.1-1build1 [207 kB]
verify	Run npx playwright install --with-deps chromium webkit	2026-10-05T04:46:05.3682637Z Get:126 http://azure.archive.ubuntu.com/ubuntu noble/universe amd64 libinstpatch-1.0-2 amd64 1.1.6-1build2 [251 kB]
verify	Run npx playwright install --with-deps chromium webkit	2026-10-05T04:46:05.4438801Z Get:127 http://azure.archive.ubuntu.com/ubuntu noble/main amd64 libjack-jackd2-0 amd64 1.9.21~dfsg-3ubuntu3 [289 kB]
verify	Run npx playwright install --with-deps chromium webkit	2026-10-05T04:46:05.5199586Z Get:128 http://azure.archive.ubuntu.com/ubuntu noble/main amd64 libwebrtc-audio-processing1 amd64 0.3.1-0ubuntu6 [290 kB]
verify	Run npx playwright install --with-deps chromium webkit	2026-10-05T04:46:05.5961681Z Get:129 http://azure.archive.ubuntu.com/ubuntu noble-updates/main amd64 libspa-0.2-modules amd64 1.0.5-1ubuntu3.3 [628 kB]
verify	Run npx playwright install --with-deps chromium webkit	2026-10-05T04:46:05.6803021Z Get:130 http://azure.archive.ubuntu.com/ubuntu noble-updates/main amd64 libpipewire-0.3-0t64 amd64 1.0.5-1ubuntu3.3 [252 kB]
verify	Run npx playwright install --with-deps chromium webkit	2026-10-05T04:46:05.7558887Z Get:131 http://azure.archive.ubuntu.com/ubuntu noble-updates/main amd64 libsdl2-2.0-0 amd64 2.30.0+dfsg-1ubuntu3.1 [686 kB]
verify	Run npx playwright install --with-deps chromium webkit	2026-10-05T04:46:05.8411066Z Get:132 http://azure.archive.ubuntu.com/ubuntu noble/universe amd64 timgm6mb-soundfont all 1.3-5 [5427 kB]
verify	Run npx playwright install --with-deps chromium webkit	2026-10-05T04:46:06.0326322Z Get:133 http://azure.archive.ubuntu.com/ubuntu noble/universe amd64 libfluidsynth3 amd64 2.3.4-1build3 [249 kB]
verify	Run npx playwright install --with-deps chromium webkit	2026-10-05T04:46:06.1079823Z Get:134 http://azure.archive.ubuntu.com/ubuntu noble/main amd64 libfreeaptx0 amd64 0.1.1-2build1 [13.5 kB]
verify	Run npx playwright install --with-deps chromium webkit	2026-10-05T04:46:06.1788269Z Get:135 http://azure.archive.ubuntu.com/ubuntu noble/main amd64 libgraphene-1.0-0 amd64 1.10.8-3build2 [46.2 kB]
verify	Run npx playwright install --with-deps chromium webkit	2026-10-05T04:46:06.2523464Z Get:136 http://azure.archive.ubuntu.com/ubuntu noble/main amd64 libgssdp-1.6-0 amd64 1.6.3-1build3 [40.4 kB]
verify	Run npx playwright install --with-deps chromium webkit	2026-10-05T04:46:06.3239841Z Get:137 http://azure.archive.ubuntu.com/ubuntu noble/main amd64 libegl1 amd64 1.7.0-1build1 [28.7 kB]
verify	Run npx playwright install --with-deps chromium webkit	2026-10-05T04:46:06.3953243Z Get:138 http://azure.archive.ubuntu.com/ubuntu noble-updates/main amd64 libgstreamer-gl1.0-0 amd64 1.24.2-1ubuntu0.5 [214 kB]
verify	Run npx playwright install --with-deps chromium webkit	2026-10-05T04:46:06.4704376Z Get:139 http://azure.archive.ubuntu.com/ubuntu noble-updates/main amd64 libgtk-4-common all 4.14.5+ds-0ubuntu0.10 [1497 kB]
verify	Run npx playwright install --with-deps chromium webkit	2026-10-05T04:46:06.5742217Z Get:140 http://azure.archive.ubuntu.com/ubuntu noble-updates/main amd64 libgtk-4-1 amd64 4.14.5+ds-0ubuntu0.10 [3295 kB]
verify	Run npx playwright install --with-deps chromium webkit	2026-10-05T04:46:06.7249604Z Get:141 http://azure.archive.ubuntu.com/ubuntu noble/main amd64 libgupnp-1.6-0 amd64 1.6.6-1build3 [92.7 kB]
verify	Run npx playwright install --with-deps chromium webkit	2026-10-05T04:46:06.7965974Z Get:142 http://azure.archive.ubuntu.com/ubuntu noble/universe amd64 libgupnp-igd-1.6-0 amd64 1.6.0-3build3 [16.5 kB]
verify	Run npx playwright install --with-deps chromium webkit	2026-10-05T04:46:06.8674502Z Get:143 http://azure.archive.ubuntu.com/ubuntu noble/main amd64 libharfbuzz-icu0 amd64 8.3.0-2build2 [13.3 kB]
verify	Run npx playwright install --with-deps chromium webkit	2026-10-05T04:46:06.9382983Z Get:144 http://azure.archive.ubuntu.com/ubuntu noble/main amd64 libhyphen0 amd64 2.8.8-7build3 [26.5 kB]
verify	Run npx playwright install --with-deps chromium webkit	2026-10-05T04:46:07.0091153Z Get:145 http://azure.archive.ubuntu.com/ubuntu noble/universe amd64 libimath-3-1-29t64 amd64 3.1.9-3.1ubuntu2 [72.2 kB]
verify	Run npx playwright install --with-deps chromium webkit	2026-10-05T04:46:07.0806426Z Get:146 http://azure.archive.ubuntu.com/ubuntu noble/main amd64 liblc3-1 amd64 1.0.4-3build1 [69.7 kB]
verify	Run npx playwright install --with-deps chromium webkit	2026-10-05T04:46:07.1528701Z Get:147 http://azure.archive.ubuntu.com/ubuntu noble/main amd64 libldacbt-enc2 amd64 2.0.2.3+git20200429+ed310a0-4ubuntu2 [27.1 kB]
verify	Run npx playwright install --with-deps chromium webkit	2026-10-05T04:46:07.2238322Z Get:148 http://azure.archive.ubuntu.com/ubuntu noble-updates/main amd64 libraptor2-0 amd64 2.0.16-3ubuntu0.1 [165 kB]
verify	Run npx playwright install --with-deps chromium webkit	2026-10-05T04:46:07.2976590Z Get:149 http://azure.archive.ubuntu.com/ubuntu noble/universe amd64 liblrdf0 amd64 0.6.1-4build1 [18.5 kB]
verify	Run npx playwright install --with-deps chromium webkit	2026-10-05T04:46:07.3687589Z Get:150 http://azure.archive.ubuntu.com/ubuntu noble/universe amd64 libltc11 amd64 1.3.2-1build1 [13.0 kB]
verify	Run npx playwright install --with-deps chromium webkit	2026-10-05T04:46:07.4396648Z Get:151 http://azure.archive.ubuntu.com/ubuntu noble/main amd64 libmanette-0.2-0 amd64 0.2.7-1build2 [30.6 kB]
verify	Run npx playwright install --with-deps chromium webkit	2026-10-05T04:46:07.5103577Z Get:152 http://azure.archive.ubuntu.com/ubuntu noble/universe amd64 libmfx1 amd64 22.5.4-1 [3124 kB]
verify	Run npx playwright install --with-deps chromium webkit	2026-10-05T04:46:07.6545528Z Get:153 http://azure.archive.ubuntu.com/ubuntu noble/universe amd64 libmjpegutils-2.1-0t64 amd64 1:2.1.0+debian-8.1build1 [25.5 kB]
verify	Run npx playwright install --with-deps chromium webkit	2026-10-05T04:46:07.7256683Z Get:154 http://azure.archive.ubuntu.com/ubuntu noble/universe amd64 libmodplug1 amd64 1:0.8.9.0-3build1 [166 kB]
verify	Run npx playwright install --with-deps chromium webkit	2026-10-05T04:46:07.7997624Z Get:155 http://azure.archive.ubuntu.com/ubuntu noble/universe amd64 libmpcdec6 amd64 2:0.1~r495-2build1 [32.7 kB]
verify	Run npx playwright install --with-deps chromium webkit	2026-10-05T04:46:07.8709004Z Get:156 http://azure.archive.ubuntu.com/ubuntu noble/universe amd64 libmpeg2encpp-2.1-0t64 amd64 1:2.1.0+debian-8.1build1 [75.6 kB]
verify	Run npx playwright install --with-deps chromium webkit	2026-10-05T04:46:07.9426663Z Get:157 http://azure.archive.ubuntu.com/ubuntu noble/universe amd64 libmplex2-2.1-0t64 amd64 1:2.1.0+debian-8.1build1 [46.1 kB]
verify	Run npx playwright install --with-deps chromium webkit	2026-10-05T04:46:08.0136068Z Get:158 http://azure.archive.ubuntu.com/ubuntu noble/universe amd64 libneon27t64 amd64 0.33.0-1.1build3 [102 kB]
verify	Run npx playwright install --with-deps chromium webkit	2026-10-05T04:46:08.0862063Z Get:159 http://azure.archive.ubuntu.com/ubuntu noble/universe amd64 libnice10 amd64 0.1.21-2build3 [157 kB]
verify	Run npx playwright install --with-deps chromium webkit	2026-10-05T04:46:08.1598771Z Get:160 http://azure.archive.ubuntu.com/ubuntu noble/universe amd64 libopenal-data all 1:1.23.1-4build1 [161 kB]
verify	Run npx playwright install --with-deps chromium webkit	2026-10-05T04:46:08.2337298Z Get:161 http://azure.archive.ubuntu.com/ubuntu noble/universe amd64 libopenexr-3-1-30 amd64 3.1.5-5.1build3 [1004 kB]
verify	Run npx playwright install --with-deps chromium webkit	2026-10-05T04:46:08.4007957Z Get:162 http://azure.archive.ubuntu.com/ubuntu noble/universe amd64 libopenh264-7 amd64 2.4.1+dfsg-1 [409 kB]
verify	Run npx playwright install --with-deps chromium webkit	2026-10-05T04:46:08.8517122Z Get:163 http://azure.archive.ubuntu.com/ubuntu noble/universe amd64 libopenni2-0 amd64 2.2.0.33+dfsg-18 [370 kB]
verify	Run npx playwright install --with-deps chromium webkit	2026-10-05T04:46:08.9700405Z Get:164 http://azure.archive.ubuntu.com/ubuntu noble/universe amd64 libqrencode4 amd64 4.1.1-1build2 [25.0 kB]
verify	Run npx playwright install --with-deps chromium webkit	2026-10-05T04:46:09.0472350Z Get:165 http://azure.archive.ubuntu.com/ubuntu noble/main amd64 libsecret-common all 0.21.4-1build3 [4962 B]
verify	Run npx playwright install --with-deps chromium webkit	2026-10-05T04:46:09.1203974Z Get:166 http://azure.archive.ubuntu.com/ubuntu noble/main amd64 libsecret-1-0 amd64 0.21.4-1build3 [116 kB]
verify	Run npx playwright install --with-deps chromium webkit	2026-10-05T04:46:09.2053738Z Get:167 http://azure.archive.ubuntu.com/ubuntu noble/universe amd64 libsndio7.0 amd64 1.9.0-0.3build3 [29.6 kB]
verify	Run npx playwright install --with-deps chromium webkit	2026-10-05T04:46:09.2839995Z Get:168 http://azure.archive.ubuntu.com/ubuntu noble/universe amd64 libsoundtouch1 amd64 2.3.2+ds1-1build1 [60.5 kB]
verify	Run npx playwright install --with-deps chromium webkit	2026-10-05T04:46:09.3626869Z Get:169 http://azure.archive.ubuntu.com/ubuntu noble/universe amd64 libspandsp2t64 amd64 0.0.6+dfsg-2.1build1 [311 kB]
verify	Run npx playwright install --with-deps chromium webkit	2026-10-05T04:46:09.4753479Z Get:170 http://azure.archive.ubuntu.com/ubuntu noble/universe amd64 libsrtp2-1 amd64 2.5.0-3build1 [41.9 kB]
verify	Run npx playwright install --with-deps chromium webkit	2026-10-05T04:46:09.5512604Z Get:171 http://azure.archive.ubuntu.com/ubuntu noble/main amd64 libwayland-server0 amd64 1.22.0-2.1build1 [33.9 kB]
verify	Run npx playwright install --with-deps chromium webkit	2026-10-05T04:46:09.6272538Z Get:172 http://azure.archive.ubuntu.com/ubuntu noble/universe amd64 libwildmidi2 amd64 0.4.3-1build3 [68.5 kB]
verify	Run npx playwright install --with-deps chromium webkit	2026-10-05T04:46:09.7075291Z Get:173 http://azure.archive.ubuntu.com/ubuntu noble/main amd64 libwoff1 amd64 1.0.2-2build1 [45.3 kB]
verify	Run npx playwright install --with-deps chromium webkit	2026-10-05T04:46:09.7842021Z Get:174 http://azure.archive.ubuntu.com/ubuntu noble/main amd64 libxcb-xkb1 amd64 1.15-1ubuntu2 [32.3 kB]
verify	Run npx playwright install --with-deps chromium webkit	2026-10-05T04:46:09.8593861Z Get:175 http://azure.archive.ubuntu.com/ubuntu noble/main amd64 libxkbcommon-x11-0 amd64 1.6.0-1build1 [14.5 kB]
verify	Run npx playwright install --with-deps chromium webkit	2026-10-05T04:46:09.9331692Z Get:176 http://azure.archive.ubuntu.com/ubuntu noble/universe amd64 libzbar0t64 amd64 0.23.93-4build3 [123 kB]
verify	Run npx playwright install --with-deps chromium webkit	2026-10-05T04:46:10.0187954Z Get:177 http://azure.archive.ubuntu.com/ubuntu noble/universe amd64 libzxing3 amd64 2.2.1-3 [583 kB]
verify	Run npx playwright install --with-deps chromium webkit	2026-10-05T04:46:10.1550744Z Get:178 http://azure.archive.ubuntu.com/ubuntu noble/main amd64 xfonts-encodings all 1:1.0.5-0ubuntu2 [578 kB]
verify	Run npx playwright install --with-deps chromium webkit	2026-10-05T04:46:10.2738403Z Get:179 http://azure.archive.ubuntu.com/ubuntu noble/main amd64 xfonts-utils amd64 1:7.7+6build3 [94.4 kB]
verify	Run npx playwright install --with-deps chromium webkit	2026-10-05T04:46:10.3524128Z Get:180 http://azure.archive.ubuntu.com/ubuntu noble/universe amd64 xfonts-cyrillic all 1:1.0.5+nmu1 [384 kB]
verify	Run npx playwright install --with-deps chromium webkit	2026-10-05T04:46:10.4513129Z Get:181 http://azure.archive.ubuntu.com/ubuntu noble/main amd64 xfonts-scalable all 1:1.0.3-1.3 [304 kB]
verify	Run npx playwright install --with-deps chromium webkit	2026-10-05T04:46:10.5446292Z Get:182 http://azure.archive.ubuntu.com/ubuntu noble/universe amd64 libgstreamer-plugins-bad1.0-0 amd64 1.24.2-1ubuntu4 [797 kB]
verify	Run npx playwright install --with-deps chromium webkit	2026-10-05T04:46:10.6736045Z Get:183 http://azure.archive.ubuntu.com/ubuntu noble/universe amd64 libdca0 amd64 0.0.7-2build1 [93.8 kB]
verify	Run npx playwright install --with-deps chromium webkit	2026-10-05T04:46:10.7507658Z Get:184 http://azure.archive.ubuntu.com/ubuntu noble/universe amd64 libopenal1 amd64 1:1.23.1-4build1 [540 kB]
verify	Run npx playwright install --with-deps chromium webkit	2026-10-05T04:46:10.8529777Z Get:185 http://azure.archive.ubuntu.com/ubuntu noble/main amd64 libsbc1 amd64 2.0-1build1 [33.9 kB]
verify	Run npx playwright install --with-deps chromium webkit	2026-10-05T04:46:10.9282330Z Get:186 http://azure.archive.ubuntu.com/ubuntu noble/universe amd64 libvo-aacenc0 amd64 0.1.3-2build1 [67.8 kB]
verify	Run npx playwright install --with-deps chromium webkit	2026-10-05T04:46:11.0037979Z Get:187 http://azure.archive.ubuntu.com/ubuntu noble/universe amd64 libvo-amrwbenc0 amd64 0.1.3-2build1 [76.7 kB]
verify	Run npx playwright install --with-deps chromium webkit	2026-10-05T04:46:11.0831393Z Get:188 http://azure.archive.ubuntu.com/ubuntu noble/universe amd64 gstreamer1.0-plugins-bad amd64 1.24.2-1ubuntu4 [3081 kB]
verify	Run npx playwright install --with-deps chromium webkit	2026-10-05T04:46:11.6766410Z Fetched 125 MB in 26s (4740 kB/s)
verify	Run npx playwright install --with-deps chromium webkit	2026-10-05T04:46:11.7030023Z Selecting previously unselected package fonts-ipafont-gothic.
verify	Run npx playwright install --with-deps chromium webkit	2026-10-05T04:46:11.7282464Z (Reading database ... 
verify	Run npx playwright install --with-deps chromium webkit	2026-10-05T04:46:11.7283047Z (Reading database ... 5%
verify	Run npx playwright install --with-deps chromium webkit	2026-10-05T04:46:11.7283408Z (Reading database ... 10%
verify	Run npx playwright install --with-deps chromium webkit	2026-10-05T04:46:11.7283746Z (Reading database ... 15%
verify	Run npx playwright install --with-deps chromium webkit	2026-10-05T04:46:11.7284075Z (Reading database ... 20%
verify	Run npx playwright install --with-deps chromium webkit	2026-10-05T04:46:11.7284396Z (Reading database ... 25%
verify	Run npx playwright install --with-deps chromium webkit	2026-10-05T04:46:11.7284728Z (Reading database ... 30%
verify	Run npx playwright install --with-deps chromium webkit	2026-10-05T04:46:11.7285052Z (Reading database ... 35%
verify	Run npx playwright install --with-deps chromium webkit	2026-10-05T04:46:11.7285366Z (Reading database ... 40%
verify	Run npx playwright install --with-deps chromium webkit	2026-10-05T04:46:11.7285690Z (Reading database ... 45%
verify	Run npx playwright install --with-deps chromium webkit	2026-10-05T04:46:11.7286006Z (Reading database ... 50%
verify	Run npx playwright install --with-deps chromium webkit	2026-10-05T04:46:11.7321043Z (Reading database ... 55%
verify	Run npx playwright install --with-deps chromium webkit	2026-10-05T04:46:11.8781182Z (Reading database ... 60%
verify	Run npx playwright install --with-deps chromium webkit	2026-10-05T04:46:12.0895149Z (Reading database ... 65%
verify	Run npx playwright install --with-deps chromium webkit	2026-10-05T04:46:12.2742471Z (Reading database ... 70%
verify	Run npx playwright install --with-deps chromium webkit	2026-10-05T04:46:12.4772016Z (Reading database ... 75%
verify	Run npx playwright install --with-deps chromium webkit	2026-10-05T04:46:12.6340008Z (Reading database ... 80%
verify	Run npx playwright install --with-deps chromium webkit	2026-10-05T04:46:12.8232432Z (Reading database ... 85%
verify	Run npx playwright install --with-deps chromium webkit	2026-10-05T04:46:13.0373768Z (Reading database ... 90%
verify	Run npx playwright install --with-deps chromium webkit	2026-10-05T04:46:13.2263283Z (Reading database ... 95%
verify	Run npx playwright install --with-deps chromium webkit	2026-10-05T04:46:13.2263830Z (Reading database ... 100%
verify	Run npx playwright install --with-deps chromium webkit	2026-10-05T04:46:13.2264502Z (Reading database ... 202296 files and directories currently installed.)
verify	Run npx playwright install --with-deps chromium webkit	2026-10-05T04:46:13.2308788Z Preparing to unpack .../000-fonts-ipafont-gothic_00303-21ubuntu1_all.deb ...
verify	Run npx playwright install --with-deps chromium webkit	2026-10-05T04:46:13.2489501Z Unpacking fonts-ipafont-gothic (00303-21ubuntu1) ...
verify	Run npx playwright install --with-deps chromium webkit	2026-10-05T04:46:13.4829465Z Selecting previously unselected package fonts-freefont-ttf.
verify	Run npx playwright install --with-deps chromium webkit	2026-10-05T04:46:13.4962678Z Preparing to unpack .../001-fonts-freefont-ttf_20211204+svn4273-2_all.deb ...
verify	Run npx playwright install --with-deps chromium webkit	2026-10-05T04:46:13.4971973Z Unpacking fonts-freefont-ttf (20211204+svn4273-2) ...
verify	Run npx playwright install --with-deps chromium webkit	2026-10-05T04:46:13.5834849Z Selecting previously unselected package fonts-tlwg-loma-otf.
verify	Run npx playwright install --with-deps chromium webkit	2026-10-05T04:46:13.5961751Z Preparing to unpack .../002-fonts-tlwg-loma-otf_1%3a0.7.3-1_all.deb ...
verify	Run npx playwright install --with-deps chromium webkit	2026-10-05T04:46:13.5971054Z Unpacking fonts-tlwg-loma-otf (1:0.7.3-1) ...
verify	Run npx playwright install --with-deps chromium webkit	2026-10-05T04:46:13.6182893Z Selecting previously unselected package fonts-unifont.
verify	Run npx playwright install --with-deps chromium webkit	2026-10-05T04:46:13.6312506Z Preparing to unpack .../003-fonts-unifont_1%3a15.1.01-1build1_all.deb ...
verify	Run npx playwright install --with-deps chromium webkit	2026-10-05T04:46:13.6321200Z Unpacking fonts-unifont (1:15.1.01-1build1) ...
verify	Run npx playwright install --with-deps chromium webkit	2026-10-05T04:46:13.7399984Z Selecting previously unselected package fonts-wqy-zenhei.
verify	Run npx playwright install --with-deps chromium webkit	2026-10-05T04:46:13.7526175Z Preparing to unpack .../004-fonts-wqy-zenhei_0.9.45-8_all.deb ...
verify	Run npx playwright install --with-deps chromium webkit	2026-10-05T04:46:13.7632326Z Unpacking fonts-wqy-zenhei (0.9.45-8) ...
verify	Run npx playwright install --with-deps chromium webkit	2026-10-05T04:46:14.2265604Z Selecting previously unselected package libproxy1v5:amd64.
verify	Run npx playwright install --with-deps chromium webkit	2026-10-05T04:46:14.2392039Z Preparing to unpack .../005-libproxy1v5_0.5.4-4build1_amd64.deb ...
verify	Run npx playwright install --with-deps chromium webkit	2026-10-05T04:46:14.2415338Z Unpacking libproxy1v5:amd64 (0.5.4-4build1) ...
verify	Run npx playwright install --with-deps chromium webkit	2026-10-05T04:46:14.2640369Z Selecting previously unselected package glib-networking-common.
verify	Run npx playwright install --with-deps chromium webkit	2026-10-05T04:46:14.2767163Z Preparing to unpack .../006-glib-networking-common_2.80.0-1build1_all.deb ...
verify	Run npx playwright install --with-deps chromium webkit	2026-10-05T04:46:14.2775042Z Unpacking glib-networking-common (2.80.0-1build1) ...
verify	Run npx playwright install --with-deps chromium webkit	2026-10-05T04:46:14.2968021Z Selecting previously unselected package glib-networking-services.
verify	Run npx playwright install --with-deps chromium webkit	2026-10-05T04:46:14.3093614Z Preparing to unpack .../007-glib-networking-services_2.80.0-1build1_amd64.deb ...
verify	Run npx playwright install --with-deps chromium webkit	2026-10-05T04:46:14.3101300Z Unpacking glib-networking-services (2.80.0-1build1) ...
verify	Run npx playwright install --with-deps chromium webkit	2026-10-05T04:46:14.3311915Z Selecting previously unselected package session-migration.
verify	Run npx playwright install --with-deps chromium webkit	2026-10-05T04:46:14.3438309Z Preparing to unpack .../008-session-migration_0.3.9build1_amd64.deb ...
verify	Run npx playwright install --with-deps chromium webkit	2026-10-05T04:46:14.3449350Z Unpacking session-migration (0.3.9build1) ...
verify	Run npx playwright install --with-deps chromium webkit	2026-10-05T04:46:14.3695889Z Selecting previously unselected package gsettings-desktop-schemas.
verify	Run npx playwright install --with-deps chromium webkit	2026-10-05T04:46:14.3822061Z Preparing to unpack .../009-gsettings-desktop-schemas_46.1-0ubuntu1_all.deb ...
verify	Run npx playwright install --with-deps chromium webkit	2026-10-05T04:46:14.3829818Z Unpacking gsettings-desktop-schemas (46.1-0ubuntu1) ...
verify	Run npx playwright install --with-deps chromium webkit	2026-10-05T04:46:14.4296293Z Selecting previously unselected package glib-networking:amd64.
verify	Run npx playwright install --with-deps chromium webkit	2026-10-05T04:46:14.4423610Z Preparing to unpack .../010-glib-networking_2.80.0-1build1_amd64.deb ...
verify	Run npx playwright install --with-deps chromium webkit	2026-10-05T04:46:14.4434031Z Unpacking glib-networking:amd64 (2.80.0-1build1) ...
verify	Run npx playwright install --with-deps chromium webkit	2026-10-05T04:46:14.4680385Z Selecting previously unselected package libva2:amd64.
verify	Run npx playwright install --with-deps chromium webkit	2026-10-05T04:46:14.4809355Z Preparing to unpack .../011-libva2_2.20.0-2ubuntu0.2_amd64.deb ...
verify	Run npx playwright install --with-deps chromium webkit	2026-10-05T04:46:14.4817497Z Unpacking libva2:amd64 (2.20.0-2ubuntu0.2) ...
verify	Run npx playwright install --with-deps chromium webkit	2026-10-05T04:46:14.5049546Z Selecting previously unselected package libva-drm2:amd64.
verify	Run npx playwright install --with-deps chromium webkit	2026-10-05T04:46:14.5178326Z Preparing to unpack .../012-libva-drm2_2.20.0-2ubuntu0.2_amd64.deb ...
verify	Run npx playwright install --with-deps chromium webkit	2026-10-05T04:46:14.5187248Z Unpacking libva-drm2:amd64 (2.20.0-2ubuntu0.2) ...
verify	Run npx playwright install --with-deps chromium webkit	2026-10-05T04:46:14.5402215Z Selecting previously unselected package libva-x11-2:amd64.
verify	Run npx playwright install --with-deps chromium webkit	2026-10-05T04:46:14.5528594Z Preparing to unpack .../013-libva-x11-2_2.20.0-2ubuntu0.2_amd64.deb ...
verify	Run npx playwright install --with-deps chromium webkit	2026-10-05T04:46:14.5537961Z Unpacking libva-x11-2:amd64 (2.20.0-2ubuntu0.2) ...
verify	Run npx playwright install --with-deps chromium webkit	2026-10-05T04:46:14.5754223Z Selecting previously unselected package libvdpau1:amd64.
verify	Run npx playwright install --with-deps chromium webkit	2026-10-05T04:46:14.5878458Z Preparing to unpack .../014-libvdpau1_1.5-2build1_amd64.deb ...
verify	Run npx playwright install --with-deps chromium webkit	2026-10-05T04:46:14.5887220Z Unpacking libvdpau1:amd64 (1.5-2build1) ...
verify	Run npx playwright install --with-deps chromium webkit	2026-10-05T04:46:14.6100477Z Selecting previously unselected package libvpl2.
verify	Run npx playwright install --with-deps chromium webkit	2026-10-05T04:46:14.6225187Z Preparing to unpack .../015-libvpl2_2023.3.0-1build1_amd64.deb ...
verify	Run npx playwright install --with-deps chromium webkit	2026-10-05T04:46:14.6233155Z Unpacking libvpl2 (2023.3.0-1build1) ...
verify	Run npx playwright install --with-deps chromium webkit	2026-10-05T04:46:14.6450104Z Selecting previously unselected package ocl-icd-libopencl1:amd64.
verify	Run npx playwright install --with-deps chromium webkit	2026-10-05T04:46:14.6574565Z Preparing to unpack .../016-ocl-icd-libopencl1_2.3.2-1build1_amd64.deb ...
verify	Run npx playwright install --with-deps chromium webkit	2026-10-05T04:46:14.6582099Z Unpacking ocl-icd-libopencl1:amd64 (2.3.2-1build1) ...
verify	Run npx playwright install --with-deps chromium webkit	2026-10-05T04:46:14.6857386Z Selecting previously unselected package libavutil58:amd64.
verify	Run npx playwright install --with-deps chromium webkit	2026-10-05T04:46:14.6983975Z Preparing to unpack .../017-libavutil58_7%3a6.1.1-3ubuntu5_amd64.deb ...
verify	Run npx playwright install --with-deps chromium webkit	2026-10-05T04:46:14.6990384Z Unpacking libavutil58:amd64 (7:6.1.1-3ubuntu5) ...
verify	Run npx playwright install --with-deps chromium webkit	2026-10-05T04:46:14.7236787Z Selecting previously unselected package libcodec2-1.2:amd64.
verify	Run npx playwright install --with-deps chromium webkit	2026-10-05T04:46:14.7363459Z Preparing to unpack .../018-libcodec2-1.2_1.2.0-2build1_amd64.deb ...
verify	Run npx playwright install --with-deps chromium webkit	2026-10-05T04:46:14.7371505Z Unpacking libcodec2-1.2:amd64 (1.2.0-2build1) ...
verify	Run npx playwright install --with-deps chromium webkit	2026-10-05T04:46:14.8087313Z Selecting previously unselected package libdav1d7:amd64.
verify	Run npx playwright install --with-deps chromium webkit	2026-10-05T04:46:14.8212905Z Preparing to unpack .../019-libdav1d7_1.4.1-1build1_amd64.deb ...
verify	Run npx playwright install --with-deps chromium webkit	2026-10-05T04:46:14.8221096Z Unpacking libdav1d7:amd64 (1.4.1-1build1) ...
verify	Run npx playwright install --with-deps chromium webkit	2026-10-05T04:46:14.8486123Z Selecting previously unselected package libgsm1:amd64.
verify	Run npx playwright install --with-deps chromium webkit	2026-10-05T04:46:14.8611814Z Preparing to unpack .../020-libgsm1_1.0.22-1build1_amd64.deb ...
verify	Run npx playwright install --with-deps chromium webkit	2026-10-05T04:46:14.8619493Z Unpacking libgsm1:amd64 (1.0.22-1build1) ...
verify	Run npx playwright install --with-deps chromium webkit	2026-10-05T04:46:14.8824845Z Selecting previously unselected package libhwy1t64:amd64.
verify	Run npx playwright install --with-deps chromium webkit	2026-10-05T04:46:14.8950136Z Preparing to unpack .../021-libhwy1t64_1.0.7-8.1build1_amd64.deb ...
verify	Run npx playwright install --with-deps chromium webkit	2026-10-05T04:46:14.8957568Z Unpacking libhwy1t64:amd64 (1.0.7-8.1build1) ...
verify	Run npx playwright install --with-deps chromium webkit	2026-10-05T04:46:14.9262333Z Selecting previously unselected package libjxl0.7:amd64.
verify	Run npx playwright install --with-deps chromium webkit	2026-10-05T04:46:14.9386714Z Preparing to unpack .../022-libjxl0.7_0.7.0-10.2ubuntu6.1_amd64.deb ...
verify	Run npx playwright install --with-deps chromium webkit	2026-10-05T04:46:14.9393189Z Unpacking libjxl0.7:amd64 (0.7.0-10.2ubuntu6.1) ...
verify	Run npx playwright install --with-deps chromium webkit	2026-10-05T04:46:14.9713654Z Selecting previously unselected package libmp3lame0:amd64.
verify	Run npx playwright install --with-deps chromium webkit	2026-10-05T04:46:14.9841151Z Preparing to unpack .../023-libmp3lame0_3.100-6build1_amd64.deb ...
verify	Run npx playwright install --with-deps chromium webkit	2026-10-05T04:46:14.9848570Z Unpacking libmp3lame0:amd64 (3.100-6build1) ...
verify	Run npx playwright install --with-deps chromium webkit	2026-10-05T04:46:15.0062139Z Selecting previously unselected package libopus0:amd64.
verify	Run npx playwright install --with-deps chromium webkit	2026-10-05T04:46:15.0187694Z Preparing to unpack .../024-libopus0_1.4-1build1_amd64.deb ...
verify	Run npx playwright install --with-deps chromium webkit	2026-10-05T04:46:15.0195416Z Unpacking libopus0:amd64 (1.4-1build1) ...
verify	Run npx playwright install --with-deps chromium webkit	2026-10-05T04:46:15.0408840Z Selecting previously unselected package librav1e0:amd64.
verify	Run npx playwright install --with-deps chromium webkit	2026-10-05T04:46:15.0534088Z Preparing to unpack .../025-librav1e0_0.7.1-2_amd64.deb ...
verify	Run npx playwright install --with-deps chromium webkit	2026-10-05T04:46:15.0541697Z Unpacking librav1e0:amd64 (0.7.1-2) ...
verify	Run npx playwright install --with-deps chromium webkit	2026-10-05T04:46:15.0878542Z Selecting previously unselected package librsvg2-2:amd64.
verify	Run npx playwright install --with-deps chromium webkit	2026-10-05T04:46:15.1005101Z Preparing to unpack .../026-librsvg2-2_2.58.0+dfsg-1build1_amd64.deb ...
verify	Run npx playwright install --with-deps chromium webkit	2026-10-05T04:46:15.1011510Z Unpacking librsvg2-2:amd64 (2.58.0+dfsg-1build1) ...
verify	Run npx playwright install --with-deps chromium webkit	2026-10-05T04:46:15.1490763Z Selecting previously unselected package libshine3:amd64.
verify	Run npx playwright install --with-deps chromium webkit	2026-10-05T04:46:15.1616608Z Preparing to unpack .../027-libshine3_3.1.1-2build1_amd64.deb ...
verify	Run npx playwright install --with-deps chromium webkit	2026-10-05T04:46:15.1623984Z Unpacking libshine3:amd64 (3.1.1-2build1) ...
verify	Run npx playwright install --with-deps chromium webkit	2026-10-05T04:46:15.1824869Z Selecting previously unselected package libspeex1:amd64.
verify	Run npx playwright install --with-deps chromium webkit	2026-10-05T04:46:15.1950305Z Preparing to unpack .../028-libspeex1_1.2.1-2ubuntu2.24.04.1_amd64.deb ...
verify	Run npx playwright install --with-deps chromium webkit	2026-10-05T04:46:15.1958762Z Unpacking libspeex1:amd64 (1.2.1-2ubuntu2.24.04.1) ...
verify	Run npx playwright install --with-deps chromium webkit	2026-10-05T04:46:15.2170053Z Selecting previously unselected package libsvtav1enc1d1:amd64.
verify	Run npx playwright install --with-deps chromium webkit	2026-10-05T04:46:15.2295768Z Preparing to unpack .../029-libsvtav1enc1d1_1.7.0+dfsg-2build1_amd64.deb ...
verify	Run npx playwright install --with-deps chromium webkit	2026-10-05T04:46:15.2303830Z Unpacking libsvtav1enc1d1:amd64 (1.7.0+dfsg-2build1) ...
verify	Run npx playwright install --with-deps chromium webkit	2026-10-05T04:46:15.2794190Z Selecting previously unselected package libsoxr0:amd64.
verify	Run npx playwright install --with-deps chromium webkit	2026-10-05T04:46:15.2922275Z Preparing to unpack .../030-libsoxr0_0.1.3-4build3_amd64.deb ...
verify	Run npx playwright install --with-deps chromium webkit	2026-10-05T04:46:15.2928897Z Unpacking libsoxr0:amd64 (0.1.3-4build3) ...
verify	Run npx playwright install --with-deps chromium webkit	2026-10-05T04:46:15.3147859Z Selecting previously unselected package libswresample4:amd64.
verify	Run npx playwright install --with-deps chromium webkit	2026-10-05T04:46:15.3274001Z Preparing to unpack .../031-libswresample4_7%3a6.1.1-3ubuntu5_amd64.deb ...
verify	Run npx playwright install --with-deps chromium webkit	2026-10-05T04:46:15.3282595Z Unpacking libswresample4:amd64 (7:6.1.1-3ubuntu5) ...
verify	Run npx playwright install --with-deps chromium webkit	2026-10-05T04:46:15.3514583Z Selecting previously unselected package libtheora0:amd64.
verify	Run npx playwright install --with-deps chromium webkit	2026-10-05T04:46:15.3641191Z Preparing to unpack .../032-libtheora0_1.1.1+dfsg.1-16.1build3_amd64.deb ...
verify	Run npx playwright install --with-deps chromium webkit	2026-10-05T04:46:15.3650268Z Unpacking libtheora0:amd64 (1.1.1+dfsg.1-16.1build3) ...
verify	Run npx playwright install --with-deps chromium webkit	2026-10-05T04:46:15.3887875Z Selecting previously unselected package libtwolame0:amd64.
verify	Run npx playwright install --with-deps chromium webkit	2026-10-05T04:46:15.4013049Z Preparing to unpack .../033-libtwolame0_0.4.0-2build3_amd64.deb ...
verify	Run npx playwright install --with-deps chromium webkit	2026-10-05T04:46:15.4020419Z Unpacking libtwolame0:amd64 (0.4.0-2build3) ...
verify	Run npx playwright install --with-deps chromium webkit	2026-10-05T04:46:15.4237525Z Selecting previously unselected package libvorbisenc2:amd64.
verify	Run npx playwright install --with-deps chromium webkit	2026-10-05T04:46:15.4365099Z Preparing to unpack .../034-libvorbisenc2_1.3.7-1build3_amd64.deb ...
verify	Run npx playwright install --with-deps chromium webkit	2026-10-05T04:46:15.4372898Z Unpacking libvorbisenc2:amd64 (1.3.7-1build3) ...
verify	Run npx playwright install --with-deps chromium webkit	2026-10-05T04:46:15.4719416Z Selecting previously unselected package libvpx9:amd64.
verify	Run npx playwright install --with-deps chromium webkit	2026-10-05T04:46:15.4848471Z Preparing to unpack .../035-libvpx9_1.14.0-1ubuntu2.3_amd64.deb ...
verify	Run npx playwright install --with-deps chromium webkit	2026-10-05T04:46:15.4856077Z Unpacking libvpx9:amd64 (1.14.0-1ubuntu2.3) ...
verify	Run npx playwright install --with-deps chromium webkit	2026-10-05T04:46:15.5199766Z Selecting previously unselected package libx264-164:amd64.
verify	Run npx playwright install --with-deps chromium webkit	2026-10-05T04:46:15.5329825Z Preparing to unpack .../036-libx264-164_2%3a0.164.3108+git31e19f9-1_amd64.deb ...
verify	Run npx playwright install --with-deps chromium webkit	2026-10-05T04:46:15.5339631Z Unpacking libx264-164:amd64 (2:0.164.3108+git31e19f9-1) ...
verify	Run npx playwright install --with-deps chromium webkit	2026-10-05T04:46:15.5623515Z Selecting previously unselected package libx265-199:amd64.
verify	Run npx playwright install --with-deps chromium webkit	2026-10-05T04:46:15.5750457Z Preparing to unpack .../037-libx265-199_3.5-2build1_amd64.deb ...
verify	Run npx playwright install --with-deps chromium webkit	2026-10-05T04:46:15.5758871Z Unpacking libx265-199:amd64 (3.5-2build1) ...
verify	Run npx playwright install --with-deps chromium webkit	2026-10-05T04:46:15.6410340Z Selecting previously unselected package libxvidcore4:amd64.
verify	Run npx playwright install --with-deps chromium webkit	2026-10-05T04:46:15.6538709Z Preparing to unpack .../038-libxvidcore4_2%3a1.3.7-1build1_amd64.deb ...
verify	Run npx playwright install --with-deps chromium webkit	2026-10-05T04:46:15.6546529Z Unpacking libxvidcore4:amd64 (2:1.3.7-1build1) ...
verify	Run npx playwright install --with-deps chromium webkit	2026-10-05T04:46:15.6768214Z Selecting previously unselected package libzvbi-common.
verify	Run npx playwright install --with-deps chromium webkit	2026-10-05T04:46:15.6894992Z Preparing to unpack .../039-libzvbi-common_0.2.42-2_all.deb ...
verify	Run npx playwright install --with-deps chromium webkit	2026-10-05T04:46:15.6901259Z Unpacking libzvbi-common (0.2.42-2) ...
verify	Run npx playwright install --with-deps chromium webkit	2026-10-05T04:46:15.8104159Z Selecting previously unselected package libzvbi0t64:amd64.
verify	Run npx playwright install --with-deps chromium webkit	2026-10-05T04:46:15.8229971Z Preparing to unpack .../040-libzvbi0t64_0.2.42-2_amd64.deb ...
verify	Run npx playwright install --with-deps chromium webkit	2026-10-05T04:46:15.8238572Z Unpacking libzvbi0t64:amd64 (0.2.42-2) ...
verify	Run npx playwright install --with-deps chromium webkit	2026-10-05T04:46:15.8476587Z Selecting previously unselected package libavcodec60:amd64.
verify	Run npx playwright install --with-deps chromium webkit	2026-10-05T04:46:15.8602615Z Preparing to unpack .../041-libavcodec60_7%3a6.1.1-3ubuntu5_amd64.deb ...
verify	Run npx playwright install --with-deps chromium webkit	2026-10-05T04:46:15.8610423Z Unpacking libavcodec60:amd64 (7:6.1.1-3ubuntu5) ...
verify	Run npx playwright install --with-deps chromium webkit	2026-10-05T04:46:15.9401372Z Selecting previously unselected package libunibreak5:amd64.
verify	Run npx playwright install --with-deps chromium webkit	2026-10-05T04:46:15.9527617Z Preparing to unpack .../042-libunibreak5_5.1-2build1_amd64.deb ...
verify	Run npx playwright install --with-deps chromium webkit	2026-10-05T04:46:15.9534302Z Unpacking libunibreak5:amd64 (5.1-2build1) ...
verify	Run npx playwright install --with-deps chromium webkit	2026-10-05T04:46:15.9734977Z Selecting previously unselected package libass9:amd64.
verify	Run npx playwright install --with-deps chromium webkit	2026-10-05T04:46:15.9860124Z Preparing to unpack .../043-libass9_1%3a0.17.1-2build1_amd64.deb ...
verify	Run npx playwright install --with-deps chromium webkit	2026-10-05T04:46:15.9867824Z Unpacking libass9:amd64 (1:0.17.1-2build1) ...
verify	Run npx playwright install --with-deps chromium webkit	2026-10-05T04:46:16.0075707Z Selecting previously unselected package libudfread0:amd64.
verify	Run npx playwright install --with-deps chromium webkit	2026-10-05T04:46:16.0203605Z Preparing to unpack .../044-libudfread0_1.1.2-1build1_amd64.deb ...
verify	Run npx playwright install --with-deps chromium webkit	2026-10-05T04:46:16.0210885Z Unpacking libudfread0:amd64 (1.1.2-1build1) ...
verify	Run npx playwright install --with-deps chromium webkit	2026-10-05T04:46:16.0411993Z Selecting previously unselected package libbluray2:amd64.
verify	Run npx playwright install --with-deps chromium webkit	2026-10-05T04:46:16.0538697Z Preparing to unpack .../045-libbluray2_1%3a1.3.4-1build1_amd64.deb ...
verify	Run npx playwright install --with-deps chromium webkit	2026-10-05T04:46:16.0548629Z Unpacking libbluray2:amd64 (1:1.3.4-1build1) ...
verify	Run npx playwright install --with-deps chromium webkit	2026-10-05T04:46:16.0786777Z Selecting previously unselected package libchromaprint1:amd64.
verify	Run npx playwright install --with-deps chromium webkit	2026-10-05T04:46:16.0913400Z Preparing to unpack .../046-libchromaprint1_1.5.1-5_amd64.deb ...
verify	Run npx playwright install --with-deps chromium webkit	2026-10-05T04:46:16.0920592Z Unpacking libchromaprint1:amd64 (1.5.1-5) ...
verify	Run npx playwright install --with-deps chromium webkit	2026-10-05T04:46:16.1124800Z Selecting previously unselected package libgme0:amd64.
verify	Run npx playwright install --with-deps chromium webkit	2026-10-05T04:46:16.1254585Z Preparing to unpack .../047-libgme0_0.6.3-7build1_amd64.deb ...
verify	Run npx playwright install --with-deps chromium webkit	2026-10-05T04:46:16.1261532Z Unpacking libgme0:amd64 (0.6.3-7build1) ...
verify	Run npx playwright install --with-deps chromium webkit	2026-10-05T04:46:16.1505510Z Selecting previously unselected package libmpg123-0t64:amd64.
verify	Run npx playwright install --with-deps chromium webkit	2026-10-05T04:46:16.1635375Z Preparing to unpack .../048-libmpg123-0t64_1.32.5-1ubuntu1.1_amd64.deb ...
verify	Run npx playwright install --with-deps chromium webkit	2026-10-05T04:46:16.1643822Z Unpacking libmpg123-0t64:amd64 (1.32.5-1ubuntu1.1) ...
verify	Run npx playwright install --with-deps chromium webkit	2026-10-05T04:46:16.1876052Z Selecting previously unselected package libopenmpt0t64:amd64.
verify	Run npx playwright install --with-deps chromium webkit	2026-10-05T04:46:16.2007176Z Preparing to unpack .../049-libopenmpt0t64_0.7.3-1.1build3_amd64.deb ...
verify	Run npx playwright install --with-deps chromium webkit	2026-10-05T04:46:16.2015506Z Unpacking libopenmpt0t64:amd64 (0.7.3-1.1build3) ...
verify	Run npx playwright install --with-deps chromium webkit	2026-10-05T04:46:16.2299311Z Selecting previously unselected package libcjson1:amd64.
verify	Run npx playwright install --with-deps chromium webkit	2026-10-05T04:46:16.2426844Z Preparing to unpack .../050-libcjson1_1.7.17-1_amd64.deb ...
verify	Run npx playwright install --with-deps chromium webkit	2026-10-05T04:46:16.2435110Z Unpacking libcjson1:amd64 (1.7.17-1) ...
verify	Run npx playwright install --with-deps chromium webkit	2026-10-05T04:46:16.2657096Z Selecting previously unselected package libmbedcrypto7t64:amd64.
verify	Run npx playwright install --with-deps chromium webkit	2026-10-05T04:46:16.2783525Z Preparing to unpack .../051-libmbedcrypto7t64_2.28.8-1_amd64.deb ...
verify	Run npx playwright install --with-deps chromium webkit	2026-10-05T04:46:16.2791093Z Unpacking libmbedcrypto7t64:amd64 (2.28.8-1) ...
verify	Run npx playwright install --with-deps chromium webkit	2026-10-05T04:46:16.3023026Z Selecting previously unselected package librist4:amd64.
verify	Run npx playwright install --with-deps chromium webkit	2026-10-05T04:46:16.3150721Z Preparing to unpack .../052-librist4_0.2.10+dfsg-2_amd64.deb ...
verify	Run npx playwright install --with-deps chromium webkit	2026-10-05T04:46:16.3158663Z Unpacking librist4:amd64 (0.2.10+dfsg-2) ...
verify	Run npx playwright install --with-deps chromium webkit	2026-10-05T04:46:16.3375119Z Selecting previously unselected package libsrt1.5-gnutls:amd64.
verify	Run npx playwright install --with-deps chromium webkit	2026-10-05T04:46:16.3503495Z Preparing to unpack .../053-libsrt1.5-gnutls_1.5.3-1build2_amd64.deb ...
verify	Run npx playwright install --with-deps chromium webkit	2026-10-05T04:46:16.3511175Z Unpacking libsrt1.5-gnutls:amd64 (1.5.3-1build2) ...
verify	Run npx playwright install --with-deps chromium webkit	2026-10-05T04:46:16.3768236Z Selecting previously unselected package libssh-gcrypt-4:amd64.
verify	Run npx playwright install --with-deps chromium webkit	2026-10-05T04:46:16.3895124Z Preparing to unpack .../054-libssh-gcrypt-4_0.10.6-2ubuntu0.5_amd64.deb ...
verify	Run npx playwright install --with-deps chromium webkit	2026-10-05T04:46:16.3903641Z Unpacking libssh-gcrypt-4:amd64 (0.10.6-2ubuntu0.5) ...
verify	Run npx playwright install --with-deps chromium webkit	2026-10-05T04:46:16.4131415Z Selecting previously unselected package libavformat60:amd64.
verify	Run npx playwright install --with-deps chromium webkit	2026-10-05T04:46:16.4258329Z Preparing to unpack .../055-libavformat60_7%3a6.1.1-3ubuntu5_amd64.deb ...
verify	Run npx playwright install --with-deps chromium webkit	2026-10-05T04:46:16.4267254Z Unpacking libavformat60:amd64 (7:6.1.1-3ubuntu5) ...
verify	Run npx playwright install --with-deps chromium webkit	2026-10-05T04:46:16.4589373Z Selecting previously unselected package libbs2b0:amd64.
verify	Run npx playwright install --with-deps chromium webkit	2026-10-05T04:46:16.4715853Z Preparing to unpack .../056-libbs2b0_3.1.0+dfsg-7build1_amd64.deb ...
verify	Run npx playwright install --with-deps chromium webkit	2026-10-05T04:46:16.4724454Z Unpacking libbs2b0:amd64 (3.1.0+dfsg-7build1) ...
verify	Run npx playwright install --with-deps chromium webkit	2026-10-05T04:46:16.4965557Z Selecting previously unselected package libflite1:amd64.
verify	Run npx playwright install --with-deps chromium webkit	2026-10-05T04:46:16.5093487Z Preparing to unpack .../057-libflite1_2.2-6build3_amd64.deb ...
verify	Run npx playwright install --with-deps chromium webkit	2026-10-05T04:46:16.5104063Z Unpacking libflite1:amd64 (2.2-6build3) ...
verify	Run npx playwright install --with-deps chromium webkit	2026-10-05T04:46:16.6194703Z Selecting previously unselected package libserd-0-0:amd64.
verify	Run npx playwright install --with-deps chromium webkit	2026-10-05T04:46:16.6322429Z Preparing to unpack .../058-libserd-0-0_0.32.2-1_amd64.deb ...
verify	Run npx playwright install --with-deps chromium webkit	2026-10-05T04:46:16.6328746Z Unpacking libserd-0-0:amd64 (0.32.2-1) ...
verify	Run npx playwright install --with-deps chromium webkit	2026-10-05T04:46:16.6529655Z Selecting previously unselected package libzix-0-0:amd64.
verify	Run npx playwright install --with-deps chromium webkit	2026-10-05T04:46:16.6654915Z Preparing to unpack .../059-libzix-0-0_0.4.2-2build1_amd64.deb ...
verify	Run npx playwright install --with-deps chromium webkit	2026-10-05T04:46:16.6672733Z Unpacking libzix-0-0:amd64 (0.4.2-2build1) ...
verify	Run npx playwright install --with-deps chromium webkit	2026-10-05T04:46:16.6862162Z Selecting previously unselected package libsord-0-0:amd64.
verify	Run npx playwright install --with-deps chromium webkit	2026-10-05T04:46:16.6988334Z Preparing to unpack .../060-libsord-0-0_0.16.16-2build1_amd64.deb ...
verify	Run npx playwright install --with-deps chromium webkit	2026-10-05T04:46:16.6995101Z Unpacking libsord-0-0:amd64 (0.16.16-2build1) ...
verify	Run npx playwright install --with-deps chromium webkit	2026-10-05T04:46:16.7188085Z Selecting previously unselected package libsratom-0-0:amd64.
verify	Run npx playwright install --with-deps chromium webkit	2026-10-05T04:46:16.7313712Z Preparing to unpack .../061-libsratom-0-0_0.6.16-1build1_amd64.deb ...
verify	Run npx playwright install --with-deps chromium webkit	2026-10-05T04:46:16.7320564Z Unpacking libsratom-0-0:amd64 (0.6.16-1build1) ...
verify	Run npx playwright install --with-deps chromium webkit	2026-10-05T04:46:16.7516361Z Selecting previously unselected package liblilv-0-0:amd64.
verify	Run npx playwright install --with-deps chromium webkit	2026-10-05T04:46:16.7641260Z Preparing to unpack .../062-liblilv-0-0_0.24.22-1build1_amd64.deb ...
verify	Run npx playwright install --with-deps chromium webkit	2026-10-05T04:46:16.7648749Z Unpacking liblilv-0-0:amd64 (0.24.22-1build1) ...
verify	Run npx playwright install --with-deps chromium webkit	2026-10-05T04:46:16.7848317Z Selecting previously unselected package libmysofa1:amd64.
verify	Run npx playwright install --with-deps chromium webkit	2026-10-05T04:46:16.7972671Z Preparing to unpack .../063-libmysofa1_1.3.2+dfsg-2ubuntu2_amd64.deb ...
verify	Run npx playwright install --with-deps chromium webkit	2026-10-05T04:46:16.7979862Z Unpacking libmysofa1:amd64 (1.3.2+dfsg-2ubuntu2) ...
verify	Run npx playwright install --with-deps chromium webkit	2026-10-05T04:46:16.8213578Z Selecting previously unselected package libplacebo338:amd64.
verify	Run npx playwright install --with-deps chromium webkit	2026-10-05T04:46:16.8340841Z Preparing to unpack .../064-libplacebo338_6.338.2-2build1_amd64.deb ...
verify	Run npx playwright install --with-deps chromium webkit	2026-10-05T04:46:16.8347521Z Unpacking libplacebo338:amd64 (6.338.2-2build1) ...
verify	Run npx playwright install --with-deps chromium webkit	2026-10-05T04:46:16.8864279Z Selecting previously unselected package libblas3:amd64.
verify	Run npx playwright install --with-deps chromium webkit	2026-10-05T04:46:16.8990374Z Preparing to unpack .../065-libblas3_3.12.0-3build1.1_amd64.deb ...
verify	Run npx playwright install --with-deps chromium webkit	2026-10-05T04:46:16.9021715Z Unpacking libblas3:amd64 (3.12.0-3build1.1) ...
verify	Run npx playwright install --with-deps chromium webkit	2026-10-05T04:46:16.9256444Z Selecting previously unselected package liblapack3:amd64.
verify	Run npx playwright install --with-deps chromium webkit	2026-10-05T04:46:16.9381009Z Preparing to unpack .../066-liblapack3_3.12.0-3build1.1_amd64.deb ...
verify	Run npx playwright install --with-deps chromium webkit	2026-10-05T04:46:16.9410355Z Unpacking liblapack3:amd64 (3.12.0-3build1.1) ...
verify	Run npx playwright install --with-deps chromium webkit	2026-10-05T04:46:16.9980475Z Selecting previously unselected package libasyncns0:amd64.
verify	Run npx playwright install --with-deps chromium webkit	2026-10-05T04:46:17.0104207Z Preparing to unpack .../067-libasyncns0_0.8-6build4_amd64.deb ...
verify	Run npx playwright install --with-deps chromium webkit	2026-10-05T04:46:17.0111548Z Unpacking libasyncns0:amd64 (0.8-6build4) ...
verify	Run npx playwright install --with-deps chromium webkit	2026-10-05T04:46:17.0311577Z Selecting previously unselected package libflac12t64:amd64.
verify	Run npx playwright install --with-deps chromium webkit	2026-10-05T04:46:17.0435661Z Preparing to unpack .../068-libflac12t64_1.4.3+ds-2.1ubuntu2_amd64.deb ...
verify	Run npx playwright install --with-deps chromium webkit	2026-10-05T04:46:17.0443670Z Unpacking libflac12t64:amd64 (1.4.3+ds-2.1ubuntu2) ...
verify	Run npx playwright install --with-deps chromium webkit	2026-10-05T04:46:17.0689861Z Selecting previously unselected package libsndfile1:amd64.
verify	Run npx playwright install --with-deps chromium webkit	2026-10-05T04:46:17.0817638Z Preparing to unpack .../069-libsndfile1_1.2.2-1ubuntu5.24.04.1_amd64.deb ...
verify	Run npx playwright install --with-deps chromium webkit	2026-10-05T04:46:17.0825606Z Unpacking libsndfile1:amd64 (1.2.2-1ubuntu5.24.04.1) ...
verify	Run npx playwright install --with-deps chromium webkit	2026-10-05T04:46:17.1072716Z Selecting previously unselected package libpulse0:amd64.
verify	Run npx playwright install --with-deps chromium webkit	2026-10-05T04:46:17.1201342Z Preparing to unpack .../070-libpulse0_1%3a16.1+dfsg1-2ubuntu10.1_amd64.deb ...
verify	Run npx playwright install --with-deps chromium webkit	2026-10-05T04:46:17.1269877Z Unpacking libpulse0:amd64 (1:16.1+dfsg1-2ubuntu10.1) ...
verify	Run npx playwright install --with-deps chromium webkit	2026-10-05T04:46:17.1516453Z Selecting previously unselected package libsphinxbase3t64:amd64.
verify	Run npx playwright install --with-deps chromium webkit	2026-10-05T04:46:17.1642553Z Preparing to unpack .../071-libsphinxbase3t64_0.8+5prealpha+1-17build2_amd64.deb ...
verify	Run npx playwright install --with-deps chromium webkit	2026-10-05T04:46:17.1649694Z Unpacking libsphinxbase3t64:amd64 (0.8+5prealpha+1-17build2) ...
verify	Run npx playwright install --with-deps chromium webkit	2026-10-05T04:46:17.1870917Z Selecting previously unselected package libpocketsphinx3:amd64.
verify	Run npx playwright install --with-deps chromium webkit	2026-10-05T04:46:17.1998356Z Preparing to unpack .../072-libpocketsphinx3_0.8.0+real5prealpha+1-15ubuntu5_amd64.deb ...
verify	Run npx playwright install --with-deps chromium webkit	2026-10-05T04:46:17.2005976Z Unpacking libpocketsphinx3:amd64 (0.8.0+real5prealpha+1-15ubuntu5) ...
verify	Run npx playwright install --with-deps chromium webkit	2026-10-05T04:46:17.2242177Z Selecting previously unselected package libpostproc57:amd64.
verify	Run npx playwright install --with-deps chromium webkit	2026-10-05T04:46:17.2371173Z Preparing to unpack .../073-libpostproc57_7%3a6.1.1-3ubuntu5_amd64.deb ...
verify	Run npx playwright install --with-deps chromium webkit	2026-10-05T04:46:17.2380007Z Unpacking libpostproc57:amd64 (7:6.1.1-3ubuntu5) ...
verify	Run npx playwright install --with-deps chromium webkit	2026-10-05T04:46:17.2599666Z Selecting previously unselected package libsamplerate0:amd64.
verify	Run npx playwright install --with-deps chromium webkit	2026-10-05T04:46:17.2725605Z Preparing to unpack .../074-libsamplerate0_0.2.2-4build1_amd64.deb ...
verify	Run npx playwright install --with-deps chromium webkit	2026-10-05T04:46:17.2733981Z Unpacking libsamplerate0:amd64 (0.2.2-4build1) ...
verify	Run npx playwright install --with-deps chromium webkit	2026-10-05T04:46:17.2996995Z Selecting previously unselected package librubberband2:amd64.
verify	Run npx playwright install --with-deps chromium webkit	2026-10-05T04:46:17.3123968Z Preparing to unpack .../075-librubberband2_3.3.0+dfsg-2build1_amd64.deb ...
verify	Run npx playwright install --with-deps chromium webkit	2026-10-05T04:46:17.3131703Z Unpacking librubberband2:amd64 (3.3.0+dfsg-2build1) ...
verify	Run npx playwright install --with-deps chromium webkit	2026-10-05T04:46:17.3354447Z Selecting previously unselected package libswscale7:amd64.
verify	Run npx playwright install --with-deps chromium webkit	2026-10-05T04:46:17.3482471Z Preparing to unpack .../076-libswscale7_7%3a6.1.1-3ubuntu5_amd64.deb ...
verify	Run npx playwright install --with-deps chromium webkit	2026-10-05T04:46:17.3490773Z Unpacking libswscale7:amd64 (7:6.1.1-3ubuntu5) ...
verify	Run npx playwright install --with-deps chromium webkit	2026-10-05T04:46:17.3729460Z Selecting previously unselected package libvidstab1.1:amd64.
verify	Run npx playwright install --with-deps chromium webkit	2026-10-05T04:46:17.3860664Z Preparing to unpack .../077-libvidstab1.1_1.1.0-2build1_amd64.deb ...
verify	Run npx playwright install --with-deps chromium webkit	2026-10-05T04:46:17.3867915Z Unpacking libvidstab1.1:amd64 (1.1.0-2build1) ...
verify	Run npx playwright install --with-deps chromium webkit	2026-10-05T04:46:17.4100536Z Selecting previously unselected package libzimg2:amd64.
verify	Run npx playwright install --with-deps chromium webkit	2026-10-05T04:46:17.4231288Z Preparing to unpack .../078-libzimg2_3.0.5+ds1-1build1_amd64.deb ...
verify	Run npx playwright install --with-deps chromium webkit	2026-10-05T04:46:17.4238888Z Unpacking libzimg2:amd64 (3.0.5+ds1-1build1) ...
verify	Run npx playwright install --with-deps chromium webkit	2026-10-05T04:46:17.4526406Z Selecting previously unselected package libavfilter9:amd64.
verify	Run npx playwright install --with-deps chromium webkit	2026-10-05T04:46:17.4654938Z Preparing to unpack .../079-libavfilter9_7%3a6.1.1-3ubuntu5_amd64.deb ...
verify	Run npx playwright install --with-deps chromium webkit	2026-10-05T04:46:17.4662825Z Unpacking libavfilter9:amd64 (7:6.1.1-3ubuntu5) ...
verify	Run npx playwright install --with-deps chromium webkit	2026-10-05T04:46:17.5484721Z Selecting previously unselected package liborc-0.4-0t64:amd64.
verify	Run npx playwright install --with-deps chromium webkit	2026-10-05T04:46:17.5610561Z Preparing to unpack .../080-liborc-0.4-0t64_1%3a0.4.38-1ubuntu0.1_amd64.deb ...
verify	Run npx playwright install --with-deps chromium webkit	2026-10-05T04:46:17.5617851Z Unpacking liborc-0.4-0t64:amd64 (1:0.4.38-1ubuntu0.1) ...
verify	Run npx playwright install --with-deps chromium webkit	2026-10-05T04:46:17.5885836Z Selecting previously unselected package libgstreamer-plugins-base1.0-0:amd64.
verify	Run npx playwright install --with-deps chromium webkit	2026-10-05T04:46:17.6012077Z Preparing to unpack .../081-libgstreamer-plugins-base1.0-0_1.24.2-1ubuntu0.5_amd64.deb ...
verify	Run npx playwright install --with-deps chromium webkit	2026-10-05T04:46:17.6018995Z Unpacking libgstreamer-plugins-base1.0-0:amd64 (1.24.2-1ubuntu0.5) ...
verify	Run npx playwright install --with-deps chromium webkit	2026-10-05T04:46:17.6565280Z Selecting previously unselected package gstreamer1.0-libav:amd64.
verify	Run npx playwright install --with-deps chromium webkit	2026-10-05T04:46:17.6690578Z Preparing to unpack .../082-gstreamer1.0-libav_1.24.1-1build1_amd64.deb ...
verify	Run npx playwright install --with-deps chromium webkit	2026-10-05T04:46:17.6696874Z Unpacking gstreamer1.0-libav:amd64 (1.24.1-1build1) ...
verify	Run npx playwright install --with-deps chromium webkit	2026-10-05T04:46:17.6904756Z Selecting previously unselected package libcdparanoia0:amd64.
verify	Run npx playwright install --with-deps chromium webkit	2026-10-05T04:46:17.7030684Z Preparing to unpack .../083-libcdparanoia0_3.10.2+debian-14build3_amd64.deb ...
verify	Run npx playwright install --with-deps chromium webkit	2026-10-05T04:46:17.7039028Z Unpacking libcdparanoia0:amd64 (3.10.2+debian-14build3) ...
verify	Run npx playwright install --with-deps chromium webkit	2026-10-05T04:46:17.7249572Z Selecting previously unselected package libvisual-0.4-0:amd64.
verify	Run npx playwright install --with-deps chromium webkit	2026-10-05T04:46:17.7374809Z Preparing to unpack .../084-libvisual-0.4-0_0.4.2-2build1_amd64.deb ...
verify	Run npx playwright install --with-deps chromium webkit	2026-10-05T04:46:17.7381860Z Unpacking libvisual-0.4-0:amd64 (0.4.2-2build1) ...
verify	Run npx playwright install --with-deps chromium webkit	2026-10-05T04:46:17.7607756Z Selecting previously unselected package gstreamer1.0-plugins-base:amd64.
verify	Run npx playwright install --with-deps chromium webkit	2026-10-05T04:46:17.7732184Z Preparing to unpack .../085-gstreamer1.0-plugins-base_1.24.2-1ubuntu0.5_amd64.deb ...
verify	Run npx playwright install --with-deps chromium webkit	2026-10-05T04:46:17.7740254Z Unpacking gstreamer1.0-plugins-base:amd64 (1.24.2-1ubuntu0.5) ...
verify	Run npx playwright install --with-deps chromium webkit	2026-10-05T04:46:17.8062474Z Selecting previously unselected package libaa1:amd64.
verify	Run npx playwright install --with-deps chromium webkit	2026-10-05T04:46:17.8187054Z Preparing to unpack .../086-libaa1_1.4p5-51.1_amd64.deb ...
verify	Run npx playwright install --with-deps chromium webkit	2026-10-05T04:46:17.8194419Z Unpacking libaa1:amd64 (1.4p5-51.1) ...
verify	Run npx playwright install --with-deps chromium webkit	2026-10-05T04:46:17.8397988Z Selecting previously unselected package libraw1394-11:amd64.
verify	Run npx playwright install --with-deps chromium webkit	2026-10-05T04:46:17.8524840Z Preparing to unpack .../087-libraw1394-11_2.1.2-2build3_amd64.deb ...
verify	Run npx playwright install --with-deps chromium webkit	2026-10-05T04:46:17.8532290Z Unpacking libraw1394-11:amd64 (2.1.2-2build3) ...
verify	Run npx playwright install --with-deps chromium webkit	2026-10-05T04:46:17.8754933Z Selecting previously unselected package libavc1394-0:amd64.
verify	Run npx playwright install --with-deps chromium webkit	2026-10-05T04:46:17.8880301Z Preparing to unpack .../088-libavc1394-0_0.5.4-5build3_amd64.deb ...
verify	Run npx playwright install --with-deps chromium webkit	2026-10-05T04:46:17.8886802Z Unpacking libavc1394-0:amd64 (0.5.4-5build3) ...
verify	Run npx playwright install --with-deps chromium webkit	2026-10-05T04:46:17.9084606Z Selecting previously unselected package libcaca0:amd64.
verify	Run npx playwright install --with-deps chromium webkit	2026-10-05T04:46:17.9209622Z Preparing to unpack .../089-libcaca0_0.99.beta20-4ubuntu0.2_amd64.deb ...
verify	Run npx playwright install --with-deps chromium webkit	2026-10-05T04:46:17.9216266Z Unpacking libcaca0:amd64 (0.99.beta20-4ubuntu0.2) ...
verify	Run npx playwright install --with-deps chromium webkit	2026-10-05T04:46:17.9446498Z Selecting previously unselected package libdv4t64:amd64.
verify	Run npx playwright install --with-deps chromium webkit	2026-10-05T04:46:17.9572007Z Preparing to unpack .../090-libdv4t64_1.0.0-17.1build1_amd64.deb ...
verify	Run npx playwright install --with-deps chromium webkit	2026-10-05T04:46:17.9579609Z Unpacking libdv4t64:amd64 (1.0.0-17.1build1) ...
verify	Run npx playwright install --with-deps chromium webkit	2026-10-05T04:46:17.9791805Z Selecting previously unselected package libgstreamer-plugins-good1.0-0:amd64.
verify	Run npx playwright install --with-deps chromium webkit	2026-10-05T04:46:17.9918431Z Preparing to unpack .../091-libgstreamer-plugins-good1.0-0_1.24.2-1ubuntu1.8_amd64.deb ...
verify	Run npx playwright install --with-deps chromium webkit	2026-10-05T04:46:17.9925452Z Unpacking libgstreamer-plugins-good1.0-0:amd64 (1.24.2-1ubuntu1.8) ...
verify	Run npx playwright install --with-deps chromium webkit	2026-10-05T04:46:18.0140081Z Selecting previously unselected package libiec61883-0:amd64.
verify	Run npx playwright install --with-deps chromium webkit	2026-10-05T04:46:18.0267204Z Preparing to unpack .../092-libiec61883-0_1.2.0-6build1_amd64.deb ...
verify	Run npx playwright install --with-deps chromium webkit	2026-10-05T04:46:18.0273989Z Unpacking libiec61883-0:amd64 (1.2.0-6build1) ...
verify	Run npx playwright install --with-deps chromium webkit	2026-10-05T04:46:18.0485785Z Selecting previously unselected package libshout3:amd64.
verify	Run npx playwright install --with-deps chromium webkit	2026-10-05T04:46:18.0613329Z Preparing to unpack .../093-libshout3_2.4.6-1build2_amd64.deb ...
verify	Run npx playwright install --with-deps chromium webkit	2026-10-05T04:46:18.0620171Z Unpacking libshout3:amd64 (2.4.6-1build2) ...
verify	Run npx playwright install --with-deps chromium webkit	2026-10-05T04:46:18.0856889Z Selecting previously unselected package libtag1v5-vanilla:amd64.
verify	Run npx playwright install --with-deps chromium webkit	2026-10-05T04:46:18.0985379Z Preparing to unpack .../094-libtag1v5-vanilla_1.13.1-1build1_amd64.deb ...
verify	Run npx playwright install --with-deps chromium webkit	2026-10-05T04:46:18.0994558Z Unpacking libtag1v5-vanilla:amd64 (1.13.1-1build1) ...
verify	Run npx playwright install --with-deps chromium webkit	2026-10-05T04:46:18.1234570Z Selecting previously unselected package libtag1v5:amd64.
verify	Run npx playwright install --with-deps chromium webkit	2026-10-05T04:46:18.1360964Z Preparing to unpack .../095-libtag1v5_1.13.1-1build1_amd64.deb ...
verify	Run npx playwright install --with-deps chromium webkit	2026-10-05T04:46:18.1368761Z Unpacking libtag1v5:amd64 (1.13.1-1build1) ...
verify	Run npx playwright install --with-deps chromium webkit	2026-10-05T04:46:18.1571231Z Selecting previously unselected package libv4lconvert0t64:amd64.
verify	Run npx playwright install --with-deps chromium webkit	2026-10-05T04:46:18.1697610Z Preparing to unpack .../096-libv4lconvert0t64_1.26.1-4build3_amd64.deb ...
verify	Run npx playwright install --with-deps chromium webkit	2026-10-05T04:46:18.1707558Z Unpacking libv4lconvert0t64:amd64 (1.26.1-4build3) ...
verify	Run npx playwright install --with-deps chromium webkit	2026-10-05T04:46:18.1928796Z Selecting previously unselected package libv4l-0t64:amd64.
verify	Run npx playwright install --with-deps chromium webkit	2026-10-05T04:46:18.2057094Z Preparing to unpack .../097-libv4l-0t64_1.26.1-4build3_amd64.deb ...
verify	Run npx playwright install --with-deps chromium webkit	2026-10-05T04:46:18.2075099Z Unpacking libv4l-0t64:amd64 (1.26.1-4build3) ...
verify	Run npx playwright install --with-deps chromium webkit	2026-10-05T04:46:18.2304132Z Selecting previously unselected package libwavpack1:amd64.
verify	Run npx playwright install --with-deps chromium webkit	2026-10-05T04:46:18.2431672Z Preparing to unpack .../098-libwavpack1_5.6.0-1build1_amd64.deb ...
verify	Run npx playwright install --with-deps chromium webkit	2026-10-05T04:46:18.2439378Z Unpacking libwavpack1:amd64 (5.6.0-1build1) ...
verify	Run npx playwright install --with-deps chromium webkit	2026-10-05T04:46:18.2644546Z Selecting previously unselected package libsoup-3.0-common.
verify	Run npx playwright install --with-deps chromium webkit	2026-10-05T04:46:18.2772212Z Preparing to unpack .../099-libsoup-3.0-common_3.4.4-5ubuntu0.8_all.deb ...
verify	Run npx playwright install --with-deps chromium webkit	2026-10-05T04:46:18.2785406Z Unpacking libsoup-3.0-common (3.4.4-5ubuntu0.8) ...
verify	Run npx playwright install --with-deps chromium webkit	2026-10-05T04:46:18.2991066Z Selecting previously unselected package libsoup-3.0-0:amd64.
verify	Run npx playwright install --with-deps chromium webkit	2026-10-05T04:46:18.3117413Z Preparing to unpack .../100-libsoup-3.0-0_3.4.4-5ubuntu0.8_amd64.deb ...
verify	Run npx playwright install --with-deps chromium webkit	2026-10-05T04:46:18.3123617Z Unpacking libsoup-3.0-0:amd64 (3.4.4-5ubuntu0.8) ...
verify	Run npx playwright install --with-deps chromium webkit	2026-10-05T04:46:18.3359438Z Selecting previously unselected package gstreamer1.0-plugins-good:amd64.
verify	Run npx playwright install --with-deps chromium webkit	2026-10-05T04:46:18.3486403Z Preparing to unpack .../101-gstreamer1.0-plugins-good_1.24.2-1ubuntu1.8_amd64.deb ...
verify	Run npx playwright install --with-deps chromium webkit	2026-10-05T04:46:18.3494141Z Unpacking gstreamer1.0-plugins-good:amd64 (1.24.2-1ubuntu1.8) ...
verify	Run npx playwright install --with-deps chromium webkit	2026-10-05T04:46:18.4065374Z Selecting previously unselected package libabsl20220623t64:amd64.
verify	Run npx playwright install --with-deps chromium webkit	2026-10-05T04:46:18.4192101Z Preparing to unpack .../102-libabsl20220623t64_20220623.1-3.1ubuntu3.2_amd64.deb ...
verify	Run npx playwright install --with-deps chromium webkit	2026-10-05T04:46:18.4198855Z Unpacking libabsl20220623t64:amd64 (20220623.1-3.1ubuntu3.2) ...
verify	Run npx playwright install --with-deps chromium webkit	2026-10-05T04:46:18.4621502Z Selecting previously unselected package libgav1-1:amd64.
verify	Run npx playwright install --with-deps chromium webkit	2026-10-05T04:46:18.4749780Z Preparing to unpack .../103-libgav1-1_0.18.0-1build3_amd64.deb ...
verify	Run npx playwright install --with-deps chromium webkit	2026-10-05T04:46:18.4758657Z Unpacking libgav1-1:amd64 (0.18.0-1build3) ...
verify	Run npx playwright install --with-deps chromium webkit	2026-10-05T04:46:18.5002522Z Selecting previously unselected package libyuv0:amd64.
verify	Run npx playwright install --with-deps chromium webkit	2026-10-05T04:46:18.5130656Z Preparing to unpack .../104-libyuv0_0.0~git202401110.af6ac82-1_amd64.deb ...
verify	Run npx playwright install --with-deps chromium webkit	2026-10-05T04:46:18.5140605Z Unpacking libyuv0:amd64 (0.0~git202401110.af6ac82-1) ...
verify	Run npx playwright install --with-deps chromium webkit	2026-10-05T04:46:18.5379870Z Selecting previously unselected package libavif16:amd64.
verify	Run npx playwright install --with-deps chromium webkit	2026-10-05T04:46:18.5507346Z Preparing to unpack .../105-libavif16_1.0.4-1ubuntu3_amd64.deb ...
verify	Run npx playwright install --with-deps chromium webkit	2026-10-05T04:46:18.5515884Z Unpacking libavif16:amd64 (1.0.4-1ubuntu3) ...
verify	Run npx playwright install --with-deps chromium webkit	2026-10-05T04:46:18.5728281Z Selecting previously unselected package libavtp0:amd64.
verify	Run npx playwright install --with-deps chromium webkit	2026-10-05T04:46:18.5855975Z Preparing to unpack .../106-libavtp0_0.2.0-1build1_amd64.deb ...
verify	Run npx playwright install --with-deps chromium webkit	2026-10-05T04:46:18.5863698Z Unpacking libavtp0:amd64 (0.2.0-1build1) ...
verify	Run npx playwright install --with-deps chromium webkit	2026-10-05T04:46:18.6070646Z Selecting previously unselected package libcairo-script-interpreter2:amd64.
verify	Run npx playwright install --with-deps chromium webkit	2026-10-05T04:46:18.6196898Z Preparing to unpack .../107-libcairo-script-interpreter2_1.18.0-3build1_amd64.deb ...
verify	Run npx playwright install --with-deps chromium webkit	2026-10-05T04:46:18.6203860Z Unpacking libcairo-script-interpreter2:amd64 (1.18.0-3build1) ...
verify	Run npx playwright install --with-deps chromium webkit	2026-10-05T04:46:18.6425793Z Selecting previously unselected package libdc1394-25:amd64.
verify	Run npx playwright install --with-deps chromium webkit	2026-10-05T04:46:18.6550283Z Preparing to unpack .../108-libdc1394-25_2.2.6-4build1_amd64.deb ...
verify	Run npx playwright install --with-deps chromium webkit	2026-10-05T04:46:18.6556904Z Unpacking libdc1394-25:amd64 (2.2.6-4build1) ...
verify	Run npx playwright install --with-deps chromium webkit	2026-10-05T04:46:18.6762125Z Selecting previously unselected package libde265-0:amd64.
verify	Run npx playwright install --with-deps chromium webkit	2026-10-05T04:46:18.6886647Z Preparing to unpack .../109-libde265-0_1.0.15-1ubuntu0.1_amd64.deb ...
verify	Run npx playwright install --with-deps chromium webkit	2026-10-05T04:46:18.6893276Z Unpacking libde265-0:amd64 (1.0.15-1ubuntu0.1) ...
verify	Run npx playwright install --with-deps chromium webkit	2026-10-05T04:46:18.7104440Z Selecting previously unselected package libdecor-0-0:amd64.
verify	Run npx playwright install --with-deps chromium webkit	2026-10-05T04:46:18.7229736Z Preparing to unpack .../110-libdecor-0-0_0.2.2-1build2_amd64.deb ...
verify	Run npx playwright install --with-deps chromium webkit	2026-10-05T04:46:18.7236165Z Unpacking libdecor-0-0:amd64 (0.2.2-1build2) ...
verify	Run npx playwright install --with-deps chromium webkit	2026-10-05T04:46:18.7434560Z Selecting previously unselected package libgles2:amd64.
verify	Run npx playwright install --with-deps chromium webkit	2026-10-05T04:46:18.7560334Z Preparing to unpack .../111-libgles2_1.7.0-1build1_amd64.deb ...
verify	Run npx playwright install --with-deps chromium webkit	2026-10-05T04:46:18.7568772Z Unpacking libgles2:amd64 (1.7.0-1build1) ...
verify	Run npx playwright install --with-deps chromium webkit	2026-10-05T04:46:18.7772167Z Selecting previously unselected package libdirectfb-1.7-7t64:amd64.
verify	Run npx playwright install --with-deps chromium webkit	2026-10-05T04:46:18.7899264Z Preparing to unpack .../112-libdirectfb-1.7-7t64_1.7.7-11.1ubuntu2_amd64.deb ...
verify	Run npx playwright install --with-deps chromium webkit	2026-10-05T04:46:18.7905613Z Unpacking libdirectfb-1.7-7t64:amd64 (1.7.7-11.1ubuntu2) ...
verify	Run npx playwright install --with-deps chromium webkit	2026-10-05T04:46:18.8305870Z Selecting previously unselected package libdvdread8t64:amd64.
verify	Run npx playwright install --with-deps chromium webkit	2026-10-05T04:46:18.8432410Z Preparing to unpack .../113-libdvdread8t64_6.1.3-1.1build1_amd64.deb ...
verify	Run npx playwright install --with-deps chromium webkit	2026-10-05T04:46:18.8441705Z Unpacking libdvdread8t64:amd64 (6.1.3-1.1build1) ...
verify	Run npx playwright install --with-deps chromium webkit	2026-10-05T04:46:18.8656265Z Selecting previously unselected package libdvdnav4:amd64.
verify	Run npx playwright install --with-deps chromium webkit	2026-10-05T04:46:18.8782225Z Preparing to unpack .../114-libdvdnav4_6.1.1-3build1_amd64.deb ...
verify	Run npx playwright install --with-deps chromium webkit	2026-10-05T04:46:18.8788786Z Unpacking libdvdnav4:amd64 (6.1.1-3build1) ...
verify	Run npx playwright install --with-deps chromium webkit	2026-10-05T04:46:18.9145839Z Preparing to unpack .../115-libgl1-mesa-dri_25.2.8-0ubuntu0.24.04.4_amd64.deb ...
verify	Run npx playwright install --with-deps chromium webkit	2026-10-05T04:46:18.9287418Z Unpacking libgl1-mesa-dri:amd64 (25.2.8-0ubuntu0.24.04.4) over (25.2.8-0ubuntu0.24.04.2) ...
verify	Run npx playwright install --with-deps chromium webkit	2026-10-05T04:46:18.9888803Z Preparing to unpack .../116-libglx-mesa0_25.2.8-0ubuntu0.24.04.4_amd64.deb ...
verify	Run npx playwright install --with-deps chromium webkit	2026-10-05T04:46:18.9912157Z Unpacking libglx-mesa0:amd64 (25.2.8-0ubuntu0.24.04.4) over (25.2.8-0ubuntu0.24.04.2) ...
verify	Run npx playwright install --with-deps chromium webkit	2026-10-05T04:46:19.0276840Z Preparing to unpack .../117-libgbm1_25.2.8-0ubuntu0.24.04.4_amd64.deb ...
verify	Run npx playwright install --with-deps chromium webkit	2026-10-05T04:46:19.0346470Z Unpacking libgbm1:amd64 (25.2.8-0ubuntu0.24.04.4) over (25.2.8-0ubuntu0.24.04.2) ...
verify	Run npx playwright install --with-deps chromium webkit	2026-10-05T04:46:19.0735426Z Preparing to unpack .../118-mesa-libgallium_25.2.8-0ubuntu0.24.04.4_amd64.deb ...
verify	Run npx playwright install --with-deps chromium webkit	2026-10-05T04:46:19.0763197Z Unpacking mesa-libgallium:amd64 (25.2.8-0ubuntu0.24.04.4) over (25.2.8-0ubuntu0.24.04.2) ...
verify	Run npx playwright install --with-deps chromium webkit	2026-10-05T04:46:19.2554601Z Selecting previously unselected package libegl-mesa0:amd64.
verify	Run npx playwright install --with-deps chromium webkit	2026-10-05T04:46:19.2681987Z Preparing to unpack .../119-libegl-mesa0_25.2.8-0ubuntu0.24.04.4_amd64.deb ...
verify	Run npx playwright install --with-deps chromium webkit	2026-10-05T04:46:19.2690049Z Unpacking libegl-mesa0:amd64 (25.2.8-0ubuntu0.24.04.4) ...
verify	Run npx playwright install --with-deps chromium webkit	2026-10-05T04:46:19.2933795Z Selecting previously unselected package libevent-2.1-7t64:amd64.
verify	Run npx playwright install --with-deps chromium webkit	2026-10-05T04:46:19.3061541Z Preparing to unpack .../120-libevent-2.1-7t64_2.1.12-stable-9ubuntu2.2_amd64.deb ...
verify	Run npx playwright install --with-deps chromium webkit	2026-10-05T04:46:19.3069483Z Unpacking libevent-2.1-7t64:amd64 (2.1.12-stable-9ubuntu2.2) ...
verify	Run npx playwright install --with-deps chromium webkit	2026-10-05T04:46:19.3435273Z Preparing to unpack .../121-libevent-pthreads-2.1-7t64_2.1.12-stable-9ubuntu2.2_amd64.deb ...
verify	Run npx playwright install --with-deps chromium webkit	2026-10-05T04:46:19.3515675Z Unpacking libevent-pthreads-2.1-7t64:amd64 (2.1.12-stable-9ubuntu2.2) over (2.1.12-stable-9ubuntu2.1) ...
verify	Run npx playwright install --with-deps chromium webkit	2026-10-05T04:46:19.3885090Z Preparing to unpack .../122-libevent-core-2.1-7t64_2.1.12-stable-9ubuntu2.2_amd64.deb ...
verify	Run npx playwright install --with-deps chromium webkit	2026-10-05T04:46:19.3948210Z Unpacking libevent-core-2.1-7t64:amd64 (2.1.12-stable-9ubuntu2.2) over (2.1.12-stable-9ubuntu2.1) ...
verify	Run npx playwright install --with-deps chromium webkit	2026-10-05T04:46:19.4188670Z Selecting previously unselected package libfaad2:amd64.
verify	Run npx playwright install --with-deps chromium webkit	2026-10-05T04:46:19.4320131Z Preparing to unpack .../123-libfaad2_2.11.1-1build1_amd64.deb ...
verify	Run npx playwright install --with-deps chromium webkit	2026-10-05T04:46:19.4330527Z Unpacking libfaad2:amd64 (2.11.1-1build1) ...
verify	Run npx playwright install --with-deps chromium webkit	2026-10-05T04:46:19.4576867Z Selecting previously unselected package libinstpatch-1.0-2:amd64.
verify	Run npx playwright install --with-deps chromium webkit	2026-10-05T04:46:19.4707343Z Preparing to unpack .../124-libinstpatch-1.0-2_1.1.6-1build2_amd64.deb ...
verify	Run npx playwright install --with-deps chromium webkit	2026-10-05T04:46:19.4716246Z Unpacking libinstpatch-1.0-2:amd64 (1.1.6-1build2) ...
verify	Run npx playwright install --with-deps chromium webkit	2026-10-05T04:46:19.4965532Z Selecting previously unselected package libjack-jackd2-0:amd64.
verify	Run npx playwright install --with-deps chromium webkit	2026-10-05T04:46:19.5095894Z Preparing to unpack .../125-libjack-jackd2-0_1.9.21~dfsg-3ubuntu3_amd64.deb ...
verify	Run npx playwright install --with-deps chromium webkit	2026-10-05T04:46:19.5103535Z Unpacking libjack-jackd2-0:amd64 (1.9.21~dfsg-3ubuntu3) ...
verify	Run npx playwright install --with-deps chromium webkit	2026-10-05T04:46:19.5365704Z Selecting previously unselected package libwebrtc-audio-processing1:amd64.
verify	Run npx playwright install --with-deps chromium webkit	2026-10-05T04:46:19.5493734Z Preparing to unpack .../126-libwebrtc-audio-processing1_0.3.1-0ubuntu6_amd64.deb ...
verify	Run npx playwright install --with-deps chromium webkit	2026-10-05T04:46:19.5501544Z Unpacking libwebrtc-audio-processing1:amd64 (0.3.1-0ubuntu6) ...
verify	Run npx playwright install --with-deps chromium webkit	2026-10-05T04:46:19.5738371Z Selecting previously unselected package libspa-0.2-modules:amd64.
verify	Run npx playwright install --with-deps chromium webkit	2026-10-05T04:46:19.5865482Z Preparing to unpack .../127-libspa-0.2-modules_1.0.5-1ubuntu3.3_amd64.deb ...
verify	Run npx playwright install --with-deps chromium webkit	2026-10-05T04:46:19.5874927Z Unpacking libspa-0.2-modules:amd64 (1.0.5-1ubuntu3.3) ...
verify	Run npx playwright install --with-deps chromium webkit	2026-10-05T04:46:19.6191855Z Selecting previously unselected package libpipewire-0.3-0t64:amd64.
verify	Run npx playwright install --with-deps chromium webkit	2026-10-05T04:46:19.6318088Z Preparing to unpack .../128-libpipewire-0.3-0t64_1.0.5-1ubuntu3.3_amd64.deb ...
verify	Run npx playwright install --with-deps chromium webkit	2026-10-05T04:46:19.6325233Z Unpacking libpipewire-0.3-0t64:amd64 (1.0.5-1ubuntu3.3) ...
verify	Run npx playwright install --with-deps chromium webkit	2026-10-05T04:46:19.6565571Z Selecting previously unselected package libsdl2-2.0-0:amd64.
verify	Run npx playwright install --with-deps chromium webkit	2026-10-05T04:46:19.6691336Z Preparing to unpack .../129-libsdl2-2.0-0_2.30.0+dfsg-1ubuntu3.1_amd64.deb ...
verify	Run npx playwright install --with-deps chromium webkit	2026-10-05T04:46:19.6698261Z Unpacking libsdl2-2.0-0:amd64 (2.30.0+dfsg-1ubuntu3.1) ...
verify	Run npx playwright install --with-deps chromium webkit	2026-10-05T04:46:19.6990141Z Selecting previously unselected package timgm6mb-soundfont.
verify	Run npx playwright install --with-deps chromium webkit	2026-10-05T04:46:19.7116760Z Preparing to unpack .../130-timgm6mb-soundfont_1.3-5_all.deb ...
verify	Run npx playwright install --with-deps chromium webkit	2026-10-05T04:46:19.7124123Z Unpacking timgm6mb-soundfont (1.3-5) ...
verify	Run npx playwright install --with-deps chromium webkit	2026-10-05T04:46:20.0462007Z Selecting previously unselected package libfluidsynth3:amd64.
verify	Run npx playwright install --with-deps chromium webkit	2026-10-05T04:46:20.0590671Z Preparing to unpack .../131-libfluidsynth3_2.3.4-1build3_amd64.deb ...
verify	Run npx playwright install --with-deps chromium webkit	2026-10-05T04:46:20.0598709Z Unpacking libfluidsynth3:amd64 (2.3.4-1build3) ...
verify	Run npx playwright install --with-deps chromium webkit	2026-10-05T04:46:20.0848258Z Selecting previously unselected package libfreeaptx0:amd64.
verify	Run npx playwright install --with-deps chromium webkit	2026-10-05T04:46:20.0976091Z Preparing to unpack .../132-libfreeaptx0_0.1.1-2build1_amd64.deb ...
verify	Run npx playwright install --with-deps chromium webkit	2026-10-05T04:46:20.0983238Z Unpacking libfreeaptx0:amd64 (0.1.1-2build1) ...
verify	Run npx playwright install --with-deps chromium webkit	2026-10-05T04:46:20.1196739Z Selecting previously unselected package libgraphene-1.0-0:amd64.
verify	Run npx playwright install --with-deps chromium webkit	2026-10-05T04:46:20.1324443Z Preparing to unpack .../133-libgraphene-1.0-0_1.10.8-3build2_amd64.deb ...
verify	Run npx playwright install --with-deps chromium webkit	2026-10-05T04:46:20.1331593Z Unpacking libgraphene-1.0-0:amd64 (1.10.8-3build2) ...
verify	Run npx playwright install --with-deps chromium webkit	2026-10-05T04:46:20.1548893Z Selecting previously unselected package libgssdp-1.6-0:amd64.
verify	Run npx playwright install --with-deps chromium webkit	2026-10-05T04:46:20.1677615Z Preparing to unpack .../134-libgssdp-1.6-0_1.6.3-1build3_amd64.deb ...
verify	Run npx playwright install --with-deps chromium webkit	2026-10-05T04:46:20.1685266Z Unpacking libgssdp-1.6-0:amd64 (1.6.3-1build3) ...
verify	Run npx playwright install --with-deps chromium webkit	2026-10-05T04:46:20.1918017Z Selecting previously unselected package libegl1:amd64.
verify	Run npx playwright install --with-deps chromium webkit	2026-10-05T04:46:20.2048678Z Preparing to unpack .../135-libegl1_1.7.0-1build1_amd64.deb ...
verify	Run npx playwright install --with-deps chromium webkit	2026-10-05T04:46:20.2055931Z Unpacking libegl1:amd64 (1.7.0-1build1) ...
verify	Run npx playwright install --with-deps chromium webkit	2026-10-05T04:46:20.2279429Z Selecting previously unselected package libgstreamer-gl1.0-0:amd64.
verify	Run npx playwright install --with-deps chromium webkit	2026-10-05T04:46:20.2408658Z Preparing to unpack .../136-libgstreamer-gl1.0-0_1.24.2-1ubuntu0.5_amd64.deb ...
verify	Run npx playwright install --with-deps chromium webkit	2026-10-05T04:46:20.2416575Z Unpacking libgstreamer-gl1.0-0:amd64 (1.24.2-1ubuntu0.5) ...
verify	Run npx playwright install --with-deps chromium webkit	2026-10-05T04:46:20.2647196Z Selecting previously unselected package libgtk-4-common.
verify	Run npx playwright install --with-deps chromium webkit	2026-10-05T04:46:20.2777475Z Preparing to unpack .../137-libgtk-4-common_4.14.5+ds-0ubuntu0.10_all.deb ...
verify	Run npx playwright install --with-deps chromium webkit	2026-10-05T04:46:20.2784149Z Unpacking libgtk-4-common (4.14.5+ds-0ubuntu0.10) ...
verify	Run npx playwright install --with-deps chromium webkit	2026-10-05T04:46:20.3269359Z Selecting previously unselected package libgtk-4-1:amd64.
verify	Run npx playwright install --with-deps chromium webkit	2026-10-05T04:46:20.3397787Z Preparing to unpack .../138-libgtk-4-1_4.14.5+ds-0ubuntu0.10_amd64.deb ...
verify	Run npx playwright install --with-deps chromium webkit	2026-10-05T04:46:20.3405454Z Unpacking libgtk-4-1:amd64 (4.14.5+ds-0ubuntu0.10) ...
verify	Run npx playwright install --with-deps chromium webkit	2026-10-05T04:46:20.4051183Z Selecting previously unselected package libgupnp-1.6-0:amd64.
verify	Run npx playwright install --with-deps chromium webkit	2026-10-05T04:46:20.4181068Z Preparing to unpack .../139-libgupnp-1.6-0_1.6.6-1build3_amd64.deb ...
verify	Run npx playwright install --with-deps chromium webkit	2026-10-05T04:46:20.4188918Z Unpacking libgupnp-1.6-0:amd64 (1.6.6-1build3) ...
verify	Run npx playwright install --with-deps chromium webkit	2026-10-05T04:46:20.4410950Z Selecting previously unselected package libgupnp-igd-1.6-0:amd64.
verify	Run npx playwright install --with-deps chromium webkit	2026-10-05T04:46:20.4537991Z Preparing to unpack .../140-libgupnp-igd-1.6-0_1.6.0-3build3_amd64.deb ...
verify	Run npx playwright install --with-deps chromium webkit	2026-10-05T04:46:20.4545849Z Unpacking libgupnp-igd-1.6-0:amd64 (1.6.0-3build3) ...
verify	Run npx playwright install --with-deps chromium webkit	2026-10-05T04:46:20.4765871Z Selecting previously unselected package libharfbuzz-icu0:amd64.
verify	Run npx playwright install --with-deps chromium webkit	2026-10-05T04:46:20.4894584Z Preparing to unpack .../141-libharfbuzz-icu0_8.3.0-2build2_amd64.deb ...
verify	Run npx playwright install --with-deps chromium webkit	2026-10-05T04:46:20.4903712Z Unpacking libharfbuzz-icu0:amd64 (8.3.0-2build2) ...
verify	Run npx playwright install --with-deps chromium webkit	2026-10-05T04:46:20.5130587Z Selecting previously unselected package libhyphen0:amd64.
verify	Run npx playwright install --with-deps chromium webkit	2026-10-05T04:46:20.5261254Z Preparing to unpack .../142-libhyphen0_2.8.8-7build3_amd64.deb ...
verify	Run npx playwright install --with-deps chromium webkit	2026-10-05T04:46:20.5270681Z Unpacking libhyphen0:amd64 (2.8.8-7build3) ...
verify	Run npx playwright install --with-deps chromium webkit	2026-10-05T04:46:20.5506597Z Selecting previously unselected package libimath-3-1-29t64:amd64.
verify	Run npx playwright install --with-deps chromium webkit	2026-10-05T04:46:20.5637002Z Preparing to unpack .../143-libimath-3-1-29t64_3.1.9-3.1ubuntu2_amd64.deb ...
verify	Run npx playwright install --with-deps chromium webkit	2026-10-05T04:46:20.5644644Z Unpacking libimath-3-1-29t64:amd64 (3.1.9-3.1ubuntu2) ...
verify	Run npx playwright install --with-deps chromium webkit	2026-10-05T04:46:20.5894713Z Selecting previously unselected package liblc3-1:amd64.
verify	Run npx playwright install --with-deps chromium webkit	2026-10-05T04:46:20.6025789Z Preparing to unpack .../144-liblc3-1_1.0.4-3build1_amd64.deb ...
verify	Run npx playwright install --with-deps chromium webkit	2026-10-05T04:46:20.6035079Z Unpacking liblc3-1:amd64 (1.0.4-3build1) ...
verify	Run npx playwright install --with-deps chromium webkit	2026-10-05T04:46:20.6254655Z Selecting previously unselected package libldacbt-enc2:amd64.
verify	Run npx playwright install --with-deps chromium webkit	2026-10-05T04:46:20.6382148Z Preparing to unpack .../145-libldacbt-enc2_2.0.2.3+git20200429+ed310a0-4ubuntu2_amd64.deb ...
verify	Run npx playwright install --with-deps chromium webkit	2026-10-05T04:46:20.6389912Z Unpacking libldacbt-enc2:amd64 (2.0.2.3+git20200429+ed310a0-4ubuntu2) ...
verify	Run npx playwright install --with-deps chromium webkit	2026-10-05T04:46:20.6612494Z Selecting previously unselected package libraptor2-0:amd64.
verify	Run npx playwright install --with-deps chromium webkit	2026-10-05T04:46:20.6738308Z Preparing to unpack .../146-libraptor2-0_2.0.16-3ubuntu0.1_amd64.deb ...
verify	Run npx playwright install --with-deps chromium webkit	2026-10-05T04:46:20.6745777Z Unpacking libraptor2-0:amd64 (2.0.16-3ubuntu0.1) ...
verify	Run npx playwright install --with-deps chromium webkit	2026-10-05T04:46:20.6978659Z Selecting previously unselected package liblrdf0:amd64.
verify	Run npx playwright install --with-deps chromium webkit	2026-10-05T04:46:20.7106139Z Preparing to unpack .../147-liblrdf0_0.6.1-4build1_amd64.deb ...
verify	Run npx playwright install --with-deps chromium webkit	2026-10-05T04:46:20.7112938Z Unpacking liblrdf0:amd64 (0.6.1-4build1) ...
verify	Run npx playwright install --with-deps chromium webkit	2026-10-05T04:46:20.7328184Z Selecting previously unselected package libltc11:amd64.
verify	Run npx playwright install --with-deps chromium webkit	2026-10-05T04:46:20.7456574Z Preparing to unpack .../148-libltc11_1.3.2-1build1_amd64.deb ...
verify	Run npx playwright install --with-deps chromium webkit	2026-10-05T04:46:20.7467236Z Unpacking libltc11:amd64 (1.3.2-1build1) ...
verify	Run npx playwright install --with-deps chromium webkit	2026-10-05T04:46:20.7671762Z Selecting previously unselected package libmanette-0.2-0:amd64.
verify	Run npx playwright install --with-deps chromium webkit	2026-10-05T04:46:20.7797429Z Preparing to unpack .../149-libmanette-0.2-0_0.2.7-1build2_amd64.deb ...
verify	Run npx playwright install --with-deps chromium webkit	2026-10-05T04:46:20.7804484Z Unpacking libmanette-0.2-0:amd64 (0.2.7-1build2) ...
verify	Run npx playwright install --with-deps chromium webkit	2026-10-05T04:46:20.8010105Z Selecting previously unselected package libmfx1:amd64.
verify	Run npx playwright install --with-deps chromium webkit	2026-10-05T04:46:20.8135463Z Preparing to unpack .../150-libmfx1_22.5.4-1_amd64.deb ...
verify	Run npx playwright install --with-deps chromium webkit	2026-10-05T04:46:20.8142961Z Unpacking libmfx1:amd64 (22.5.4-1) ...
verify	Run npx playwright install --with-deps chromium webkit	2026-10-05T04:46:20.9067788Z Selecting previously unselected package libmjpegutils-2.1-0t64:amd64.
verify	Run npx playwright install --with-deps chromium webkit	2026-10-05T04:46:20.9194282Z Preparing to unpack .../151-libmjpegutils-2.1-0t64_1%3a2.1.0+debian-8.1build1_amd64.deb ...
verify	Run npx playwright install --with-deps chromium webkit	2026-10-05T04:46:20.9201486Z Unpacking libmjpegutils-2.1-0t64:amd64 (1:2.1.0+debian-8.1build1) ...
verify	Run npx playwright install --with-deps chromium webkit	2026-10-05T04:46:20.9403310Z Selecting previously unselected package libmodplug1:amd64.
verify	Run npx playwright install --with-deps chromium webkit	2026-10-05T04:46:20.9527804Z Preparing to unpack .../152-libmodplug1_1%3a0.8.9.0-3build1_amd64.deb ...
verify	Run npx playwright install --with-deps chromium webkit	2026-10-05T04:46:20.9538069Z Unpacking libmodplug1:amd64 (1:0.8.9.0-3build1) ...
verify	Run npx playwright install --with-deps chromium webkit	2026-10-05T04:46:20.9754461Z Selecting previously unselected package libmpcdec6:amd64.
verify	Run npx playwright install --with-deps chromium webkit	2026-10-05T04:46:20.9881087Z Preparing to unpack .../153-libmpcdec6_2%3a0.1~r495-2build1_amd64.deb ...
verify	Run npx playwright install --with-deps chromium webkit	2026-10-05T04:46:20.9889590Z Unpacking libmpcdec6:amd64 (2:0.1~r495-2build1) ...
verify	Run npx playwright install --with-deps chromium webkit	2026-10-05T04:46:21.0095679Z Selecting previously unselected package libmpeg2encpp-2.1-0t64:amd64.
verify	Run npx playwright install --with-deps chromium webkit	2026-10-05T04:46:21.0221349Z Preparing to unpack .../154-libmpeg2encpp-2.1-0t64_1%3a2.1.0+debian-8.1build1_amd64.deb ...
verify	Run npx playwright install --with-deps chromium webkit	2026-10-05T04:46:21.0227942Z Unpacking libmpeg2encpp-2.1-0t64:amd64 (1:2.1.0+debian-8.1build1) ...
verify	Run npx playwright install --with-deps chromium webkit	2026-10-05T04:46:21.0437830Z Selecting previously unselected package libmplex2-2.1-0t64:amd64.
verify	Run npx playwright install --with-deps chromium webkit	2026-10-05T04:46:21.0565542Z Preparing to unpack .../155-libmplex2-2.1-0t64_1%3a2.1.0+debian-8.1build1_amd64.deb ...
verify	Run npx playwright install --with-deps chromium webkit	2026-10-05T04:46:21.0576890Z Unpacking libmplex2-2.1-0t64:amd64 (1:2.1.0+debian-8.1build1) ...
verify	Run npx playwright install --with-deps chromium webkit	2026-10-05T04:46:21.0833583Z Selecting previously unselected package libneon27t64:amd64.
verify	Run npx playwright install --with-deps chromium webkit	2026-10-05T04:46:21.0963292Z Preparing to unpack .../156-libneon27t64_0.33.0-1.1build3_amd64.deb ...
verify	Run npx playwright install --with-deps chromium webkit	2026-10-05T04:46:21.0972411Z Unpacking libneon27t64:amd64 (0.33.0-1.1build3) ...
verify	Run npx playwright install --with-deps chromium webkit	2026-10-05T04:46:21.1211450Z Selecting previously unselected package libnice10:amd64.
verify	Run npx playwright install --with-deps chromium webkit	2026-10-05T04:46:21.1338281Z Preparing to unpack .../157-libnice10_0.1.21-2build3_amd64.deb ...
verify	Run npx playwright install --with-deps chromium webkit	2026-10-05T04:46:21.1345840Z Unpacking libnice10:amd64 (0.1.21-2build3) ...
verify	Run npx playwright install --with-deps chromium webkit	2026-10-05T04:46:21.1573127Z Selecting previously unselected package libopenal-data.
verify	Run npx playwright install --with-deps chromium webkit	2026-10-05T04:46:21.1701602Z Preparing to unpack .../158-libopenal-data_1%3a1.23.1-4build1_all.deb ...
verify	Run npx playwright install --with-deps chromium webkit	2026-10-05T04:46:21.1708595Z Unpacking libopenal-data (1:1.23.1-4build1) ...
verify	Run npx playwright install --with-deps chromium webkit	2026-10-05T04:46:21.2301789Z Selecting previously unselected package libopenexr-3-1-30:amd64.
verify	Run npx playwright install --with-deps chromium webkit	2026-10-05T04:46:21.2428768Z Preparing to unpack .../159-libopenexr-3-1-30_3.1.5-5.1build3_amd64.deb ...
verify	Run npx playwright install --with-deps chromium webkit	2026-10-05T04:46:21.2436580Z Unpacking libopenexr-3-1-30:amd64 (3.1.5-5.1build3) ...
verify	Run npx playwright install --with-deps chromium webkit	2026-10-05T04:46:21.2808010Z Selecting previously unselected package libopenh264-7:amd64.
verify	Run npx playwright install --with-deps chromium webkit	2026-10-05T04:46:21.2935653Z Preparing to unpack .../160-libopenh264-7_2.4.1+dfsg-1_amd64.deb ...
verify	Run npx playwright install --with-deps chromium webkit	2026-10-05T04:46:21.2943255Z Unpacking libopenh264-7:amd64 (2.4.1+dfsg-1) ...
verify	Run npx playwright install --with-deps chromium webkit	2026-10-05T04:46:21.3204056Z Selecting previously unselected package libopenni2-0:amd64.
verify	Run npx playwright install --with-deps chromium webkit	2026-10-05T04:46:21.3331174Z Preparing to unpack .../161-libopenni2-0_2.2.0.33+dfsg-18_amd64.deb ...
verify	Run npx playwright install --with-deps chromium webkit	2026-10-05T04:46:21.3362698Z Unpacking libopenni2-0:amd64 (2.2.0.33+dfsg-18) ...
verify	Run npx playwright install --with-deps chromium webkit	2026-10-05T04:46:21.3623255Z Selecting previously unselected package libqrencode4:amd64.
verify	Run npx playwright install --with-deps chromium webkit	2026-10-05T04:46:21.3749287Z Preparing to unpack .../162-libqrencode4_4.1.1-1build2_amd64.deb ...
verify	Run npx playwright install --with-deps chromium webkit	2026-10-05T04:46:21.3755778Z Unpacking libqrencode4:amd64 (4.1.1-1build2) ...
verify	Run npx playwright install --with-deps chromium webkit	2026-10-05T04:46:21.3956780Z Selecting previously unselected package libsecret-common.
verify	Run npx playwright install --with-deps chromium webkit	2026-10-05T04:46:21.4083898Z Preparing to unpack .../163-libsecret-common_0.21.4-1build3_all.deb ...
verify	Run npx playwright install --with-deps chromium webkit	2026-10-05T04:46:21.4089953Z Unpacking libsecret-common (0.21.4-1build3) ...
verify	Run npx playwright install --with-deps chromium webkit	2026-10-05T04:46:21.4291758Z Selecting previously unselected package libsecret-1-0:amd64.
verify	Run npx playwright install --with-deps chromium webkit	2026-10-05T04:46:21.4420009Z Preparing to unpack .../164-libsecret-1-0_0.21.4-1build3_amd64.deb ...
verify	Run npx playwright install --with-deps chromium webkit	2026-10-05T04:46:21.4427884Z Unpacking libsecret-1-0:amd64 (0.21.4-1build3) ...
verify	Run npx playwright install --with-deps chromium webkit	2026-10-05T04:46:21.4653476Z Selecting previously unselected package libsndio7.0:amd64.
verify	Run npx playwright install --with-deps chromium webkit	2026-10-05T04:46:21.4784771Z Preparing to unpack .../165-libsndio7.0_1.9.0-0.3build3_amd64.deb ...
verify	Run npx playwright install --with-deps chromium webkit	2026-10-05T04:46:21.4792893Z Unpacking libsndio7.0:amd64 (1.9.0-0.3build3) ...
verify	Run npx playwright install --with-deps chromium webkit	2026-10-05T04:46:21.5012352Z Selecting previously unselected package libsoundtouch1:amd64.
verify	Run npx playwright install --with-deps chromium webkit	2026-10-05T04:46:21.5140798Z Preparing to unpack .../166-libsoundtouch1_2.3.2+ds1-1build1_amd64.deb ...
verify	Run npx playwright install --with-deps chromium webkit	2026-10-05T04:46:21.5148008Z Unpacking libsoundtouch1:amd64 (2.3.2+ds1-1build1) ...
verify	Run npx playwright install --with-deps chromium webkit	2026-10-05T04:46:21.5381705Z Selecting previously unselected package libspandsp2t64:amd64.
verify	Run npx playwright install --with-deps chromium webkit	2026-10-05T04:46:21.5507065Z Preparing to unpack .../167-libspandsp2t64_0.0.6+dfsg-2.1build1_amd64.deb ...
verify	Run npx playwright install --with-deps chromium webkit	2026-10-05T04:46:21.5516513Z Unpacking libspandsp2t64:amd64 (0.0.6+dfsg-2.1build1) ...
verify	Run npx playwright install --with-deps chromium webkit	2026-10-05T04:46:21.5767259Z Selecting previously unselected package libsrtp2-1:amd64.
verify	Run npx playwright install --with-deps chromium webkit	2026-10-05T04:46:21.5896182Z Preparing to unpack .../168-libsrtp2-1_2.5.0-3build1_amd64.deb ...
verify	Run npx playwright install --with-deps chromium webkit	2026-10-05T04:46:21.5905751Z Unpacking libsrtp2-1:amd64 (2.5.0-3build1) ...
verify	Run npx playwright install --with-deps chromium webkit	2026-10-05T04:46:21.6120598Z Selecting previously unselected package libwayland-server0:amd64.
verify	Run npx playwright install --with-deps chromium webkit	2026-10-05T04:46:21.6248607Z Preparing to unpack .../169-libwayland-server0_1.22.0-2.1build1_amd64.deb ...
verify	Run npx playwright install --with-deps chromium webkit	2026-10-05T04:46:21.6257321Z Unpacking libwayland-server0:amd64 (1.22.0-2.1build1) ...
verify	Run npx playwright install --with-deps chromium webkit	2026-10-05T04:46:21.6464020Z Selecting previously unselected package libwildmidi2:amd64.
verify	Run npx playwright install --with-deps chromium webkit	2026-10-05T04:46:21.6589734Z Preparing to unpack .../170-libwildmidi2_0.4.3-1build3_amd64.deb ...
verify	Run npx playwright install --with-deps chromium webkit	2026-10-05T04:46:21.6597446Z Unpacking libwildmidi2:amd64 (0.4.3-1build3) ...
verify	Run npx playwright install --with-deps chromium webkit	2026-10-05T04:46:21.6806320Z Selecting previously unselected package libwoff1:amd64.
verify	Run npx playwright install --with-deps chromium webkit	2026-10-05T04:46:21.6934084Z Preparing to unpack .../171-libwoff1_1.0.2-2build1_amd64.deb ...
verify	Run npx playwright install --with-deps chromium webkit	2026-10-05T04:46:21.6940980Z Unpacking libwoff1:amd64 (1.0.2-2build1) ...
verify	Run npx playwright install --with-deps chromium webkit	2026-10-05T04:46:21.7151792Z Selecting previously unselected package libxcb-xkb1:amd64.
verify	Run npx playwright install --with-deps chromium webkit	2026-10-05T04:46:21.7278302Z Preparing to unpack .../172-libxcb-xkb1_1.15-1ubuntu2_amd64.deb ...
verify	Run npx playwright install --with-deps chromium webkit	2026-10-05T04:46:21.7286673Z Unpacking libxcb-xkb1:amd64 (1.15-1ubuntu2) ...
verify	Run npx playwright install --with-deps chromium webkit	2026-10-05T04:46:21.7492500Z Selecting previously unselected package libxkbcommon-x11-0:amd64.
verify	Run npx playwright install --with-deps chromium webkit	2026-10-05T04:46:21.7617038Z Preparing to unpack .../173-libxkbcommon-x11-0_1.6.0-1build1_amd64.deb ...
verify	Run npx playwright install --with-deps chromium webkit	2026-10-05T04:46:21.7623772Z Unpacking libxkbcommon-x11-0:amd64 (1.6.0-1build1) ...
verify	Run npx playwright install --with-deps chromium webkit	2026-10-05T04:46:21.7829318Z Selecting previously unselected package libzbar0t64:amd64.
verify	Run npx playwright install --with-deps chromium webkit	2026-10-05T04:46:21.7954957Z Preparing to unpack .../174-libzbar0t64_0.23.93-4build3_amd64.deb ...
verify	Run npx playwright install --with-deps chromium webkit	2026-10-05T04:46:21.7964725Z Unpacking libzbar0t64:amd64 (0.23.93-4build3) ...
verify	Run npx playwright install --with-deps chromium webkit	2026-10-05T04:46:21.8198795Z Selecting previously unselected package libzxing3:amd64.
verify	Run npx playwright install --with-deps chromium webkit	2026-10-05T04:46:21.8325680Z Preparing to unpack .../175-libzxing3_2.2.1-3_amd64.deb ...
verify	Run npx playwright install --with-deps chromium webkit	2026-10-05T04:46:21.8336033Z Unpacking libzxing3:amd64 (2.2.1-3) ...
verify	Run npx playwright install --with-deps chromium webkit	2026-10-05T04:46:21.8593538Z Selecting previously unselected package xfonts-encodings.
verify	Run npx playwright install --with-deps chromium webkit	2026-10-05T04:46:21.8720549Z Preparing to unpack .../176-xfonts-encodings_1%3a1.0.5-0ubuntu2_all.deb ...
verify	Run npx playwright install --with-deps chromium webkit	2026-10-05T04:46:21.8728352Z Unpacking xfonts-encodings (1:1.0.5-0ubuntu2) ...
verify	Run npx playwright install --with-deps chromium webkit	2026-10-05T04:46:21.9014075Z Selecting previously unselected package xfonts-utils.
verify	Run npx playwright install --with-deps chromium webkit	2026-10-05T04:46:21.9140026Z Preparing to unpack .../177-xfonts-utils_1%3a7.7+6build3_amd64.deb ...
verify	Run npx playwright install --with-deps chromium webkit	2026-10-05T04:46:21.9148125Z Unpacking xfonts-utils (1:7.7+6build3) ...
verify	Run npx playwright install --with-deps chromium webkit	2026-10-05T04:46:21.9537703Z Selecting previously unselected package xfonts-cyrillic.
verify	Run npx playwright install --with-deps chromium webkit	2026-10-05T04:46:21.9665050Z Preparing to unpack .../178-xfonts-cyrillic_1%3a1.0.5+nmu1_all.deb ...
verify	Run npx playwright install --with-deps chromium webkit	2026-10-05T04:46:21.9671659Z Unpacking xfonts-cyrillic (1:1.0.5+nmu1) ...
verify	Run npx playwright install --with-deps chromium webkit	2026-10-05T04:46:22.0013149Z Selecting previously unselected package xfonts-scalable.
verify	Run npx playwright install --with-deps chromium webkit	2026-10-05T04:46:22.0139781Z Preparing to unpack .../179-xfonts-scalable_1%3a1.0.3-1.3_all.deb ...
verify	Run npx playwright install --with-deps chromium webkit	2026-10-05T04:46:22.0146822Z Unpacking xfonts-scalable (1:1.0.3-1.3) ...
verify	Run npx playwright install --with-deps chromium webkit	2026-10-05T04:46:22.0408036Z Selecting previously unselected package libgstreamer-plugins-bad1.0-0:amd64.
verify	Run npx playwright install --with-deps chromium webkit	2026-10-05T04:46:22.0534828Z Preparing to unpack .../180-libgstreamer-plugins-bad1.0-0_1.24.2-1ubuntu4_amd64.deb ...
verify	Run npx playwright install --with-deps chromium webkit	2026-10-05T04:46:22.0558097Z Unpacking libgstreamer-plugins-bad1.0-0:amd64 (1.24.2-1ubuntu4) ...
verify	Run npx playwright install --with-deps chromium webkit	2026-10-05T04:46:22.0939292Z Selecting previously unselected package libdca0:amd64.
verify	Run npx playwright install --with-deps chromium webkit	2026-10-05T04:46:22.1066461Z Preparing to unpack .../181-libdca0_0.0.7-2build1_amd64.deb ...
verify	Run npx playwright install --with-deps chromium webkit	2026-10-05T04:46:22.1073349Z Unpacking libdca0:amd64 (0.0.7-2build1) ...
verify	Run npx playwright install --with-deps chromium webkit	2026-10-05T04:46:22.1294636Z Selecting previously unselected package libopenal1:amd64.
verify	Run npx playwright install --with-deps chromium webkit	2026-10-05T04:46:22.1421270Z Preparing to unpack .../182-libopenal1_1%3a1.23.1-4build1_amd64.deb ...
verify	Run npx playwright install --with-deps chromium webkit	2026-10-05T04:46:22.1428909Z Unpacking libopenal1:amd64 (1:1.23.1-4build1) ...
verify	Run npx playwright install --with-deps chromium webkit	2026-10-05T04:46:22.1695336Z Selecting previously unselected package libsbc1:amd64.
verify	Run npx playwright install --with-deps chromium webkit	2026-10-05T04:46:22.1823791Z Preparing to unpack .../183-libsbc1_2.0-1build1_amd64.deb ...
verify	Run npx playwright install --with-deps chromium webkit	2026-10-05T04:46:22.1831326Z Unpacking libsbc1:amd64 (2.0-1build1) ...
verify	Run npx playwright install --with-deps chromium webkit	2026-10-05T04:46:22.2050529Z Selecting previously unselected package libvo-aacenc0:amd64.
verify	Run npx playwright install --with-deps chromium webkit	2026-10-05T04:46:22.2177834Z Preparing to unpack .../184-libvo-aacenc0_0.1.3-2build1_amd64.deb ...
verify	Run npx playwright install --with-deps chromium webkit	2026-10-05T04:46:22.2186093Z Unpacking libvo-aacenc0:amd64 (0.1.3-2build1) ...
verify	Run npx playwright install --with-deps chromium webkit	2026-10-05T04:46:22.2407902Z Selecting previously unselected package libvo-amrwbenc0:amd64.
verify	Run npx playwright install --with-deps chromium webkit	2026-10-05T04:46:22.2534535Z Preparing to unpack .../185-libvo-amrwbenc0_0.1.3-2build1_amd64.deb ...
verify	Run npx playwright install --with-deps chromium webkit	2026-10-05T04:46:22.2541698Z Unpacking libvo-amrwbenc0:amd64 (0.1.3-2build1) ...
verify	Run npx playwright install --with-deps chromium webkit	2026-10-05T04:46:22.2760160Z Selecting previously unselected package gstreamer1.0-plugins-bad:amd64.
verify	Run npx playwright install --with-deps chromium webkit	2026-10-05T04:46:22.2887101Z Preparing to unpack .../186-gstreamer1.0-plugins-bad_1.24.2-1ubuntu4_amd64.deb ...
verify	Run npx playwright install --with-deps chromium webkit	2026-10-05T04:46:22.2894047Z Unpacking gstreamer1.0-plugins-bad:amd64 (1.24.2-1ubuntu4) ...
verify	Run npx playwright install --with-deps chromium webkit	2026-10-05T04:46:22.4810996Z Setting up libgme0:amd64 (0.6.3-7build1) ...
verify	Run npx playwright install --with-deps chromium webkit	2026-10-05T04:46:22.4842885Z Setting up libchromaprint1:amd64 (1.5.1-5) ...
verify	Run npx playwright install --with-deps chromium webkit	2026-10-05T04:46:22.4867819Z Setting up libssh-gcrypt-4:amd64 (0.10.6-2ubuntu0.5) ...
verify	Run npx playwright install --with-deps chromium webkit	2026-10-05T04:46:22.4888524Z Setting up libhwy1t64:amd64 (1.0.7-8.1build1) ...
verify	Run npx playwright install --with-deps chromium webkit	2026-10-05T04:46:22.4910512Z Setting up libcairo-script-interpreter2:amd64 (1.18.0-3build1) ...
verify	Run npx playwright install --with-deps chromium webkit	2026-10-05T04:46:22.4927334Z Setting up libfreeaptx0:amd64 (0.1.1-2build1) ...
verify	Run npx playwright install --with-deps chromium webkit	2026-10-05T04:46:22.4948871Z Setting up libdvdread8t64:amd64 (6.1.3-1.1build1) ...
verify	Run npx playwright install --with-deps chromium webkit	2026-10-05T04:46:22.4968240Z Setting up libudfread0:amd64 (1.1.2-1build1) ...
verify	Run npx playwright install --with-deps chromium webkit	2026-10-05T04:46:22.4984150Z Setting up libmodplug1:amd64 (1:0.8.9.0-3build1) ...
verify	Run npx playwright install --with-deps chromium webkit	2026-10-05T04:46:22.5005334Z Setting up libcdparanoia0:amd64 (3.10.2+debian-14build3) ...
verify	Run npx playwright install --with-deps chromium webkit	2026-10-05T04:46:22.5022284Z Setting up libwayland-server0:amd64 (1.22.0-2.1build1) ...
verify	Run npx playwright install --with-deps chromium webkit	2026-10-05T04:46:22.5040795Z Setting up libvo-amrwbenc0:amd64 (0.1.3-2build1) ...
verify	Run npx playwright install --with-deps chromium webkit	2026-10-05T04:46:22.5062782Z Setting up mesa-libgallium:amd64 (25.2.8-0ubuntu0.24.04.4) ...
verify	Run npx playwright install --with-deps chromium webkit	2026-10-05T04:46:22.5079972Z Setting up session-migration (0.3.9build1) ...
verify	Run npx playwright install --with-deps chromium webkit	2026-10-05T04:46:22.6497070Z Created symlink /etc/systemd/user/graphical-session-pre.target.wants/session-migration.service → /usr/lib/systemd/user/session-migration.service.
verify	Run npx playwright install --with-deps chromium webkit	2026-10-05T04:46:22.6498262Z 
verify	Run npx playwright install --with-deps chromium webkit	2026-10-05T04:46:22.6524537Z Setting up libraw1394-11:amd64 (2.1.2-2build3) ...
verify	Run npx playwright install --with-deps chromium webkit	2026-10-05T04:46:22.6544472Z Setting up libsbc1:amd64 (2.0-1build1) ...
verify	Run npx playwright install --with-deps chromium webkit	2026-10-05T04:46:22.6564409Z Setting up libproxy1v5:amd64 (0.5.4-4build1) ...
verify	Run npx playwright install --with-deps chromium webkit	2026-10-05T04:46:22.6584397Z Setting up libneon27t64:amd64 (0.33.0-1.1build3) ...
verify	Run npx playwright install --with-deps chromium webkit	2026-10-05T04:46:22.6601724Z Setting up libtag1v5-vanilla:amd64 (1.13.1-1build1) ...
verify	Run npx playwright install --with-deps chromium webkit	2026-10-05T04:46:22.6618148Z Setting up libharfbuzz-icu0:amd64 (8.3.0-2build2) ...
verify	Run npx playwright install --with-deps chromium webkit	2026-10-05T04:46:22.6637699Z Setting up libopenni2-0:amd64 (2.2.0.33+dfsg-18) ...
verify	Run npx playwright install --with-deps chromium webkit	2026-10-05T04:46:22.6874057Z Setting up libspeex1:amd64 (1.2.1-2ubuntu2.24.04.1) ...
verify	Run npx playwright install --with-deps chromium webkit	2026-10-05T04:46:22.6893412Z Setting up libshine3:amd64 (3.1.1-2build1) ...
verify	Run npx playwright install --with-deps chromium webkit	2026-10-05T04:46:22.6909686Z Setting up libcaca0:amd64 (0.99.beta20-4ubuntu0.2) ...
verify	Run npx playwright install --with-deps chromium webkit	2026-10-05T04:46:22.6932465Z Setting up libvpl2 (2023.3.0-1build1) ...
verify	Run npx playwright install --with-deps chromium webkit	2026-10-05T04:46:22.6949453Z Setting up libv4lconvert0t64:amd64 (1.26.1-4build3) ...
verify	Run npx playwright install --with-deps chromium webkit	2026-10-05T04:46:22.6964996Z Setting up libx264-164:amd64 (2:0.164.3108+git31e19f9-1) ...
verify	Run npx playwright install --with-deps chromium webkit	2026-10-05T04:46:22.6981426Z Setting up libtwolame0:amd64 (0.4.0-2build3) ...
verify	Run npx playwright install --with-deps chromium webkit	2026-10-05T04:46:22.6997600Z Setting up libmbedcrypto7t64:amd64 (2.28.8-1) ...
verify	Run npx playwright install --with-deps chromium webkit	2026-10-05T04:46:22.7017398Z Setting up libwoff1:amd64 (1.0.2-2build1) ...
verify	Run npx playwright install --with-deps chromium webkit	2026-10-05T04:46:22.7033844Z Setting up liblc3-1:amd64 (1.0.4-3build1) ...
verify	Run npx playwright install --with-deps chromium webkit	2026-10-05T04:46:22.7051515Z Setting up libqrencode4:amd64 (4.1.1-1build2) ...
verify	Run npx playwright install --with-deps chromium webkit	2026-10-05T04:46:22.7066807Z Setting up libhyphen0:amd64 (2.8.8-7build3) ...
verify	Run npx playwright install --with-deps chromium webkit	2026-10-05T04:46:22.7085614Z Setting up libgbm1:amd64 (25.2.8-0ubuntu0.24.04.4) ...
verify	Run npx playwright install --with-deps chromium webkit	2026-10-05T04:46:22.7102013Z Setting up libgsm1:amd64 (1.0.22-1build1) ...
verify	Run npx playwright install --with-deps chromium webkit	2026-10-05T04:46:22.7118372Z Setting up libvisual-0.4-0:amd64 (0.4.2-2build1) ...
verify	Run npx playwright install --with-deps chromium webkit	2026-10-05T04:46:22.7136912Z Setting up libsoxr0:amd64 (0.1.3-4build3) ...
verify	Run npx playwright install --with-deps chromium webkit	2026-10-05T04:46:22.7155932Z Setting up libzix-0-0:amd64 (0.4.2-2build1) ...
verify	Run npx playwright install --with-deps chromium webkit	2026-10-05T04:46:22.7181048Z Setting up libcodec2-1.2:amd64 (1.2.0-2build1) ...
verify	Run npx playwright install --with-deps chromium webkit	2026-10-05T04:46:22.7202000Z Setting up libmanette-0.2-0:amd64 (0.2.7-1build2) ...
verify	Run npx playwright install --with-deps chromium webkit	2026-10-05T04:46:22.7218986Z Setting up libsrtp2-1:amd64 (2.5.0-3build1) ...
verify	Run npx playwright install --with-deps chromium webkit	2026-10-05T04:46:22.7236758Z Setting up libgl1-mesa-dri:amd64 (25.2.8-0ubuntu0.24.04.4) ...
verify	Run npx playwright install --with-deps chromium webkit	2026-10-05T04:46:22.7313266Z Setting up libmysofa1:amd64 (1.3.2+dfsg-2ubuntu2) ...
verify	Run npx playwright install --with-deps chromium webkit	2026-10-05T04:46:22.7331756Z Setting up libraptor2-0:amd64 (2.0.16-3ubuntu0.1) ...
verify	Run npx playwright install --with-deps chromium webkit	2026-10-05T04:46:22.7350487Z Setting up libldacbt-enc2:amd64 (2.0.2.3+git20200429+ed310a0-4ubuntu2) ...
verify	Run npx playwright install --with-deps chromium webkit	2026-10-05T04:46:22.7368798Z Setting up fonts-wqy-zenhei (0.9.45-8) ...
verify	Run npx playwright install --with-deps chromium webkit	2026-10-05T04:46:22.7502027Z Setting up libwebrtc-audio-processing1:amd64 (0.3.1-0ubuntu6) ...
verify	Run npx playwright install --with-deps chromium webkit	2026-10-05T04:46:22.7520534Z Setting up fonts-freefont-ttf (20211204+svn4273-2) ...
verify	Run npx playwright install --with-deps chromium webkit	2026-10-05T04:46:22.7538492Z Setting up libevent-2.1-7t64:amd64 (2.1.12-stable-9ubuntu2.2) ...
verify	Run npx playwright install --with-deps chromium webkit	2026-10-05T04:46:22.7560106Z Setting up libsvtav1enc1d1:amd64 (1.7.0+dfsg-2build1) ...
verify	Run npx playwright install --with-deps chromium webkit	2026-10-05T04:46:22.7578458Z Setting up libsoup-3.0-common (3.4.4-5ubuntu0.8) ...
verify	Run npx playwright install --with-deps chromium webkit	2026-10-05T04:46:22.7597330Z Setting up libmpg123-0t64:amd64 (1.32.5-1ubuntu1.1) ...
verify	Run npx playwright install --with-deps chromium webkit	2026-10-05T04:46:22.7616830Z Setting up libcjson1:amd64 (1.7.17-1) ...
verify	Run npx playwright install --with-deps chromium webkit	2026-10-05T04:46:22.7634456Z Setting up libxvidcore4:amd64 (2:1.3.7-1build1) ...
verify	Run npx playwright install --with-deps chromium webkit	2026-10-05T04:46:22.7656771Z Setting up libmpcdec6:amd64 (2:0.1~r495-2build1) ...
verify	Run npx playwright install --with-deps chromium webkit	2026-10-05T04:46:22.7674573Z Setting up libmjpegutils-2.1-0t64:amd64 (1:2.1.0+debian-8.1build1) ...
verify	Run npx playwright install --with-deps chromium webkit	2026-10-05T04:46:22.7693398Z Setting up librav1e0:amd64 (0.7.1-2) ...
verify	Run npx playwright install --with-deps chromium webkit	2026-10-05T04:46:22.7711908Z Setting up liborc-0.4-0t64:amd64 (1:0.4.38-1ubuntu0.1) ...
verify	Run npx playwright install --with-deps chromium webkit	2026-10-05T04:46:22.7729847Z Setting up libxcb-xkb1:amd64 (1.15-1ubuntu2) ...
verify	Run npx playwright install --with-deps chromium webkit	2026-10-05T04:46:22.7750684Z Setting up libvo-aacenc0:amd64 (0.1.3-2build1) ...
verify	Run npx playwright install --with-deps chromium webkit	2026-10-05T04:46:22.7768957Z Setting up librist4:amd64 (0.2.10+dfsg-2) ...
verify	Run npx playwright install --with-deps chromium webkit	2026-10-05T04:46:22.7792832Z Setting up librsvg2-2:amd64 (2.58.0+dfsg-1build1) ...
verify	Run npx playwright install --with-deps chromium webkit	2026-10-05T04:46:22.7814272Z Setting up libblas3:amd64 (3.12.0-3build1.1) ...
verify	Run npx playwright install --with-deps chromium webkit	2026-10-05T04:46:22.7874455Z update-alternatives: using /usr/lib/x86_64-linux-gnu/blas/libblas.so.3 to provide /usr/lib/x86_64-linux-gnu/libblas.so.3 (libblas.so.3-x86_64-linux-gnu) in auto mode
verify	Run npx playwright install --with-deps chromium webkit	2026-10-05T04:46:22.7891512Z Setting up libegl-mesa0:amd64 (25.2.8-0ubuntu0.24.04.4) ...
verify	Run npx playwright install --with-deps chromium webkit	2026-10-05T04:46:22.7911761Z Setting up libsoundtouch1:amd64 (2.3.2+ds1-1build1) ...
verify	Run npx playwright install --with-deps chromium webkit	2026-10-05T04:46:22.7929445Z Setting up libplacebo338:amd64 (6.338.2-2build1) ...
verify	Run npx playwright install --with-deps chromium webkit	2026-10-05T04:46:22.7950370Z Setting up libgles2:amd64 (1.7.0-1build1) ...
verify	Run npx playwright install --with-deps chromium webkit	2026-10-05T04:46:22.7970937Z Setting up fonts-tlwg-loma-otf (1:0.7.3-1) ...
verify	Run npx playwright install --with-deps chromium webkit	2026-10-05T04:46:22.7993076Z Setting up libva2:amd64 (2.20.0-2ubuntu0.2) ...
verify	Run npx playwright install --with-deps chromium webkit	2026-10-05T04:46:22.8014667Z Setting up libspa-0.2-modules:amd64 (1.0.5-1ubuntu3.3) ...
verify	Run npx playwright install --with-deps chromium webkit	2026-10-05T04:46:22.8032205Z Setting up libzxing3:amd64 (2.2.1-3) ...
verify	Run npx playwright install --with-deps chromium webkit	2026-10-05T04:46:22.8052589Z Setting up xfonts-encodings (1:1.0.5-0ubuntu2) ...
verify	Run npx playwright install --with-deps chromium webkit	2026-10-05T04:46:22.8071348Z Setting up libopus0:amd64 (1.4-1build1) ...
verify	Run npx playwright install --with-deps chromium webkit	2026-10-05T04:46:22.8090260Z Setting up libfaad2:amd64 (2.11.1-1build1) ...
verify	Run npx playwright install --with-deps chromium webkit	2026-10-05T04:46:22.8106889Z Setting up libxkbcommon-x11-0:amd64 (1.6.0-1build1) ...
verify	Run npx playwright install --with-deps chromium webkit	2026-10-05T04:46:22.8128078Z Setting up libdc1394-25:amd64 (2.2.6-4build1) ...
verify	Run npx playwright install --with-deps chromium webkit	2026-10-05T04:46:22.8149756Z Setting up libimath-3-1-29t64:amd64 (3.1.9-3.1ubuntu2) ...
verify	Run npx playwright install --with-deps chromium webkit	2026-10-05T04:46:22.8167790Z Setting up libunibreak5:amd64 (5.1-2build1) ...
verify	Run npx playwright install --with-deps chromium webkit	2026-10-05T04:46:22.8185739Z Setting up libdv4t64:amd64 (1.0.0-17.1build1) ...
verify	Run npx playwright install --with-deps chromium webkit	2026-10-05T04:46:22.8206970Z Setting up libjxl0.7:amd64 (0.7.0-10.2ubuntu6.1) ...
verify	Run npx playwright install --with-deps chromium webkit	2026-10-05T04:46:22.8225916Z Setting up libopenh264-7:amd64 (2.4.1+dfsg-1) ...
verify	Run npx playwright install --with-deps chromium webkit	2026-10-05T04:46:22.8246800Z Setting up libltc11:amd64 (1.3.2-1build1) ...
verify	Run npx playwright install --with-deps chromium webkit	2026-10-05T04:46:22.8267462Z Setting up libx265-199:amd64 (3.5-2build1) ...
verify	Run npx playwright install --with-deps chromium webkit	2026-10-05T04:46:22.8533847Z Setting up libv4l-0t64:amd64 (1.26.1-4build3) ...
verify	Run npx playwright install --with-deps chromium webkit	2026-10-05T04:46:22.8551388Z Setting up libavtp0:amd64 (0.2.0-1build1) ...
verify	Run npx playwright install --with-deps chromium webkit	2026-10-05T04:46:22.8572860Z Setting up libsndio7.0:amd64 (1.9.0-0.3build3) ...
verify	Run npx playwright install --with-deps chromium webkit	2026-10-05T04:46:22.8619923Z Setting up libdirectfb-1.7-7t64:amd64 (1.7.7-11.1ubuntu2) ...
verify	Run npx playwright install --with-deps chromium webkit	2026-10-05T04:46:22.8638072Z Setting up libspandsp2t64:amd64 (0.0.6+dfsg-2.1build1) ...
verify	Run npx playwright install --with-deps chromium webkit	2026-10-05T04:46:22.8658924Z Setting up libvidstab1.1:amd64 (1.1.0-2build1) ...
verify	Run npx playwright install --with-deps chromium webkit	2026-10-05T04:46:22.8681518Z Setting up libvpx9:amd64 (1.14.0-1ubuntu2.3) ...
verify	Run npx playwright install --with-deps chromium webkit	2026-10-05T04:46:22.8699505Z Setting up libsrt1.5-gnutls:amd64 (1.5.3-1build2) ...
verify	Run npx playwright install --with-deps chromium webkit	2026-10-05T04:46:22.8719608Z Setting up libtag1v5:amd64 (1.13.1-1build1) ...
verify	Run npx playwright install --with-deps chromium webkit	2026-10-05T04:46:22.8736960Z Setting up libflite1:amd64 (2.2-6build3) ...
verify	Run npx playwright install --with-deps chromium webkit	2026-10-05T04:46:22.8756277Z Setting up libdav1d7:amd64 (1.4.1-1build1) ...
verify	Run npx playwright install --with-deps chromium webkit	2026-10-05T04:46:22.8774512Z Setting up libva-drm2:amd64 (2.20.0-2ubuntu0.2) ...
verify	Run npx playwright install --with-deps chromium webkit	2026-10-05T04:46:22.8791249Z Setting up fonts-ipafont-gothic (00303-21ubuntu1) ...
verify	Run npx playwright install --with-deps chromium webkit	2026-10-05T04:46:22.8860586Z update-alternatives: using /usr/share/fonts/opentype/ipafont-gothic/ipag.ttf to provide /usr/share/fonts/truetype/fonts-japanese-gothic.ttf (fonts-japanese-gothic.ttf) in auto mode
verify	Run npx playwright install --with-deps chromium webkit	2026-10-05T04:46:22.8877662Z Setting up ocl-icd-libopencl1:amd64 (2.3.2-1build1) ...
verify	Run npx playwright install --with-deps chromium webkit	2026-10-05T04:46:22.8896079Z Setting up libasyncns0:amd64 (0.8-6build4) ...
verify	Run npx playwright install --with-deps chromium webkit	2026-10-05T04:46:22.8918063Z Setting up libwildmidi2:amd64 (0.4.3-1build3) ...
verify	Run npx playwright install --with-deps chromium webkit	2026-10-05T04:46:22.8934266Z Setting up libvdpau1:amd64 (1.5-2build1) ...
verify	Run npx playwright install --with-deps chromium webkit	2026-10-05T04:46:22.8959547Z Setting up libwavpack1:amd64 (5.6.0-1build1) ...
verify	Run npx playwright install --with-deps chromium webkit	2026-10-05T04:46:22.8978139Z Setting up libbs2b0:amd64 (3.1.0+dfsg-7build1) ...
verify	Run npx playwright install --with-deps chromium webkit	2026-10-05T04:46:22.8997053Z Setting up libtheora0:amd64 (1.1.1+dfsg.1-16.1build3) ...
verify	Run npx playwright install --with-deps chromium webkit	2026-10-05T04:46:22.9016222Z Setting up libegl1:amd64 (1.7.0-1build1) ...
verify	Run npx playwright install --with-deps chromium webkit	2026-10-05T04:46:22.9033494Z Setting up libdecor-0-0:amd64 (0.2.2-1build2) ...
verify	Run npx playwright install --with-deps chromium webkit	2026-10-05T04:46:22.9057230Z Setting up libdca0:amd64 (0.0.7-2build1) ...
verify	Run npx playwright install --with-deps chromium webkit	2026-10-05T04:46:22.9075132Z Setting up libzimg2:amd64 (3.0.5+ds1-1build1) ...
verify	Run npx playwright install --with-deps chromium webkit	2026-10-05T04:46:22.9096317Z Setting up libopenal-data (1:1.23.1-4build1) ...
verify	Run npx playwright install --with-deps chromium webkit	2026-10-05T04:46:22.9121664Z Setting up libevent-core-2.1-7t64:amd64 (2.1.12-stable-9ubuntu2.2) ...
verify	Run npx playwright install --with-deps chromium webkit	2026-10-05T04:46:22.9141910Z Setting up libabsl20220623t64:amd64 (20220623.1-3.1ubuntu3.2) ...
verify	Run npx playwright install --with-deps chromium webkit	2026-10-05T04:46:22.9161837Z Setting up libflac12t64:amd64 (1.4.3+ds-2.1ubuntu2) ...
verify	Run npx playwright install --with-deps chromium webkit	2026-10-05T04:46:22.9180673Z Setting up libgtk-4-common (4.14.5+ds-0ubuntu0.10) ...
verify	Run npx playwright install --with-deps chromium webkit	2026-10-05T04:46:22.9202203Z Setting up libmpeg2encpp-2.1-0t64:amd64 (1:2.1.0+debian-8.1build1) ...
verify	Run npx playwright install --with-deps chromium webkit	2026-10-05T04:46:22.9224151Z Setting up glib-networking-common (2.80.0-1build1) ...
verify	Run npx playwright install --with-deps chromium webkit	2026-10-05T04:46:22.9241352Z Setting up libmfx1:amd64 (22.5.4-1) ...
verify	Run npx playwright install --with-deps chromium webkit	2026-10-05T04:46:22.9261819Z Setting up libbluray2:amd64 (1:1.3.4-1build1) ...
verify	Run npx playwright install --with-deps chromium webkit	2026-10-05T04:46:22.9279802Z Setting up libde265-0:amd64 (1.0.15-1ubuntu0.1) ...
verify	Run npx playwright install --with-deps chromium webkit	2026-10-05T04:46:22.9302176Z Setting up libsamplerate0:amd64 (0.2.2-4build1) ...
verify	Run npx playwright install --with-deps chromium webkit	2026-10-05T04:46:22.9323002Z Setting up timgm6mb-soundfont (1.3-5) ...
verify	Run npx playwright install --with-deps chromium webkit	2026-10-05T04:46:22.9404702Z update-alternatives: using /usr/share/sounds/sf2/TimGM6mb.sf2 to provide /usr/share/sounds/sf2/default-GM.sf2 (default-GM.sf2) in auto mode
verify	Run npx playwright install --with-deps chromium webkit	2026-10-05T04:46:22.9449548Z update-alternatives: using /usr/share/sounds/sf2/TimGM6mb.sf2 to provide /usr/share/sounds/sf3/default-GM.sf3 (default-GM.sf3) in auto mode
verify	Run npx playwright install --with-deps chromium webkit	2026-10-05T04:46:22.9466728Z Setting up libva-x11-2:amd64 (2.20.0-2ubuntu0.2) ...
verify	Run npx playwright install --with-deps chromium webkit	2026-10-05T04:46:22.9484986Z Setting up libyuv0:amd64 (0.0~git202401110.af6ac82-1) ...
verify	Run npx playwright install --with-deps chromium webkit	2026-10-05T04:46:22.9507110Z Setting up libmplex2-2.1-0t64:amd64 (1:2.1.0+debian-8.1build1) ...
verify	Run npx playwright install --with-deps chromium webkit	2026-10-05T04:46:22.9527044Z Setting up libpipewire-0.3-0t64:amd64 (1.0.5-1ubuntu3.3) ...
verify	Run npx playwright install --with-deps chromium webkit	2026-10-05T04:46:22.9547098Z Setting up libopenmpt0t64:amd64 (0.7.3-1.1build3) ...
verify	Run npx playwright install --with-deps chromium webkit	2026-10-05T04:46:22.9568300Z Setting up libzvbi-common (0.2.42-2) ...
verify	Run npx playwright install --with-deps chromium webkit	2026-10-05T04:46:22.9585474Z Setting up libsecret-common (0.21.4-1build3) ...
verify	Run npx playwright install --with-deps chromium webkit	2026-10-05T04:46:22.9602585Z Setting up libmp3lame0:amd64 (3.100-6build1) ...
verify	Run npx playwright install --with-deps chromium webkit	2026-10-05T04:46:22.9621409Z Setting up libgraphene-1.0-0:amd64 (1.10.8-3build2) ...
verify	Run npx playwright install --with-deps chromium webkit	2026-10-05T04:46:22.9637730Z Setting up libvorbisenc2:amd64 (1.3.7-1build3) ...
verify	Run npx playwright install --with-deps chromium webkit	2026-10-05T04:46:22.9658140Z Setting up libdvdnav4:amd64 (6.1.1-3build1) ...
verify	Run npx playwright install --with-deps chromium webkit	2026-10-05T04:46:22.9674169Z Setting up fonts-unifont (1:15.1.01-1build1) ...
verify	Run npx playwright install --with-deps chromium webkit	2026-10-05T04:46:22.9692945Z Setting up libaa1:amd64 (1.4p5-51.1) ...
verify	Run npx playwright install --with-deps chromium webkit	2026-10-05T04:46:22.9727148Z Setting up libiec61883-0:amd64 (1.2.0-6build1) ...
verify	Run npx playwright install --with-deps chromium webkit	2026-10-05T04:46:22.9744547Z Setting up libserd-0-0:amd64 (0.32.2-1) ...
verify	Run npx playwright install --with-deps chromium webkit	2026-10-05T04:46:22.9762906Z Setting up libavc1394-0:amd64 (0.5.4-5build3) ...
verify	Run npx playwright install --with-deps chromium webkit	2026-10-05T04:46:22.9781193Z Setting up gsettings-desktop-schemas (46.1-0ubuntu1) ...
verify	Run npx playwright install --with-deps chromium webkit	2026-10-05T04:46:22.9803175Z Setting up glib-networking-services (2.80.0-1build1) ...
verify	Run npx playwright install --with-deps chromium webkit	2026-10-05T04:46:22.9819822Z Setting up liblapack3:amd64 (3.12.0-3build1.1) ...
verify	Run npx playwright install --with-deps chromium webkit	2026-10-05T04:46:22.9880752Z update-alternatives: using /usr/lib/x86_64-linux-gnu/lapack/liblapack.so.3 to provide /usr/lib/x86_64-linux-gnu/liblapack.so.3 (liblapack.so.3-x86_64-linux-gnu) in auto mode
verify	Run npx playwright install --with-deps chromium webkit	2026-10-05T04:46:22.9899022Z Setting up libglx-mesa0:amd64 (25.2.8-0ubuntu0.24.04.4) ...
verify	Run npx playwright install --with-deps chromium webkit	2026-10-05T04:46:22.9915558Z Setting up libzvbi0t64:amd64 (0.2.42-2) ...
verify	Run npx playwright install --with-deps chromium webkit	2026-10-05T04:46:22.9935934Z Setting up libevent-pthreads-2.1-7t64:amd64 (2.1.12-stable-9ubuntu2.2) ...
verify	Run npx playwright install --with-deps chromium webkit	2026-10-05T04:46:22.9953130Z Setting up liblrdf0:amd64 (0.6.1-4build1) ...
verify	Run npx playwright install --with-deps chromium webkit	2026-10-05T04:46:22.9970190Z Setting up libzbar0t64:amd64 (0.23.93-4build3) ...
verify	Run npx playwright install --with-deps chromium webkit	2026-10-05T04:46:22.9989780Z Setting up libgstreamer-plugins-base1.0-0:amd64 (1.24.2-1ubuntu0.5) ...
verify	Run npx playwright install --with-deps chromium webkit	2026-10-05T04:46:23.0006962Z Setting up libavutil58:amd64 (7:6.1.1-3ubuntu5) ...
verify	Run npx playwright install --with-deps chromium webkit	2026-10-05T04:46:23.0026816Z Setting up libopenal1:amd64 (1:1.23.1-4build1) ...
verify	Run npx playwright install --with-deps chromium webkit	2026-10-05T04:46:23.0046026Z Setting up xfonts-utils (1:7.7+6build3) ...
verify	Run npx playwright install --with-deps chromium webkit	2026-10-05T04:46:23.0088451Z Setting up libsecret-1-0:amd64 (0.21.4-1build3) ...
verify	Run npx playwright install --with-deps chromium webkit	2026-10-05T04:46:23.0108649Z Setting up libgstreamer-plugins-good1.0-0:amd64 (1.24.2-1ubuntu1.8) ...
verify	Run npx playwright install --with-deps chromium webkit	2026-10-05T04:46:23.0128227Z Setting up libgstreamer-gl1.0-0:amd64 (1.24.2-1ubuntu0.5) ...
verify	Run npx playwright install --with-deps chromium webkit	2026-10-05T04:46:23.0145107Z Setting up gstreamer1.0-plugins-base:amd64 (1.24.2-1ubuntu0.5) ...
verify	Run npx playwright install --with-deps chromium webkit	2026-10-05T04:46:23.0163610Z Setting up libass9:amd64 (1:0.17.1-2build1) ...
verify	Run npx playwright install --with-deps chromium webkit	2026-10-05T04:46:23.0188374Z Setting up libswresample4:amd64 (7:6.1.1-3ubuntu5) ...
verify	Run npx playwright install --with-deps chromium webkit	2026-10-05T04:46:23.0208330Z Setting up libopenexr-3-1-30:amd64 (3.1.5-5.1build3) ...
verify	Run npx playwright install --with-deps chromium webkit	2026-10-05T04:46:23.0227474Z Setting up libshout3:amd64 (2.4.6-1build2) ...
verify	Run npx playwright install --with-deps chromium webkit	2026-10-05T04:46:23.0245614Z Setting up libgav1-1:amd64 (0.18.0-1build3) ...
verify	Run npx playwright install --with-deps chromium webkit	2026-10-05T04:46:23.0267475Z Setting up libavcodec60:amd64 (7:6.1.1-3ubuntu5) ...
verify	Run npx playwright install --with-deps chromium webkit	2026-10-05T04:46:23.0286159Z Setting up librubberband2:amd64 (3.3.0+dfsg-2build1) ...
verify	Run npx playwright install --with-deps chromium webkit	2026-10-05T04:46:23.0305494Z Setting up libjack-jackd2-0:amd64 (1.9.21~dfsg-3ubuntu3) ...
verify	Run npx playwright install --with-deps chromium webkit	2026-10-05T04:46:23.0324676Z Setting up libsord-0-0:amd64 (0.16.16-2build1) ...
verify	Run npx playwright install --with-deps chromium webkit	2026-10-05T04:46:23.0349289Z Setting up xfonts-cyrillic (1:1.0.5+nmu1) ...
verify	Run npx playwright install --with-deps chromium webkit	2026-10-05T04:46:23.0733828Z Setting up libpostproc57:amd64 (7:6.1.1-3ubuntu5) ...
verify	Run npx playwright install --with-deps chromium webkit	2026-10-05T04:46:23.0761577Z Setting up libsratom-0-0:amd64 (0.6.16-1build1) ...
verify	Run npx playwright install --with-deps chromium webkit	2026-10-05T04:46:23.0816487Z Setting up libsndfile1:amd64 (1.2.2-1ubuntu5.24.04.1) ...
verify	Run npx playwright install --with-deps chromium webkit	2026-10-05T04:46:23.0896319Z Setting up liblilv-0-0:amd64 (0.24.22-1build1) ...
verify	Run npx playwright install --with-deps chromium webkit	2026-10-05T04:46:23.1210664Z Setting up libinstpatch-1.0-2:amd64 (1.1.6-1build2) ...
verify	Run npx playwright install --with-deps chromium webkit	2026-10-05T04:46:23.1233766Z Setting up xfonts-scalable (1:1.0.3-1.3) ...
verify	Run npx playwright install --with-deps chromium webkit	2026-10-05T04:46:23.1514528Z Setting up libswscale7:amd64 (7:6.1.1-3ubuntu5) ...
verify	Run npx playwright install --with-deps chromium webkit	2026-10-05T04:46:23.1529917Z Setting up libavif16:amd64 (1.0.4-1ubuntu3) ...
verify	Run npx playwright install --with-deps chromium webkit	2026-10-05T04:46:23.1549952Z Setting up libpulse0:amd64 (1:16.1+dfsg1-2ubuntu10.1) ...
verify	Run npx playwright install --with-deps chromium webkit	2026-10-05T04:46:23.1614576Z Setting up libavformat60:amd64 (7:6.1.1-3ubuntu5) ...
verify	Run npx playwright install --with-deps chromium webkit	2026-10-05T04:46:23.1641100Z Setting up libsphinxbase3t64:amd64 (0.8+5prealpha+1-17build2) ...
verify	Run npx playwright install --with-deps chromium webkit	2026-10-05T04:46:23.1667988Z Setting up libsdl2-2.0-0:amd64 (2.30.0+dfsg-1ubuntu3.1) ...
verify	Run npx playwright install --with-deps chromium webkit	2026-10-05T04:46:23.1686404Z Setting up libfluidsynth3:amd64 (2.3.4-1build3) ...
verify	Run npx playwright install --with-deps chromium webkit	2026-10-05T04:46:23.1707088Z Setting up libpocketsphinx3:amd64 (0.8.0+real5prealpha+1-15ubuntu5) ...
verify	Run npx playwright install --with-deps chromium webkit	2026-10-05T04:46:23.1726837Z Setting up libavfilter9:amd64 (7:6.1.1-3ubuntu5) ...
verify	Run npx playwright install --with-deps chromium webkit	2026-10-05T04:46:23.1750762Z Setting up gstreamer1.0-libav:amd64 (1.24.1-1build1) ...
verify	Run npx playwright install --with-deps chromium webkit	2026-10-05T04:46:23.3100503Z Processing triggers for fontconfig (2.15.0-1.1ubuntu2) ...
verify	Run npx playwright install --with-deps chromium webkit	2026-10-05T04:46:23.4879413Z Processing triggers for libc-bin (2.39-0ubuntu8.9) ...
verify	Run npx playwright install --with-deps chromium webkit	2026-10-05T04:46:23.5552230Z Processing triggers for man-db (2.12.0-4build2) ...
verify	Run npx playwright install --with-deps chromium webkit	2026-10-05T04:46:23.5577672Z Not building database; man-db/auto-update is not 'true'.
verify	Run npx playwright install --with-deps chromium webkit	2026-10-05T04:46:23.5606826Z Processing triggers for libglib2.0-0t64:amd64 (2.80.0-6ubuntu3.9) ...
verify	Run npx playwright install --with-deps chromium webkit	2026-10-05T04:46:23.6093556Z Setting up libgtk-4-1:amd64 (4.14.5+ds-0ubuntu0.10) ...
verify	Run npx playwright install --with-deps chromium webkit	2026-10-05T04:46:24.3315938Z Setting up glib-networking:amd64 (2.80.0-1build1) ...
verify	Run npx playwright install --with-deps chromium webkit	2026-10-05T04:46:24.3357462Z Setting up libsoup-3.0-0:amd64 (3.4.4-5ubuntu0.8) ...
verify	Run npx playwright install --with-deps chromium webkit	2026-10-05T04:46:24.3386168Z Setting up libgssdp-1.6-0:amd64 (1.6.3-1build3) ...
verify	Run npx playwright install --with-deps chromium webkit	2026-10-05T04:46:24.3463519Z Setting up gstreamer1.0-plugins-good:amd64 (1.24.2-1ubuntu1.8) ...
verify	Run npx playwright install --with-deps chromium webkit	2026-10-05T04:46:24.3496257Z Setting up libgupnp-1.6-0:amd64 (1.6.6-1build3) ...
verify	Run npx playwright install --with-deps chromium webkit	2026-10-05T04:46:24.3557138Z Setting up libgupnp-igd-1.6-0:amd64 (1.6.0-3build3) ...
verify	Run npx playwright install --with-deps chromium webkit	2026-10-05T04:46:24.3603222Z Setting up libnice10:amd64 (0.1.21-2build3) ...
verify	Run npx playwright install --with-deps chromium webkit	2026-10-05T04:46:24.3651425Z Setting up libgstreamer-plugins-bad1.0-0:amd64 (1.24.2-1ubuntu4) ...
verify	Run npx playwright install --with-deps chromium webkit	2026-10-05T04:46:24.3694281Z Setting up gstreamer1.0-plugins-bad:amd64 (1.24.2-1ubuntu4) ...
verify	Run npx playwright install --with-deps chromium webkit	2026-10-05T04:46:24.3730862Z Processing triggers for libc-bin (2.39-0ubuntu8.9) ...
verify	Run npx playwright install --with-deps chromium webkit	2026-10-05T04:46:25.0242100Z 
verify	Run npx playwright install --with-deps chromium webkit	2026-10-05T04:46:25.0243138Z Running kernel seems to be up-to-date.
verify	Run npx playwright install --with-deps chromium webkit	2026-10-05T04:46:25.0244030Z 
verify	Run npx playwright install --with-deps chromium webkit	2026-10-05T04:46:25.0256583Z No services need to be restarted.
verify	Run npx playwright install --with-deps chromium webkit	2026-10-05T04:46:25.0256973Z 
verify	Run npx playwright install --with-deps chromium webkit	2026-10-05T04:46:25.0257249Z No containers need to be restarted.
verify	Run npx playwright install --with-deps chromium webkit	2026-10-05T04:46:25.0257565Z 
verify	Run npx playwright install --with-deps chromium webkit	2026-10-05T04:46:25.0257851Z No user sessions are running outdated binaries.
verify	Run npx playwright install --with-deps chromium webkit	2026-10-05T04:46:25.0258542Z 
verify	Run npx playwright install --with-deps chromium webkit	2026-10-05T04:46:25.0259032Z No VM guests are running outdated hypervisor (qemu) binaries on this host.
verify	Run npx playwright install --with-deps chromium webkit	2026-10-05T04:46:26.0175415Z Downloading Chrome for Testing 149.0.7827.55 (playwright chromium v1228) from https://cdn.playwright.dev/builds/cft/149.0.7827.55/linux64/chrome-linux64.zip
verify	Run npx playwright install --with-deps chromium webkit	2026-10-05T04:46:27.0211246Z |                                                                                |   0% of 177 MiB
verify	Run npx playwright install --with-deps chromium webkit	2026-10-05T04:46:27.1857155Z |■■■■■■■■                                                                        |  10% of 177 MiB
verify	Run npx playwright install --with-deps chromium webkit	2026-10-05T04:46:27.2838481Z |■■■■■■■■■■■■■■■■                                                                |  20% of 177 MiB
verify	Run npx playwright install --with-deps chromium webkit	2026-10-05T04:46:27.3797065Z |■■■■■■■■■■■■■■■■■■■■■■■■                                                        |  30% of 177 MiB
verify	Run npx playwright install --with-deps chromium webkit	2026-10-05T04:46:27.4882541Z |■■■■■■■■■■■■■■■■■■■■■■■■■■■■■■■■                                                |  40% of 177 MiB
verify	Run npx playwright install --with-deps chromium webkit	2026-10-05T04:46:27.5590917Z |■■■■■■■■■■■■■■■■■■■■■■■■■■■■■■■■■■■■■■■■                                        |  50% of 177 MiB
verify	Run npx playwright install --with-deps chromium webkit	2026-10-05T04:46:27.6561895Z |■■■■■■■■■■■■■■■■■■■■■■■■■■■■■■■■■■■■■■■■■■■■■■■■                                |  60% of 177 MiB
verify	Run npx playwright install --with-deps chromium webkit	2026-10-05T04:46:27.7330726Z |■■■■■■■■■■■■■■■■■■■■■■■■■■■■■■■■■■■■■■■■■■■■■■■■■■■■■■■■                        |  70% of 177 MiB
verify	Run npx playwright install --with-deps chromium webkit	2026-10-05T04:46:27.8416148Z |■■■■■■■■■■■■■■■■■■■■■■■■■■■■■■■■■■■■■■■■■■■■■■■■■■■■■■■■■■■■■■■■                |  80% of 177 MiB
verify	Run npx playwright install --with-deps chromium webkit	2026-10-05T04:46:27.9557318Z |■■■■■■■■■■■■■■■■■■■■■■■■■■■■■■■■■■■■■■■■■■■■■■■■■■■■■■■■■■■■■■■■■■■■■■■■        |  90% of 177 MiB
verify	Run npx playwright install --with-deps chromium webkit	2026-10-05T04:46:28.0611010Z |■■■■■■■■■■■■■■■■■■■■■■■■■■■■■■■■■■■■■■■■■■■■■■■■■■■■■■■■■■■■■■■■■■■■■■■■■■■■■■■■| 100% of 177 MiB
verify	Run npx playwright install --with-deps chromium webkit	2026-10-05T04:46:31.1861054Z Chrome for Testing 149.0.7827.55 (playwright chromium v1228) downloaded to /home/runner/.cache/ms-playwright/chromium-1228
verify	Run npx playwright install --with-deps chromium webkit	2026-10-05T04:46:31.1866137Z Downloading FFmpeg (playwright ffmpeg v1011) from https://cdn.playwright.dev/dbazure/download/playwright/builds/ffmpeg/1011/ffmpeg-linux.zip
verify	Run npx playwright install --with-deps chromium webkit	2026-10-05T04:46:32.1662416Z |                                                                                |   0% of 2.3 MiB
verify	Run npx playwright install --with-deps chromium webkit	2026-10-05T04:46:32.1815349Z |■■■■■■■■                                                                        |  10% of 2.3 MiB
verify	Run npx playwright install --with-deps chromium webkit	2026-10-05T04:46:32.1870565Z |■■■■■■■■■■■■■■■■                                                                |  20% of 2.3 MiB
verify	Run npx playwright install --with-deps chromium webkit	2026-10-05T04:46:32.1916699Z |■■■■■■■■■■■■■■■■■■■■■■■■                                                        |  30% of 2.3 MiB
verify	Run npx playwright install --with-deps chromium webkit	2026-10-05T04:46:32.1954991Z |■■■■■■■■■■■■■■■■■■■■■■■■■■■■■■■■                                                |  40% of 2.3 MiB
verify	Run npx playwright install --with-deps chromium webkit	2026-10-05T04:46:32.1975788Z |■■■■■■■■■■■■■■■■■■■■■■■■■■■■■■■■■■■■■■■■                                        |  50% of 2.3 MiB
verify	Run npx playwright install --with-deps chromium webkit	2026-10-05T04:46:32.2009808Z |■■■■■■■■■■■■■■■■■■■■■■■■■■■■■■■■■■■■■■■■■■■■■■■■                                |  60% of 2.3 MiB
verify	Run npx playwright install --with-deps chromium webkit	2026-10-05T04:46:32.2033102Z |■■■■■■■■■■■■■■■■■■■■■■■■■■■■■■■■■■■■■■■■■■■■■■■■■■■■■■■■                        |  70% of 2.3 MiB
verify	Run npx playwright install --with-deps chromium webkit	2026-10-05T04:46:32.2047081Z |■■■■■■■■■■■■■■■■■■■■■■■■■■■■■■■■■■■■■■■■■■■■■■■■■■■■■■■■■■■■■■■■                |  80% of 2.3 MiB
verify	Run npx playwright install --with-deps chromium webkit	2026-10-05T04:46:32.2061608Z |■■■■■■■■■■■■■■■■■■■■■■■■■■■■■■■■■■■■■■■■■■■■■■■■■■■■■■■■■■■■■■■■■■■■■■■■        |  90% of 2.3 MiB
verify	Run npx playwright install --with-deps chromium webkit	2026-10-05T04:46:32.2078026Z |■■■■■■■■■■■■■■■■■■■■■■■■■■■■■■■■■■■■■■■■■■■■■■■■■■■■■■■■■■■■■■■■■■■■■■■■■■■■■■■■| 100% of 2.3 MiB
verify	Run npx playwright install --with-deps chromium webkit	2026-10-05T04:46:32.2704252Z FFmpeg (playwright ffmpeg v1011) downloaded to /home/runner/.cache/ms-playwright/ffmpeg-1011
verify	Run npx playwright install --with-deps chromium webkit	2026-10-05T04:46:32.2707571Z Downloading Chrome Headless Shell 149.0.7827.55 (playwright chromium-headless-shell v1228) from https://cdn.playwright.dev/builds/cft/149.0.7827.55/linux64/chrome-headless-shell-linux64.zip
verify	Run npx playwright install --with-deps chromium webkit	2026-10-05T04:46:33.2861584Z |                                                                                |   0% of 114.2 MiB
verify	Run npx playwright install --with-deps chromium webkit	2026-10-05T04:46:33.4219646Z |■■■■■■■■                                                                        |  10% of 114.2 MiB
verify	Run npx playwright install --with-deps chromium webkit	2026-10-05T04:46:33.4875783Z |■■■■■■■■■■■■■■■■                                                                |  20% of 114.2 MiB
verify	Run npx playwright install --with-deps chromium webkit	2026-10-05T04:46:33.5531513Z |■■■■■■■■■■■■■■■■■■■■■■■■                                                        |  30% of 114.2 MiB
verify	Run npx playwright install --with-deps chromium webkit	2026-10-05T04:46:33.6286407Z |■■■■■■■■■■■■■■■■■■■■■■■■■■■■■■■■                                                |  40% of 114.2 MiB
verify	Run npx playwright install --with-deps chromium webkit	2026-10-05T04:46:33.6987671Z |■■■■■■■■■■■■■■■■■■■■■■■■■■■■■■■■■■■■■■■■                                        |  50% of 114.2 MiB
verify	Run npx playwright install --with-deps chromium webkit	2026-10-05T04:46:33.7643971Z |■■■■■■■■■■■■■■■■■■■■■■■■■■■■■■■■■■■■■■■■■■■■■■■■                                |  60% of 114.2 MiB
verify	Run npx playwright install --with-deps chromium webkit	2026-10-05T04:46:33.8308072Z |■■■■■■■■■■■■■■■■■■■■■■■■■■■■■■■■■■■■■■■■■■■■■■■■■■■■■■■■                        |  70% of 114.2 MiB
verify	Run npx playwright install --with-deps chromium webkit	2026-10-05T04:46:33.9137590Z |■■■■■■■■■■■■■■■■■■■■■■■■■■■■■■■■■■■■■■■■■■■■■■■■■■■■■■■■■■■■■■■■                |  80% of 114.2 MiB
verify	Run npx playwright install --with-deps chromium webkit	2026-10-05T04:46:33.9751850Z |■■■■■■■■■■■■■■■■■■■■■■■■■■■■■■■■■■■■■■■■■■■■■■■■■■■■■■■■■■■■■■■■■■■■■■■■        |  90% of 114.2 MiB
verify	Run npx playwright install --with-deps chromium webkit	2026-10-05T04:46:34.0480188Z |■■■■■■■■■■■■■■■■■■■■■■■■■■■■■■■■■■■■■■■■■■■■■■■■■■■■■■■■■■■■■■■■■■■■■■■■■■■■■■■■| 100% of 114.2 MiB
verify	Run npx playwright install --with-deps chromium webkit	2026-10-05T04:46:36.3859878Z Chrome Headless Shell 149.0.7827.55 (playwright chromium-headless-shell v1228) downloaded to /home/runner/.cache/ms-playwright/chromium_headless_shell-1228
verify	Run npx playwright install --with-deps chromium webkit	2026-10-05T04:46:36.3863056Z Downloading WebKit 26.5 (playwright webkit v2311) from https://cdn.playwright.dev/dbazure/download/playwright/builds/webkit/2311/webkit-ubuntu-24.04.zip
verify	Run npx playwright install --with-deps chromium webkit	2026-10-05T04:46:37.4640911Z |                                                                                |   0% of 100.9 MiB
verify	Run npx playwright install --with-deps chromium webkit	2026-10-05T04:46:37.7660715Z |■■■■■■■■                                                                        |  10% of 100.9 MiB
verify	Run npx playwright install --with-deps chromium webkit	2026-10-05T04:46:38.1143826Z |■■■■■■■■■■■■■■■■                                                                |  20% of 100.9 MiB
verify	Run npx playwright install --with-deps chromium webkit	2026-10-05T04:46:38.3194418Z |■■■■■■■■■■■■■■■■■■■■■■■■                                                        |  30% of 100.9 MiB
verify	Run npx playwright install --with-deps chromium webkit	2026-10-05T04:46:38.4421887Z |■■■■■■■■■■■■■■■■■■■■■■■■■■■■■■■■                                                |  40% of 100.9 MiB
verify	Run npx playwright install --with-deps chromium webkit	2026-10-05T04:46:38.5441162Z |■■■■■■■■■■■■■■■■■■■■■■■■■■■■■■■■■■■■■■■■                                        |  50% of 100.9 MiB
verify	Run npx playwright install --with-deps chromium webkit	2026-10-05T04:46:38.6228358Z |■■■■■■■■■■■■■■■■■■■■■■■■■■■■■■■■■■■■■■■■■■■■■■■■                                |  60% of 100.9 MiB
verify	Run npx playwright install --with-deps chromium webkit	2026-10-05T04:46:38.7058526Z |■■■■■■■■■■■■■■■■■■■■■■■■■■■■■■■■■■■■■■■■■■■■■■■■■■■■■■■■                        |  70% of 100.9 MiB
verify	Run npx playwright install --with-deps chromium webkit	2026-10-05T04:46:38.7860711Z |■■■■■■■■■■■■■■■■■■■■■■■■■■■■■■■■■■■■■■■■■■■■■■■■■■■■■■■■■■■■■■■■                |  80% of 100.9 MiB
verify	Run npx playwright install --with-deps chromium webkit	2026-10-05T04:46:38.8830620Z |■■■■■■■■■■■■■■■■■■■■■■■■■■■■■■■■■■■■■■■■■■■■■■■■■■■■■■■■■■■■■■■■■■■■■■■■        |  90% of 100.9 MiB
verify	Run npx playwright install --with-deps chromium webkit	2026-10-05T04:46:38.9654412Z |■■■■■■■■■■■■■■■■■■■■■■■■■■■■■■■■■■■■■■■■■■■■■■■■■■■■■■■■■■■■■■■■■■■■■■■■■■■■■■■■| 100% of 100.9 MiB
verify	Run npx playwright install --with-deps chromium webkit	2026-10-05T04:46:41.1045402Z WebKit 26.5 (playwright webkit v2311) downloaded to /home/runner/.cache/ms-playwright/webkit-2311
verify	Run xvfb-run -a npm run test:browser	﻿2026-10-05T04:46:41.4553803Z ##[group]Run xvfb-run -a npm run test:browser
verify	Run xvfb-run -a npm run test:browser	2026-10-05T04:46:41.4554252Z [36;1mxvfb-run -a npm run test:browser[0m
verify	Run xvfb-run -a npm run test:browser	2026-10-05T04:46:41.4617289Z shell: /usr/bin/bash -e {0}
verify	Run xvfb-run -a npm run test:browser	2026-10-05T04:46:41.4617612Z ##[endgroup]
verify	Run xvfb-run -a npm run test:browser	2026-10-05T04:46:45.8074580Z 
verify	Run xvfb-run -a npm run test:browser	2026-10-05T04:46:45.8075190Z > gekichin@0.1.0 test:browser
verify	Run xvfb-run -a npm run test:browser	2026-10-05T04:46:45.8075800Z > playwright test
verify	Run xvfb-run -a npm run test:browser	2026-10-05T04:46:45.8076061Z 
verify	Run xvfb-run -a npm run test:browser	2026-10-05T04:46:47.1062032Z 
verify	Run xvfb-run -a npm run test:browser	2026-10-05T04:46:47.1062793Z Running 27 tests using 1 worker
verify	Run xvfb-run -a npm run test:browser	2026-10-05T04:46:47.1077502Z 
verify	Run xvfb-run -a npm run test:browser	2026-10-05T04:47:03.3711589Z   ✓   1 [chromium] › browser-tests/combat.spec.ts:30:1 › Easy combat clock, six-face HUD, pause and explicit resume follow product controls (14.6s)
verify	Run xvfb-run -a npm run test:browser	2026-10-05T04:47:19.8288281Z   ✓   2 [chromium] › browser-tests/combat.spec.ts:58:1 › Normal keyboard firing consumes real ammunition and updates flight HUD, then pauses cleanly (16.4s)
verify	Run xvfb-run -a npm run test:browser	2026-10-05T04:47:41.3537019Z   ✓   3 [chromium] › browser-tests/combat.spec.ts:90:1 › ten product restart cycles retain one bounded scene and stable WebGL resources (21.5s)
verify	Run xvfb-run -a npm run test:browser	2026-10-05T04:47:54.7271229Z   ✓   4 [chromium] › browser-tests/evasion-visual.spec.ts:3:1 › normal product camera shows a main-gun warning and an ordinary turn (13.4s)
verify	Run xvfb-run -a npm run test:browser	2026-10-05T04:48:10.0944079Z   ✓   5 [chromium] › browser-tests/p1-flow.spec.ts:9:1 › Normal keyboard flight, loop interruption, pause, settings, report and reflight use one operation (15.3s)
verify	Run xvfb-run -a npm run test:browser	2026-10-05T04:48:18.0843438Z   ✓   6 [chromium] › browser-tests/p1-flow.spec.ts:33:1 › multi-touch cancel, lost capture, resize and compatibility click release held input (8.0s)
verify	Run xvfb-run -a npm run test:browser	2026-10-05T04:48:53.0625588Z   ✓   7 [chromium] › browser-tests/p1-flow.spec.ts:51:1 › Easy one button fits specified viewports and ten repeated starts never duplicate app resources (35.0s)
verify	Run xvfb-run -a npm run test:browser	2026-10-05T04:49:01.5332489Z   ✓   8 [chromium] › browser-tests/p1-flow.spec.ts:65:1 › WebGL loss while paused or editing gives guidance and restoration needs explicit resume (8.5s)
verify	Run xvfb-run -a npm run test:browser	2026-10-05T04:49:07.9318230Z   ✓   9 [chromium] › browser-tests/p1-flow.spec.ts:74:1 › an aborted combat report does not write a best record or make game API requests (6.4s)
verify	Run xvfb-run -a npm run test:browser	2026-10-05T04:49:14.4628197Z   ✓  10 [chromium] › browser-tests/p1-flow.spec.ts:93:1 › an explicit visibilitychange fixture stops flight and visible recovery never resumes it (6.5s)
verify	Run xvfb-run -a npm run test:browser	2026-10-05T04:49:22.0192273Z   ✓  11 [chromium] › browser-tests/p1-flow.spec.ts:114:1 › sound starts OFF, pauses with flight and reuses one audio context after replay (7.5s)
verify	Run xvfb-run -a npm run test:browser	2026-10-05T04:49:28.6366078Z   ✓  12 [chromium] › browser-tests/p1-independent-ui.spec.ts:10:1 › touch preview controls fit their scroller and Gekichin settings leave other games storage untouched (6.6s)
verify	Run xvfb-run -a npm run test:browser	2026-10-05T04:49:34.9516770Z   ✓  13 [chromium] › browser-tests/p1-independent.spec.ts:10:1 › a pause binding on Enter leaves home and result button activation with native Enter (6.3s)
verify	Run xvfb-run -a npm run test:browser	2026-10-05T04:49:44.0207440Z   ✓  14 [chromium] › browser-tests/p1-independent.spec.ts:36:1 › an event-loop stall of at least two seconds freezes the flight until explicit resume (9.1s)
verify	Run xvfb-run -a npm run test:browser	2026-10-05T04:49:48.0533674Z   ✓  15 [chromium] › browser-tests/p1-independent.spec.ts:57:1 › when WebGL creation fails, settings and help remain available while flight stays disabled (4.0s)
verify	Run xvfb-run -a npm run test:browser	2026-10-05T04:49:58.8444673Z   ✓  16 [chromium] › browser-tests/p1-settings.spec.ts:20:1 › nine keyboard actions reject duplicate, reserved, modifier and IME input; draft and focus are transactional (10.8s)
verify	Run xvfb-run -a npm run test:browser	2026-10-05T04:50:09.7778395Z   ✓  17 [chromium] › browser-tests/p1-settings.spec.ts:48:1 › home editors offer both modes and persist touch size, opacity and placement only after save (10.9s)
verify	Run xvfb-run -a npm run test:browser	2026-10-05T04:50:16.6978000Z   ✓  18 [chromium] › browser-tests/p1-settings.spec.ts:68:1 › a multi-key save failure rolls back and only explicit session use changes active settings (6.9s)
verify	Run xvfb-run -a npm run test:browser	2026-10-05T04:50:25.1062123Z   ✓  19 [chromium] › browser-tests/p1-settings.spec.ts:90:1 › future-version values are never downgraded and failed drafts can be cancelled (8.4s)
verify	Run xvfb-run -a npm run test:browser	2026-10-05T04:51:00.5190132Z   ✓  20 [chromium] › browser-tests/p1-settings.spec.ts:104:1 › home, settings and guide stay reachable at all required viewports and 200 percent text (35.4s)
verify	Run xvfb-run -a npm run test:browser	2026-10-05T04:51:12.2687854Z   ✓  21 [webkit-ui] › browser-tests/p1-independent-ui.spec.ts:10:1 › touch preview controls fit their scroller and Gekichin settings leave other games storage untouched (8.3s)
verify	Run xvfb-run -a npm run test:browser	2026-10-05T04:51:18.3861557Z   ✓  22 [webkit-ui] › browser-tests/p1-settings.spec.ts:20:1 › nine keyboard actions reject duplicate, reserved, modifier and IME input; draft and focus are transactional (6.1s)
verify	Run xvfb-run -a npm run test:browser	2026-10-05T04:51:23.8271458Z   ✓  23 [webkit-ui] › browser-tests/p1-settings.spec.ts:48:1 › home editors offer both modes and persist touch size, opacity and placement only after save (5.4s)
verify	Run xvfb-run -a npm run test:browser	2026-10-05T04:51:26.9314349Z   ✓  24 [webkit-ui] › browser-tests/p1-settings.spec.ts:68:1 › a multi-key save failure rolls back and only explicit session use changes active settings (3.1s)
verify	Run xvfb-run -a npm run test:browser	2026-10-05T04:51:31.4992687Z   ✓  25 [webkit-ui] › browser-tests/p1-settings.spec.ts:90:1 › future-version values are never downgraded and failed drafts can be cancelled (4.6s)
verify	Run xvfb-run -a npm run test:browser	2026-10-05T04:51:50.0815373Z   ✓  26 [webkit-ui] › browser-tests/p1-settings.spec.ts:104:1 › home, settings and guide stay reachable at all required viewports and 200 percent text (18.6s)
verify	Run xvfb-run -a npm run test:browser	2026-10-05T04:52:00.2833250Z   ✓  27 [chromium-headed] › browser-tests/p1-native-visibility.spec.ts:8:1 › a native headed tab hides the flight, freezes its clock and requires explicit resume (9.6s)
verify	Run xvfb-run -a npm run test:browser	2026-10-05T04:52:00.3408797Z 
verify	Run xvfb-run -a npm run test:browser	2026-10-05T04:52:00.3442631Z   27 passed (5.2m)
verify	Run actions/upload-artifact@v4	﻿2026-10-05T04:52:00.3817618Z ##[group]Run actions/upload-artifact@v4
verify	Run actions/upload-artifact@v4	2026-10-05T04:52:00.3817970Z with:
verify	Run actions/upload-artifact@v4	2026-10-05T04:52:00.3818179Z   name: browser-evidence
verify	Run actions/upload-artifact@v4	2026-10-05T04:52:00.3818445Z   path: playwright-report/
verify	Run actions/upload-artifact@v4	test-results/
verify	Run actions/upload-artifact@v4	
verify	Run actions/upload-artifact@v4	2026-10-05T04:52:00.3818743Z   if-no-files-found: ignore
verify	Run actions/upload-artifact@v4	2026-10-05T04:52:00.3818992Z   compression-level: 6
verify	Run actions/upload-artifact@v4	2026-10-05T04:52:00.3819561Z   overwrite: false
verify	Run actions/upload-artifact@v4	2026-10-05T04:52:00.3819785Z   include-hidden-files: false
verify	Run actions/upload-artifact@v4	2026-10-05T04:52:00.3820026Z ##[endgroup]
verify	Run actions/upload-artifact@v4	2026-10-05T04:52:00.5618658Z (node:6581) [DEP0040] DeprecationWarning: The `punycode` module is deprecated. Please use a userland alternative instead.
verify	Run actions/upload-artifact@v4	2026-10-05T04:52:00.5620928Z (Use `node --trace-deprecation ...` to show where the warning was created)
verify	Run actions/upload-artifact@v4	2026-10-05T04:52:00.5756076Z Multiple search paths detected. Calculating the least common ancestor of all paths
verify	Run actions/upload-artifact@v4	2026-10-05T04:52:00.5759726Z The least common ancestor is /home/runner/work/gekichin/gekichin. This will be the root directory of the artifact
verify	Run actions/upload-artifact@v4	2026-10-05T04:52:00.5761213Z With the provided path, there will be 9 files uploaded
verify	Run actions/upload-artifact@v4	2026-10-05T04:52:00.5767204Z Artifact name is valid!
verify	Run actions/upload-artifact@v4	2026-10-05T04:52:00.5768379Z Root directory input is valid!
verify	Run actions/upload-artifact@v4	2026-10-05T04:52:00.9645826Z Beginning upload of artifact content to blob storage
verify	Run actions/upload-artifact@v4	2026-10-05T04:52:01.0502926Z (node:6581) [DEP0169] DeprecationWarning: `url.parse()` behavior is not standardized and prone to errors that have security implications. Use the WHATWG URL API instead. CVEs are not issued for `url.parse()` vulnerabilities.
verify	Run actions/upload-artifact@v4	2026-10-05T04:52:01.6898936Z Uploaded bytes 759044
verify	Run actions/upload-artifact@v4	2026-10-05T04:52:01.7697823Z Finished uploading artifact content to blob storage!
verify	Run actions/upload-artifact@v4	2026-10-05T04:52:01.7699694Z SHA256 digest of uploaded artifact zip is 4003a7d411ad80af7be3fb2e73ab10a55d20cf31de7843a0882f595f7f44f0d2
verify	Run actions/upload-artifact@v4	2026-10-05T04:52:01.7701233Z Finalizing artifact upload
verify	Run actions/upload-artifact@v4	2026-10-05T04:52:02.0581847Z Artifact browser-evidence.zip successfully finalized. Artifact ID 11325534556
verify	Run actions/upload-artifact@v4	2026-10-05T04:52:02.0583552Z Artifact browser-evidence has been successfully uploaded! Final size is 759044 bytes. Artifact ID is 11325534556
verify	Run actions/upload-artifact@v4	2026-10-05T04:52:02.0590921Z Artifact download URL: https://github.com/chameleonjp-lab/gekichin/actions/runs/37264857807/artifacts/11325534556
verify	Post Run actions/setup-node@v4	﻿2026-10-05T04:52:02.0804871Z Post job cleanup.
verify	Post Run actions/setup-node@v4	2026-10-05T04:52:02.2162527Z (node:6595) [DEP0040] DeprecationWarning: The `punycode` module is deprecated. Please use a userland alternative instead.
verify	Post Run actions/setup-node@v4	2026-10-05T04:52:02.2164612Z (Use `node --trace-deprecation ...` to show where the warning was created)
verify	Post Run actions/setup-node@v4	2026-10-05T04:52:02.2167197Z Cache hit occurred on the primary key node-cache-Linux-x64-npm-6daa055a9f390972a62517bdf89cc7faf62242687fb9edaf4ddbd1a35171a1f5, not saving cache.
verify	Post Run actions/checkout@v4	﻿2026-10-05T04:52:02.2303064Z Post job cleanup.
verify	Post Run actions/checkout@v4	2026-10-05T04:52:02.3298670Z [command]/usr/bin/git version
verify	Post Run actions/checkout@v4	2026-10-05T04:52:02.3333924Z git version 2.55.0
verify	Post Run actions/checkout@v4	2026-10-05T04:52:02.3448270Z Temporarily overriding HOME='/home/runner/work/_temp/21ecd3b6-1148-40ca-bf5b-789301d70ad7' before making global git config changes
verify	Post Run actions/checkout@v4	2026-10-05T04:52:02.3470323Z Adding repository directory to the temporary git global config as a safe directory
verify	Post Run actions/checkout@v4	2026-10-05T04:52:02.3480376Z [command]/usr/bin/git config --global --add safe.directory /home/runner/work/gekichin/gekichin
verify	Post Run actions/checkout@v4	2026-10-05T04:52:02.3550127Z [command]/usr/bin/git config --local --name-only --get-regexp core\.sshCommand
verify	Post Run actions/checkout@v4	2026-10-05T04:52:02.3601539Z [command]/usr/bin/git submodule foreach --recursive sh -c "git config --local --name-only --get-regexp 'core\.sshCommand' && git config --local --unset-all 'core.sshCommand' || :"
verify	Post Run actions/checkout@v4	2026-10-05T04:52:02.3912790Z [command]/usr/bin/git config --local --name-only --get-regexp http\.https\:\/\/github\.com\/\.extraheader
verify	Post Run actions/checkout@v4	2026-10-05T04:52:02.3940168Z http.https://github.com/.extraheader
verify	Post Run actions/checkout@v4	2026-10-05T04:52:02.3988509Z [command]/usr/bin/git config --local --unset-all http.https://github.com/.extraheader
verify	Post Run actions/checkout@v4	2026-10-05T04:52:02.4061414Z [command]/usr/bin/git submodule foreach --recursive sh -c "git config --local --name-only --get-regexp 'http\.https\:\/\/github\.com\/\.extraheader' && git config --local --unset-all 'http.https://github.com/.extraheader' || :"
verify	Post Run actions/checkout@v4	2026-10-05T04:52:02.4364067Z [command]/usr/bin/git config --local --name-only --get-regexp ^includeIf\.gitdir:
verify	Post Run actions/checkout@v4	2026-10-05T04:52:02.4403709Z [command]/usr/bin/git submodule foreach --recursive git config --local --show-origin --name-only --get-regexp remote.origin.url
verify	Complete job	﻿2026-10-05T04:52:02.4941021Z Cleaning up orphan processes
verify	Complete job	2026-10-05T04:52:02.5287340Z ##[warning]Node.js 20 is deprecated. The following actions target Node.js 20 but are being forced to run on Node.js 24: actions/checkout@v4, actions/setup-node@v4, actions/upload-artifact@v4. For more information see: https://github.blog/changelog/2025-09-19-deprecation-of-node-20-on-github-actions-runners/
