verify	Set up job	﻿2026-10-05T04:45:20.2247932Z Current runner version: '2.337.0'
verify	Set up job	2026-10-05T04:45:20.2266675Z ##[group]Runner Image Provisioner
verify	Set up job	2026-10-05T04:45:20.2267305Z Hosted Compute Agent
verify	Set up job	2026-10-05T04:45:20.2267653Z Version: 20260901.588
verify	Set up job	2026-10-05T04:45:20.2268015Z Commit: f88ec8081b781fac6c440065ac7ff9e710ce3d0b
verify	Set up job	2026-10-05T04:45:20.2268490Z Build Date: 2026-09-01T19:56:44Z
verify	Set up job	2026-10-05T04:45:20.2268923Z Worker ID: {8e3429cc-8965-4756-b0bf-f33aaa65bd3c}
verify	Set up job	2026-10-05T04:45:20.2269358Z Azure Region: centralus
verify	Set up job	2026-10-05T04:45:20.2269715Z ##[endgroup]
verify	Set up job	2026-10-05T04:45:20.2270658Z ##[group]Operating System
verify	Set up job	2026-10-05T04:45:20.2271060Z Ubuntu
verify	Set up job	2026-10-05T04:45:20.2271403Z 24.04.5
verify	Set up job	2026-10-05T04:45:20.2271759Z LTS
verify	Set up job	2026-10-05T04:45:20.2272084Z ##[endgroup]
verify	Set up job	2026-10-05T04:45:20.2272473Z ##[group]Runner Image
verify	Set up job	2026-10-05T04:45:20.2273004Z Image: ubuntu-24.04
verify	Set up job	2026-10-05T04:45:20.2273484Z Version: 20260927.320.1
verify	Set up job	2026-10-05T04:45:20.2274311Z Included Software: https://github.com/actions/runner-images/blob/ubuntu24/20260927.320/images/ubuntu/Ubuntu2404-Readme.md
verify	Set up job	2026-10-05T04:45:20.2275839Z Image Release: https://github.com/actions/runner-images/releases/tag/ubuntu24%2F20260927.320
verify	Set up job	2026-10-05T04:45:20.2276765Z ##[endgroup]
verify	Set up job	2026-10-05T04:45:20.2277758Z ##[group]GITHUB_TOKEN Permissions
verify	Set up job	2026-10-05T04:45:20.2279799Z Contents: read
verify	Set up job	2026-10-05T04:45:20.2280335Z Metadata: read
verify	Set up job	2026-10-05T04:45:20.2280800Z ##[endgroup]
verify	Set up job	2026-10-05T04:45:20.2282543Z Secret source: Actions
verify	Set up job	2026-10-05T04:45:20.2283303Z Cache mode: write
verify	Set up job	2026-10-05T04:45:20.2284476Z Prepare workflow directory
verify	Set up job	2026-10-05T04:45:20.2495891Z Prepare all required actions
verify	Set up job	2026-10-05T04:45:20.2527274Z Getting action download info
verify	Set up job	2026-10-05T04:45:20.5175230Z Download action repository 'actions/checkout@v4' (SHA:11d5960a326750d5838078e36cf38b85af677262)
verify	Set up job	2026-10-05T04:45:20.6195114Z Download action repository 'actions/setup-node@v4' (SHA:49933ea5288caeca8642d1e84afbd3f7d6820020)
verify	Set up job	2026-10-05T04:45:20.7365189Z Download action repository 'actions/upload-artifact@v4' (SHA:ea165f8d65b6e75b540449e92b4886f43607fa02)
verify	Set up job	2026-10-05T04:45:20.9246499Z Complete job name: verify
verify	Run actions/checkout@v4	﻿2026-10-05T04:45:20.9699410Z ##[group]Run actions/checkout@v4
verify	Run actions/checkout@v4	2026-10-05T04:45:20.9699832Z with:
verify	Run actions/checkout@v4	2026-10-05T04:45:20.9700078Z   repository: chameleonjp-lab/gekichin
verify	Run actions/checkout@v4	2026-10-05T04:45:20.9702048Z   token: ***
verify	Run actions/checkout@v4	2026-10-05T04:45:20.9702277Z   ssh-strict: true
verify	Run actions/checkout@v4	2026-10-05T04:45:20.9702553Z   ssh-user: git
verify	Run actions/checkout@v4	2026-10-05T04:45:20.9702792Z   persist-credentials: true
verify	Run actions/checkout@v4	2026-10-05T04:45:20.9703051Z   clean: true
verify	Run actions/checkout@v4	2026-10-05T04:45:20.9703291Z   sparse-checkout-cone-mode: true
verify	Run actions/checkout@v4	2026-10-05T04:45:20.9703568Z   fetch-depth: 1
verify	Run actions/checkout@v4	2026-10-05T04:45:20.9703799Z   fetch-tags: false
verify	Run actions/checkout@v4	2026-10-05T04:45:20.9704148Z   show-progress: true
verify	Run actions/checkout@v4	2026-10-05T04:45:20.9704390Z   lfs: false
verify	Run actions/checkout@v4	2026-10-05T04:45:20.9704610Z   submodules: false
verify	Run actions/checkout@v4	2026-10-05T04:45:20.9704850Z   set-safe-directory: true
verify	Run actions/checkout@v4	2026-10-05T04:45:20.9705152Z   allow-unsafe-pr-checkout: false
verify	Run actions/checkout@v4	2026-10-05T04:45:20.9705511Z ##[endgroup]
verify	Run actions/checkout@v4	2026-10-05T04:45:21.0357166Z Syncing repository: chameleonjp-lab/gekichin
verify	Run actions/checkout@v4	2026-10-05T04:45:21.0358778Z ##[group]Getting Git version info
verify	Run actions/checkout@v4	2026-10-05T04:45:21.0359429Z Working directory is '/home/runner/work/gekichin/gekichin'
verify	Run actions/checkout@v4	2026-10-05T04:45:21.0360324Z [command]/usr/bin/git version
verify	Run actions/checkout@v4	2026-10-05T04:45:21.0448903Z git version 2.55.0
verify	Run actions/checkout@v4	2026-10-05T04:45:21.0464774Z ##[endgroup]
verify	Run actions/checkout@v4	2026-10-05T04:45:21.0474493Z Temporarily overriding HOME='/home/runner/work/_temp/f910e09d-09b2-4fb3-a982-0e6e6368a5b5' before making global git config changes
verify	Run actions/checkout@v4	2026-10-05T04:45:21.0475756Z Adding repository directory to the temporary git global config as a safe directory
verify	Run actions/checkout@v4	2026-10-05T04:45:21.0479035Z [command]/usr/bin/git config --global --add safe.directory /home/runner/work/gekichin/gekichin
verify	Run actions/checkout@v4	2026-10-05T04:45:21.0620094Z Deleting the contents of '/home/runner/work/gekichin/gekichin'
verify	Run actions/checkout@v4	2026-10-05T04:45:21.0625063Z ##[group]Initializing the repository
verify	Run actions/checkout@v4	2026-10-05T04:45:21.0628908Z [command]/usr/bin/git init /home/runner/work/gekichin/gekichin
verify	Run actions/checkout@v4	2026-10-05T04:45:21.0746333Z hint: Using 'master' as the name for the initial branch. This default branch name
verify	Run actions/checkout@v4	2026-10-05T04:45:21.0747706Z hint: will change to "main" in Git 3.0. To configure the initial branch name
verify	Run actions/checkout@v4	2026-10-05T04:45:21.0748531Z hint: to use in all of your new repositories, which will suppress this warning,
verify	Run actions/checkout@v4	2026-10-05T04:45:21.0749165Z hint: call:
verify	Run actions/checkout@v4	2026-10-05T04:45:21.0750003Z hint:
verify	Run actions/checkout@v4	2026-10-05T04:45:21.0750490Z hint: 	git config --global init.defaultBranch <name>
verify	Run actions/checkout@v4	2026-10-05T04:45:21.0751028Z hint:
verify	Run actions/checkout@v4	2026-10-05T04:45:21.0751525Z hint: Names commonly chosen instead of 'master' are 'main', 'trunk' and
verify	Run actions/checkout@v4	2026-10-05T04:45:21.0752351Z hint: 'development'. The just-created branch can be renamed via this command:
verify	Run actions/checkout@v4	2026-10-05T04:45:21.0753006Z hint:
verify	Run actions/checkout@v4	2026-10-05T04:45:21.0753357Z hint: 	git branch -m <name>
verify	Run actions/checkout@v4	2026-10-05T04:45:21.0753761Z hint:
verify	Run actions/checkout@v4	2026-10-05T04:45:21.0754556Z hint: Disable this message with "git config set advice.defaultBranchName false"
verify	Run actions/checkout@v4	2026-10-05T04:45:21.0760260Z Initialized empty Git repository in /home/runner/work/gekichin/gekichin/.git/
verify	Run actions/checkout@v4	2026-10-05T04:45:21.0769025Z [command]/usr/bin/git remote add origin https://github.com/chameleonjp-lab/gekichin
verify	Run actions/checkout@v4	2026-10-05T04:45:21.0892433Z ##[endgroup]
verify	Run actions/checkout@v4	2026-10-05T04:45:21.0893184Z ##[group]Disabling automatic garbage collection
verify	Run actions/checkout@v4	2026-10-05T04:45:21.0895937Z [command]/usr/bin/git config --local gc.auto 0
verify	Run actions/checkout@v4	2026-10-05T04:45:21.0925773Z ##[endgroup]
verify	Run actions/checkout@v4	2026-10-05T04:45:21.0926393Z ##[group]Setting up auth
verify	Run actions/checkout@v4	2026-10-05T04:45:21.0930935Z [command]/usr/bin/git config --local --name-only --get-regexp core\.sshCommand
verify	Run actions/checkout@v4	2026-10-05T04:45:21.0959543Z [command]/usr/bin/git submodule foreach --recursive sh -c "git config --local --name-only --get-regexp 'core\.sshCommand' && git config --local --unset-all 'core.sshCommand' || :"
verify	Run actions/checkout@v4	2026-10-05T04:45:21.1255618Z [command]/usr/bin/git config --local --name-only --get-regexp http\.https\:\/\/github\.com\/\.extraheader
verify	Run actions/checkout@v4	2026-10-05T04:45:21.1284797Z [command]/usr/bin/git submodule foreach --recursive sh -c "git config --local --name-only --get-regexp 'http\.https\:\/\/github\.com\/\.extraheader' && git config --local --unset-all 'http.https://github.com/.extraheader' || :"
verify	Run actions/checkout@v4	2026-10-05T04:45:21.1457789Z [command]/usr/bin/git config --local --name-only --get-regexp ^includeIf\.gitdir:
verify	Run actions/checkout@v4	2026-10-05T04:45:21.1486272Z [command]/usr/bin/git submodule foreach --recursive git config --local --show-origin --name-only --get-regexp remote.origin.url
verify	Run actions/checkout@v4	2026-10-05T04:45:21.1657972Z [command]/usr/bin/git config --local http.https://github.com/.extraheader AUTHORIZATION: basic ***
verify	Run actions/checkout@v4	2026-10-05T04:45:21.1692410Z ##[endgroup]
verify	Run actions/checkout@v4	2026-10-05T04:45:21.1698637Z ##[group]Fetching the repository
verify	Run actions/checkout@v4	2026-10-05T04:45:21.1699477Z [command]/usr/bin/git -c protocol.version=2 fetch --no-tags --prune --no-recurse-submodules --depth=1 origin +afc1660622a946c2263584d0c6facc0b8848ec7f:refs/remotes/pull/5/merge
verify	Run actions/checkout@v4	2026-10-05T04:45:21.7316291Z From https://github.com/chameleonjp-lab/gekichin
verify	Run actions/checkout@v4	2026-10-05T04:45:21.7317533Z  * [new ref]         afc1660622a946c2263584d0c6facc0b8848ec7f -> pull/5/merge
verify	Run actions/checkout@v4	2026-10-05T04:45:21.7325886Z ##[endgroup]
verify	Run actions/checkout@v4	2026-10-05T04:45:21.7326600Z ##[group]Determining the checkout info
verify	Run actions/checkout@v4	2026-10-05T04:45:21.7327419Z ##[endgroup]
verify	Run actions/checkout@v4	2026-10-05T04:45:21.7327850Z [command]/usr/bin/git sparse-checkout disable
verify	Run actions/checkout@v4	2026-10-05T04:45:21.7379471Z [command]/usr/bin/git config --local --unset-all extensions.worktreeConfig
verify	Run actions/checkout@v4	2026-10-05T04:45:21.7426281Z ##[group]Checking out the ref
verify	Run actions/checkout@v4	2026-10-05T04:45:21.7429140Z [command]/usr/bin/git checkout --progress --force refs/remotes/pull/5/merge
verify	Run actions/checkout@v4	2026-10-05T04:45:21.7539766Z Note: switching to 'refs/remotes/pull/5/merge'.
verify	Run actions/checkout@v4	2026-10-05T04:45:21.7540600Z 
verify	Run actions/checkout@v4	2026-10-05T04:45:21.7541332Z You are in 'detached HEAD' state. You can look around, make experimental
verify	Run actions/checkout@v4	2026-10-05T04:45:21.7542495Z changes and commit them, and you can discard any commits you make in this
verify	Run actions/checkout@v4	2026-10-05T04:45:21.7543574Z state without impacting any branches by switching back to a branch.
verify	Run actions/checkout@v4	2026-10-05T04:45:21.7544423Z 
verify	Run actions/checkout@v4	2026-10-05T04:45:21.7544972Z If you want to create a new branch to retain commits you create, you may
verify	Run actions/checkout@v4	2026-10-05T04:45:21.7545967Z do so (now or later) by using -c with the switch command. Example:
verify	Run actions/checkout@v4	2026-10-05T04:45:21.7546843Z 
verify	Run actions/checkout@v4	2026-10-05T04:45:21.7547136Z   git switch -c <new-branch-name>
verify	Run actions/checkout@v4	2026-10-05T04:45:21.7547646Z 
verify	Run actions/checkout@v4	2026-10-05T04:45:21.7547860Z Or undo this operation with:
verify	Run actions/checkout@v4	2026-10-05T04:45:21.7548210Z 
verify	Run actions/checkout@v4	2026-10-05T04:45:21.7548386Z   git switch -
verify	Run actions/checkout@v4	2026-10-05T04:45:21.7548678Z 
verify	Run actions/checkout@v4	2026-10-05T04:45:21.7549132Z Turn off this advice by setting config variable advice.detachedHead to false
verify	Run actions/checkout@v4	2026-10-05T04:45:21.7549893Z 
verify	Run actions/checkout@v4	2026-10-05T04:45:21.7550669Z HEAD is now at afc1660 Merge 01804b95078317bb0129d0750b6a7f73184cee6f into 98119b5ae6604ad5975024b0e523b78eef369662
verify	Run actions/checkout@v4	2026-10-05T04:45:21.7552931Z ##[endgroup]
verify	Run actions/checkout@v4	2026-10-05T04:45:21.7579796Z [command]/usr/bin/git log -1 --format=%H
verify	Run actions/checkout@v4	2026-10-05T04:45:21.7600343Z afc1660622a946c2263584d0c6facc0b8848ec7f
verify	Run actions/setup-node@v4	﻿2026-10-05T04:45:21.7907085Z ##[group]Run actions/setup-node@v4
verify	Run actions/setup-node@v4	2026-10-05T04:45:21.7907771Z with:
verify	Run actions/setup-node@v4	2026-10-05T04:45:21.7908238Z   node-version: 24
verify	Run actions/setup-node@v4	2026-10-05T04:45:21.7908729Z   cache: npm
verify	Run actions/setup-node@v4	2026-10-05T04:45:21.7909207Z   always-auth: false
verify	Run actions/setup-node@v4	2026-10-05T04:45:21.7909721Z   check-latest: false
verify	Run actions/setup-node@v4	2026-10-05T04:45:21.7915210Z   token: ***
verify	Run actions/setup-node@v4	2026-10-05T04:45:21.7915706Z ##[endgroup]
verify	Run actions/setup-node@v4	2026-10-05T04:45:21.8830028Z Found in cache @ /opt/hostedtoolcache/node/24.21.0/x64
verify	Run actions/setup-node@v4	2026-10-05T04:45:21.8833752Z (node:2083) [DEP0040] DeprecationWarning: The `punycode` module is deprecated. Please use a userland alternative instead.
verify	Run actions/setup-node@v4	2026-10-05T04:45:21.8836401Z (Use `node --trace-deprecation ...` to show where the warning was created)
verify	Run actions/setup-node@v4	2026-10-05T04:45:21.8838467Z ##[group]Environment details
verify	Run actions/setup-node@v4	2026-10-05T04:45:22.1880533Z node: v24.21.0
verify	Run actions/setup-node@v4	2026-10-05T04:45:22.1882171Z npm: 11.19.0
verify	Run actions/setup-node@v4	2026-10-05T04:45:22.1882487Z yarn: 1.22.22
verify	Run actions/setup-node@v4	2026-10-05T04:45:22.1883509Z ##[endgroup]
verify	Run actions/setup-node@v4	2026-10-05T04:45:22.1893037Z [command]/opt/hostedtoolcache/node/24.21.0/x64/bin/npm config get cache
verify	Run actions/setup-node@v4	2026-10-05T04:45:22.2694422Z /home/runner/.npm
verify	Run actions/setup-node@v4	2026-10-05T04:45:22.4125054Z Cache hit for: node-cache-Linux-x64-npm-6daa055a9f390972a62517bdf89cc7faf62242687fb9edaf4ddbd1a35171a1f5
verify	Run actions/setup-node@v4	2026-10-05T04:45:22.4205920Z (node:2083) [DEP0169] DeprecationWarning: `url.parse()` behavior is not standardized and prone to errors that have security implications. Use the WHATWG URL API instead. CVEs are not issued for `url.parse()` vulnerabilities.
verify	Run actions/setup-node@v4	2026-10-05T04:45:23.2495598Z Received 46329689 of 46329689 (100.0%), 63.4 MBs/sec
verify	Run actions/setup-node@v4	2026-10-05T04:45:23.2496247Z Cache Size: ~44 MB (46329689 B)
verify	Run actions/setup-node@v4	2026-10-05T04:45:23.2517415Z [command]/usr/bin/tar -xf /home/runner/work/_temp/4f1aaef0-815b-436e-ba94-cf7639402175/cache.tzst -P -C /home/runner/work/gekichin/gekichin --use-compress-program unzstd
verify	Run actions/setup-node@v4	2026-10-05T04:45:23.3069530Z Cache restored successfully
verify	Run actions/setup-node@v4	2026-10-05T04:45:23.3091474Z Cache restored from key: node-cache-Linux-x64-npm-6daa055a9f390972a62517bdf89cc7faf62242687fb9edaf4ddbd1a35171a1f5
verify	Run npm ci	﻿2026-10-05T04:45:23.3249026Z ##[group]Run npm ci
verify	Run npm ci	2026-10-05T04:45:23.3249272Z [36;1mnpm ci[0m
verify	Run npm ci	2026-10-05T04:45:23.3485615Z shell: /usr/bin/bash -e {0}
verify	Run npm ci	2026-10-05T04:45:23.3485885Z ##[endgroup]
verify	Run npm ci	2026-10-05T04:45:24.8181630Z 
verify	Run npm ci	2026-10-05T04:45:24.8188106Z added 35 packages, and audited 36 packages in 1s
verify	Run npm ci	2026-10-05T04:45:24.8188406Z 
verify	Run npm ci	2026-10-05T04:45:24.8188579Z 11 packages are looking for funding
verify	Run npm ci	2026-10-05T04:45:24.8188773Z   run `npm fund` for details
verify	Run npm ci	2026-10-05T04:45:24.8204110Z 
verify	Run npm ci	2026-10-05T04:45:24.8204467Z 1 low severity vulnerability
verify	Run npm ci	2026-10-05T04:45:24.8204619Z 
verify	Run npm ci	2026-10-05T04:45:24.8204731Z To address all issues, run:
verify	Run npm ci	2026-10-05T04:45:24.8204907Z   npm audit fix
verify	Run npm ci	2026-10-05T04:45:24.8204991Z 
verify	Run npm ci	2026-10-05T04:45:24.8205078Z Run `npm audit` for details.
verify	Run npm ci	2026-10-05T04:45:24.8209916Z npm warn install-scripts 1 package has install scripts not yet covered by allowScripts:
verify	Run npm ci	2026-10-05T04:45:24.8210320Z npm warn install-scripts   esbuild@0.27.7 (postinstall: node install.js)
verify	Run npm ci	2026-10-05T04:45:24.8210563Z npm warn install-scripts
verify	Run npm ci	2026-10-05T04:45:24.8210970Z npm warn install-scripts Run `npm install-scripts ls` to review, or `npm install-scripts approve <pkg>` to allow.
verify	Run npm test	﻿2026-10-05T04:45:24.8673229Z ##[group]Run npm test
verify	Run npm test	2026-10-05T04:45:24.8673458Z [36;1mnpm test[0m
verify	Run npm test	2026-10-05T04:45:24.8728839Z shell: /usr/bin/bash -e {0}
verify	Run npm test	2026-10-05T04:45:24.8729208Z ##[endgroup]
verify	Run npm test	2026-10-05T04:45:24.9412537Z 
verify	Run npm test	2026-10-05T04:45:24.9413286Z > gekichin@0.1.0 test
verify	Run npm test	2026-10-05T04:45:24.9413739Z > node --import tsx --test tests/*.test.ts
verify	Run npm test	2026-10-05T04:45:24.9413948Z 
verify	Run npm test	2026-10-05T04:45:25.1418440Z ✔ return arrows guide inward/outward and left/right using the inherited flight yaw (0.678896ms)
verify	Run npm test	2026-10-05T04:45:27.1611867Z ✔ initial eight plus forty-two and simultaneous deaths conserve fifty distinct tokens (3.152575ms)
verify	Run npm test	2026-10-05T04:45:27.1613457Z ✔ the only reserve goes to the player even if the player loss is recorded last (2.803577ms)
verify	Run npm test	2026-10-05T04:45:27.1664987Z ✔ handoff at exactly180ticks keeps HP, position, magazines and reload clocks (8.183113ms)
verify	Run npm test	2026-10-05T04:45:27.1756847Z ✔ Q-only survivors recheck handoff after their first deployment rather than losing the mission (2.054695ms)
verify	Run npm test	2026-10-05T04:45:27.1758240Z ✔ a blocked reservation consumes no extra token and reports exactlyfive seconds of continuous failure (4.858843ms)
verify	Run npm test	2026-10-05T04:45:27.1759380Z ✔ player and wingman barrels use exact5/15 and17/57tick intervals (2.134526ms)
verify	Run npm test	2026-10-05T04:45:27.1760265Z ✔ both empty initiates common360tick reload and no empty shot changes ammunition or N (0.252782ms)
verify	Run npm test	2026-10-05T04:45:27.1761604Z ✔ atomic volleys preserve64 player slots and saturation does not consume ammunition or IDs (2.46781ms)
verify	Run npm test	2026-10-05T04:45:27.1762567Z ✔ all source distances use far-side200/500/800 boundaries with integer mHP (2.147636ms)
verify	Run npm test	2026-10-05T04:45:27.1763372Z ✔ shot affiliation survives death/handoff and the90tick half-open lifetime is exact (0.498153ms)
verify	Run npm test	2026-10-05T04:45:27.1764405Z ✔ normal launch is the tick-start physical nose despite simultaneous turning and acceleration (140.945939ms)
verify	Run npm test	2026-10-05T04:45:27.1765258Z ✔ moving-sphere sweep resolves crossing trajectories within one tick (0.316649ms)
verify	Run npm test	2026-10-05T04:45:27.1766176Z ✔ 160000-point example floors only once, preserves negatives and distinguishes N0 (0.327125ms)
verify	Run npm test	2026-10-05T04:45:27.1766997Z ✔ overkill, duplicate events and wingman final blows retain actual damage and one hit (0.727079ms)
verify	Run npm test	2026-10-05T04:45:27.1767859Z ✔ best records are victory-only, mode/version-separated, tied records retain the earlier record (0.7277ms)
verify	Run npm test	2026-10-05T04:45:27.1768807Z ✔ corrupt or future best formats and failed writes never damage an existing record (0.567669ms)
verify	Run npm test	2026-10-05T04:45:27.1769819Z ✔ same-tick final turret and final ally losses produce mutual defeat before any respawn (36.867889ms)
verify	Run npm test	2026-10-05T04:45:27.1770853Z ✔ victory freezes flying bullets, unhit shots stay in N, and every result component is immutable (51.864576ms)
verify	Run npm test	2026-10-05T04:45:27.1771866Z ✔ an integrated timezero turret destruction cancels its genuine due warning shot before allocation (33.873672ms)
verify	Run npm test	2026-10-05T04:45:27.1773181Z ✔ a destruction during the warning releases its reservation and visual warning immediately without erasing older shots (29.764149ms)
verify	Run npm test	2026-10-05T04:45:27.1793471Z ✔ the last lifetime endpoint is excluded while the immediately earlier contact is valid (244.713159ms)
verify	Run npm test	2026-10-05T04:45:27.1794553Z ✔ boundary grace uses600 active ticks, resets on return, and never teleports an aircraft (143.352847ms)
verify	Run npm test	2026-10-05T04:45:27.1795364Z ✔ a timezero hull/sea collision cancels the player shot and gives no turret damage (162.889954ms)
verify	Run npm test	2026-10-05T04:45:27.1796174Z ✔ Normal player bullets damage friendly aircraft; Easy and wingman shots stop at protected contact (253.215774ms)
verify	Run npm test	2026-10-05T04:45:27.1799179Z ✔ main direct24HP never also deals splash to that plane, while colocated exposed allies receive12HP once (114.160658ms)
verify	Run npm test	2026-10-05T04:45:27.1800026Z ✔ main splash excludes the20m boundary and cannot cross a canonical turret shield (341.161119ms)
verify	Run npm test	2026-10-05T04:45:27.1800853Z ✔ synthetic15minute all-eight-guns fixture has no allocation failures and bounded live damage IDs (201.403797ms)
verify	Run npm test	2026-10-05T04:45:27.2013464Z ✔ intercept includes the fixed warning delay, chooses a positive root, and rejects an unreachable target (2.198483ms)
verify	Run npm test	2026-10-05T04:45:27.2035747Z ✔ the integrated tick-start warning uses actual moving-aircraft velocity after previous is reset (1111.290355ms)
verify	Run npm test	2026-10-05T04:45:27.2072211Z ✔ main warning lasts sixty ticks, keeps its physical aim fixed, and fires one 400m/s shot (3.343645ms)
verify	Run npm test	2026-10-05T04:45:27.2088554Z ✔ MG fires F, F+6, … F+54, then releases its reservation for 120ticks after the last shot (2.687844ms)
verify	Run npm test	2026-10-05T04:45:27.2125250Z ✔ MG cancellation after two real shots reloads from the last shot; target generation changes cancel pending shots (1.256349ms)
verify	Run npm test	2026-10-05T04:45:27.2126368Z ✔ a turret destroyed by an earlier contact cannot commit its same-tick pending shot (0.720809ms)
verify	Run npm test	2026-10-05T04:45:27.2160421Z ✔ main finite tracking does not exceed its turn speed and times out after 120ticks (1.961175ms)
verify	Run npm test	2026-10-05T04:45:27.2184964Z ✔ mg finite tracking does not exceed its turn speed and times out after 120ticks (0.842303ms)
verify	Run npm test	2026-10-05T04:45:27.2215144Z ✔ local yaw/pitch limits reject internal and off-axis targets on every exterior face (0.690524ms)
verify	Run npm test	2026-10-05T04:45:27.2244977Z ✔ active and per-aircraft caps are enforced, and unused IDs precede recently released reservations (4.237827ms)
verify	Run npm test	2026-10-05T04:45:27.2246406Z ✔ a full enemy pool defers every remaining burst slot by one tick and pauses after sixty consecutive failures (3.588616ms)
verify	Run npm test	2026-10-05T04:45:27.2265374Z ✔ wingmen assign at most two pilots to the final turret, release dead assignments, and keep flight updates external (23.512036ms)
verify	Run npm test	2026-10-05T04:45:27.2266536Z ✔ a real finite-flight wingman reaches and destroys a last top turret with ordinary scattered bullets (65.148775ms)
verify	Run npm test	2026-10-05T04:45:27.2267599Z ✔ a real finite-flight wingman reaches and destroys a last bottom turret with ordinary scattered bullets (83.3453ms)
verify	Run npm test	2026-10-05T04:45:27.2268611Z ✔ a real finite-flight wingman reaches and destroys a last left turret with ordinary scattered bullets (55.944525ms)
verify	Run npm test	2026-10-05T04:45:27.2269699Z ✔ a real finite-flight wingman reaches and destroys a last right turret with ordinary scattered bullets (50.942868ms)
verify	Run npm test	2026-10-05T04:45:27.2270747Z ✔ a real finite-flight wingman reaches and destroys a last front turret with ordinary scattered bullets (49.553527ms)
verify	Run npm test	2026-10-05T04:45:27.2272342Z ✔ a real finite-flight wingman reaches and destroys a last rear turret with ordinary scattered bullets (61.475562ms)
verify	Run npm test	2026-10-05T04:45:28.9710074Z ✔ A12/R45 inspection fixture compares ordinary evasion with no evasion through the real projectile sweep (3466.546258ms)
verify	Run npm test	2026-10-05T04:45:33.0828298Z ✔ fixed source flight and camera tuning remain unchanged (1.247125ms)
verify	Run npm test	2026-10-05T04:45:33.0829045Z ✔ right turn, climb and throttle preserve physical signs and bounded speed (1.628942ms)
verify	Run npm test	2026-10-05T04:45:33.0829488Z ✔ five second loop ends once and new steering interrupts without teleportation (1.851419ms)
verify	Run npm test	2026-10-05T04:45:33.0832220Z ✔ no P1 placeholder target pulls steering; hidden/dead targets are rejected and shot correction is finite (0.440666ms)
verify	Run npm test	2026-10-05T04:45:33.0833342Z ✔ preparation, pause, report and stale callbacks keep one authoritative operation (379.378659ms)
verify	Run npm test	2026-10-05T04:45:33.0834303Z ✔ accepted fixed-tick inputs produce the same final flight at 30/60/120Hz rendering (5504.525984ms)
verify	Run npm test	2026-10-05T04:45:33.0841447Z ✔ keyboard schema exposes nine actions and rejects invalid or duplicate settings (0.746268ms)
verify	Run npm test	2026-10-05T04:45:41.9689470Z ✔ layout data fixes 100 unique turrets, six face counts, unit axes, HP and approach intervals (9.086137ms)
verify	Run npm test	2026-10-05T04:45:41.9693429Z ✔ synthetic finite-fleet fixture preserves all 50 identities through simultaneous losses and respawns (16.522019ms)
verify	Run npm test	2026-10-05T04:45:41.9696382Z ✔ scoring preserves the fixed 160,000 example, time monotonicity, negative totals and N=0 semantics (0.341086ms)
verify	Run npm test	2026-10-05T04:45:41.9697205Z ✔ score events are idempotent and retain shooter ownership across the finishing hit (0.452223ms)
verify	Run npm test	2026-10-05T04:45:41.9697947Z ✔ mode-specific best records accept only valid victories and preserve future envelopes (0.920773ms)
verify	Run npm test	2026-10-05T04:45:41.9700689Z ✔ ordinary combat inputs preserve the same logical snapshot at 30, 60 and 120 Hz (14448.95787ms)
verify	Run npm test	2026-10-05T04:45:41.9954151Z ✔ canonical layout has fixed100 unique IDs, six-face20/80 distribution and24,000HP (3.70382ms)
verify	Run npm test	2026-10-05T04:45:41.9955073Z ✔ every turret has a350m ordinary-flight approach with aircraft radius+10m clearance and first-contact firing access (22.512411ms)
verify	Run npm test	2026-10-05T04:45:41.9955910Z ✔ spawn and return corridor candidates satisfy all real muzzle range margins and30m separation (5.884641ms)
verify	Run npm test	2026-10-05T04:45:41.9956654Z ✔ the exterior network connects above/below/front/rear and sides without hull shortcuts (18.238909ms)
verify	Run npm test	2026-10-05T04:45:41.9957438Z ✔ shared first-contact geometry blocks opposite faces but keeps visible armor gaps open (9.322734ms)
verify	Run npm test	2026-10-05T04:45:41.9957999Z ✔ rounded-box sweeps catch tunnelling, reject inflated-box corner false positives and handle rotated boxes (0.534217ms)
verify	Run npm test	2026-10-05T04:45:41.9958656Z ✔ spatial grid returns the same nearest collision as all canonical parts, including changing barrels (88.964702ms)
verify	Run npm test	2026-10-05T04:45:41.9959436Z ✔ camera casts use the same first contact, and moving aircraft / sea sweeps find real crossings (1.859722ms)
verify	Run npm test	2026-10-05T04:45:41.9960196Z ✔ integer damage clamps overkill, damage stages have exact thresholds, attack IDs resolve once (1.170549ms)
verify	Run npm test	2026-10-05T04:45:41.9960952Z ✔ destroyed turrets retain a low canonical wreck and final destruction time / freeze are stable (1.320316ms)
verify	Run npm test	2026-10-05T04:45:41.9961721Z ✔ retired numeric attack IDs remain rejected while retained de-dup state stays bounded by live IDs (4.240651ms)
verify	Run npm test	2026-10-05T04:45:41.9962247Z ✔ pointercancel releases its own steering and button owners while preserving another active pointer (2.201949ms)
verify	Run npm test	2026-10-05T04:45:41.9962713Z ✔ resize and blur clear held pointer and keyboard state so stale input cannot resume flight (0.858939ms)
verify	Run npm test	2026-10-05T04:45:41.9963104Z ✔ settings writes roll back earlier keys after a later write fails (0.206232ms)
verify	Run npm test	2026-10-05T04:45:41.9963501Z ✔ future settings versions block the whole save without touching any stored value (0.124538ms)
verify	Run npm test	2026-10-05T04:45:41.9964450Z ✔ a wall-clock gap of two seconds discards accumulated time and needs a later fresh frame (115.557475ms)
verify	Run npm test	2026-10-05T04:45:41.9964897Z ℹ tests 76
verify	Run npm test	2026-10-05T04:45:41.9965110Z ℹ suites 0
verify	Run npm test	2026-10-05T04:45:41.9965341Z ℹ pass 76
verify	Run npm test	2026-10-05T04:45:41.9965570Z ℹ fail 0
verify	Run npm test	2026-10-05T04:45:41.9965775Z ℹ cancelled 0
verify	Run npm test	2026-10-05T04:45:41.9965981Z ℹ skipped 0
verify	Run npm test	2026-10-05T04:45:41.9966184Z ℹ todo 0
verify	Run npm test	2026-10-05T04:45:41.9966433Z ℹ duration_ms 17030.676985
verify	Run npm run build	﻿2026-10-05T04:45:42.0097507Z ##[group]Run npm run build
verify	Run npm run build	2026-10-05T04:45:42.0097699Z [36;1mnpm run build[0m
verify	Run npm run build	2026-10-05T04:45:42.0148608Z shell: /usr/bin/bash -e {0}
verify	Run npm run build	2026-10-05T04:45:42.0148803Z ##[endgroup]
verify	Run npm run build	2026-10-05T04:45:42.0844483Z 
verify	Run npm run build	2026-10-05T04:45:42.0845118Z > gekichin@0.1.0 build
verify	Run npm run build	2026-10-05T04:45:42.0845425Z > tsc --noEmit && vite build
verify	Run npm run build	2026-10-05T04:45:42.0845537Z 
verify	Run npm run build	2026-10-05T04:45:43.4104807Z [36mvite v8.3.1 [32mbuilding client environment for production...[36m[39m
verify	Run npm run build	2026-10-05T04:45:43.4200281Z transforming...
verify	Run npm run build	2026-10-05T04:45:43.5029817Z ✓ 29 modules transformed.
verify	Run npm run build	2026-10-05T04:45:43.5288985Z rendering chunks...
verify	Run npm run build	2026-10-05T04:45:43.5754499Z computing gzip size...
verify	Run npm run build	2026-10-05T04:45:43.5825611Z dist/index.html                   0.61 kB │ gzip:   0.40 kB
verify	Run npm run build	2026-10-05T04:45:43.5825988Z dist/assets/index-B79rSzXU.css   22.09 kB │ gzip:   5.37 kB
verify	Run npm run build	2026-10-05T04:45:43.5826307Z dist/assets/index-BwP1C-i_.js   737.01 kB │ gzip: 195.99 kB
verify	Run npm run build	2026-10-05T04:45:43.5826448Z 
verify	Run npm run build	2026-10-05T04:45:43.5830139Z [32m✓ built in 171ms[39m
verify	Run npm run build	2026-10-05T04:45:43.5834816Z [33m[plugin builtin:vite-reporter] 
verify	Run npm run build	2026-10-05T04:45:43.5835260Z (!) Some chunks are larger than 500 kB after minification. Consider:
verify	Run npm run build	2026-10-05T04:45:43.5835700Z - Using dynamic import() to code-split the application
verify	Run npm run build	2026-10-05T04:45:43.5836421Z - Use build.rolldownOptions.output.codeSplitting to improve chunking: https://rolldown.rs/reference/OutputOptions.codeSplitting
verify	Run npm run build	2026-10-05T04:45:43.5837215Z - Adjust chunk size limit for this warning via build.chunkSizeWarningLimit.[39m
verify	Run npx playwright install --with-deps chromium webkit	﻿2026-10-05T04:45:43.6035388Z ##[group]Run npx playwright install --with-deps chromium webkit
verify	Run npx playwright install --with-deps chromium webkit	2026-10-05T04:45:43.6035682Z [36;1mnpx playwright install --with-deps chromium webkit[0m
verify	Run npx playwright install --with-deps chromium webkit	2026-10-05T04:45:43.6088800Z shell: /usr/bin/bash -e {0}
verify	Run npx playwright install --with-deps chromium webkit	2026-10-05T04:45:43.6088979Z ##[endgroup]
verify	Run npx playwright install --with-deps chromium webkit	2026-10-05T04:45:44.0615862Z Installing dependencies...
verify	Run npx playwright install --with-deps chromium webkit	2026-10-05T04:45:44.0671894Z Switching to root user to install dependencies...
verify	Run npx playwright install --with-deps chromium webkit	2026-10-05T04:45:44.1365879Z Get:1 file:/etc/apt/apt-mirrors.txt Mirrorlist [144 B]
verify	Run npx playwright install --with-deps chromium webkit	2026-10-05T04:45:44.1713307Z Hit:2 http://azure.archive.ubuntu.com/ubuntu noble InRelease
verify	Run npx playwright install --with-deps chromium webkit	2026-10-05T04:45:44.1770994Z Get:3 http://azure.archive.ubuntu.com/ubuntu noble-updates InRelease [126 kB]
verify	Run npx playwright install --with-deps chromium webkit	2026-10-05T04:45:44.1829023Z Get:4 http://azure.archive.ubuntu.com/ubuntu noble-backports InRelease [126 kB]
verify	Run npx playwright install --with-deps chromium webkit	2026-10-05T04:45:44.1829968Z Get:5 http://azure.archive.ubuntu.com/ubuntu noble-security InRelease [126 kB]
verify	Run npx playwright install --with-deps chromium webkit	2026-10-05T04:45:44.1857007Z Get:6 https://packages.microsoft.com/ubuntu/24.04/prod noble InRelease [3600 B]
verify	Run npx playwright install --with-deps chromium webkit	2026-10-05T04:45:44.2668576Z Get:7 http://azure.archive.ubuntu.com/ubuntu noble-updates/main amd64 Packages [1364 kB]
verify	Run npx playwright install --with-deps chromium webkit	2026-10-05T04:45:44.2776341Z Get:8 http://azure.archive.ubuntu.com/ubuntu noble-updates/main Translation-en [304 kB]
verify	Run npx playwright install --with-deps chromium webkit	2026-10-05T04:45:44.2799564Z Get:9 http://azure.archive.ubuntu.com/ubuntu noble-updates/main amd64 Components [181 kB]
verify	Run npx playwright install --with-deps chromium webkit	2026-10-05T04:45:44.2824548Z Get:10 http://azure.archive.ubuntu.com/ubuntu noble-updates/universe amd64 Packages [1699 kB]
verify	Run npx playwright install --with-deps chromium webkit	2026-10-05T04:45:44.2870700Z Get:11 http://azure.archive.ubuntu.com/ubuntu noble-updates/universe Translation-en [341 kB]
verify	Run npx playwright install --with-deps chromium webkit	2026-10-05T04:45:44.2890849Z Get:12 http://azure.archive.ubuntu.com/ubuntu noble-updates/universe amd64 Components [388 kB]
verify	Run npx playwright install --with-deps chromium webkit	2026-10-05T04:45:44.2913356Z Get:13 http://azure.archive.ubuntu.com/ubuntu noble-updates/restricted amd64 Packages [1720 kB]
verify	Run npx playwright install --with-deps chromium webkit	2026-10-05T04:45:44.2983611Z Get:14 http://azure.archive.ubuntu.com/ubuntu noble-updates/restricted Translation-en [394 kB]
verify	Run npx playwright install --with-deps chromium webkit	2026-10-05T04:45:44.3004910Z Get:15 http://azure.archive.ubuntu.com/ubuntu noble-updates/multiverse amd64 Components [940 B]
verify	Run npx playwright install --with-deps chromium webkit	2026-10-05T04:45:44.3137310Z Get:16 http://azure.archive.ubuntu.com/ubuntu noble-backports/main amd64 Components [5776 B]
verify	Run npx playwright install --with-deps chromium webkit	2026-10-05T04:45:44.3628882Z Get:17 http://azure.archive.ubuntu.com/ubuntu noble-backports/universe amd64 Components [12.6 kB]
verify	Run npx playwright install --with-deps chromium webkit	2026-10-05T04:45:44.3641882Z Get:18 http://azure.archive.ubuntu.com/ubuntu noble-security/main amd64 Packages [1069 kB]
verify	Run npx playwright install --with-deps chromium webkit	2026-10-05T04:45:44.3687650Z Get:19 http://azure.archive.ubuntu.com/ubuntu noble-security/main Translation-en [221 kB]
verify	Run npx playwright install --with-deps chromium webkit	2026-10-05T04:45:44.3724893Z Get:20 http://azure.archive.ubuntu.com/ubuntu noble-security/main amd64 Components [46.4 kB]
verify	Run npx playwright install --with-deps chromium webkit	2026-10-05T04:45:44.3736673Z Get:21 http://azure.archive.ubuntu.com/ubuntu noble-security/universe amd64 Packages [1216 kB]
verify	Run npx playwright install --with-deps chromium webkit	2026-10-05T04:45:44.3773007Z Get:22 http://azure.archive.ubuntu.com/ubuntu noble-security/universe Translation-en [244 kB]
verify	Run npx playwright install --with-deps chromium webkit	2026-10-05T04:45:44.3781990Z Get:23 http://azure.archive.ubuntu.com/ubuntu noble-security/universe amd64 Components [76.4 kB]
verify	Run npx playwright install --with-deps chromium webkit	2026-10-05T04:45:44.3814778Z Get:24 http://azure.archive.ubuntu.com/ubuntu noble-security/restricted amd64 Packages [1566 kB]
verify	Run npx playwright install --with-deps chromium webkit	2026-10-05T04:45:44.3854337Z Get:25 http://azure.archive.ubuntu.com/ubuntu noble-security/restricted Translation-en [361 kB]
verify	Run npx playwright install --with-deps chromium webkit	2026-10-05T04:45:44.4151965Z Get:26 https://packages.microsoft.com/ubuntu/24.04/prod noble/main arm64 Packages [458 kB]
verify	Run npx playwright install --with-deps chromium webkit	2026-10-05T04:45:44.4291288Z Get:27 https://packages.microsoft.com/ubuntu/24.04/prod noble/main armhf Packages [12.6 kB]
verify	Run npx playwright install --with-deps chromium webkit	2026-10-05T04:45:44.4339494Z Get:28 https://packages.microsoft.com/ubuntu/24.04/prod noble/main amd64 Packages [511 kB]
verify	Run npx playwright install --with-deps chromium webkit	2026-10-05T04:45:50.0340006Z Fetched 12.6 MB in 1s (12.6 MB/s)
verify	Run npx playwright install --with-deps chromium webkit	2026-10-05T04:45:50.5445532Z Reading package lists...
verify	Run npx playwright install --with-deps chromium webkit	2026-10-05T04:45:50.5629650Z Reading package lists...
verify	Run npx playwright install --with-deps chromium webkit	2026-10-05T04:45:50.7162608Z Building dependency tree...
verify	Run npx playwright install --with-deps chromium webkit	2026-10-05T04:45:50.7167995Z Reading state information...
verify	Run npx playwright install --with-deps chromium webkit	2026-10-05T04:45:50.7287753Z libasound2t64 is already the newest version (1.2.11-1ubuntu0.3).
verify	Run npx playwright install --with-deps chromium webkit	2026-10-05T04:45:50.7288970Z libasound2t64 set to manually installed.
verify	Run npx playwright install --with-deps chromium webkit	2026-10-05T04:45:50.7289385Z libatk-bridge2.0-0t64 is already the newest version (2.52.0-1build1).
verify	Run npx playwright install --with-deps chromium webkit	2026-10-05T04:45:50.7289785Z libatk-bridge2.0-0t64 set to manually installed.
verify	Run npx playwright install --with-deps chromium webkit	2026-10-05T04:45:50.7290141Z libatk1.0-0t64 is already the newest version (2.52.0-1build1).
verify	Run npx playwright install --with-deps chromium webkit	2026-10-05T04:45:50.7290490Z libatk1.0-0t64 set to manually installed.
verify	Run npx playwright install --with-deps chromium webkit	2026-10-05T04:45:50.7290842Z libatspi2.0-0t64 is already the newest version (2.52.0-1build1).
verify	Run npx playwright install --with-deps chromium webkit	2026-10-05T04:45:50.7291186Z libatspi2.0-0t64 set to manually installed.
verify	Run npx playwright install --with-deps chromium webkit	2026-10-05T04:45:50.7291529Z libcairo2 is already the newest version (1.18.0-3build1).
verify	Run npx playwright install --with-deps chromium webkit	2026-10-05T04:45:50.7291845Z libcairo2 set to manually installed.
verify	Run npx playwright install --with-deps chromium webkit	2026-10-05T04:45:50.7292192Z libcups2t64 is already the newest version (2.4.7-1.2ubuntu7.14).
verify	Run npx playwright install --with-deps chromium webkit	2026-10-05T04:45:50.7292532Z libcups2t64 set to manually installed.
verify	Run npx playwright install --with-deps chromium webkit	2026-10-05T04:45:50.7292870Z libdbus-1-3 is already the newest version (1.14.10-4ubuntu4.1).
verify	Run npx playwright install --with-deps chromium webkit	2026-10-05T04:45:50.7293208Z libdbus-1-3 set to manually installed.
verify	Run npx playwright install --with-deps chromium webkit	2026-10-05T04:45:50.7293553Z libdrm2 is already the newest version (2.4.125-1ubuntu0.1~24.04.2).
verify	Run npx playwright install --with-deps chromium webkit	2026-10-05T04:45:50.7293879Z libdrm2 set to manually installed.
verify	Run npx playwright install --with-deps chromium webkit	2026-10-05T04:45:50.7294479Z libglib2.0-0t64 is already the newest version (2.80.0-6ubuntu3.9).
verify	Run npx playwright install --with-deps chromium webkit	2026-10-05T04:45:50.7294835Z libglib2.0-0t64 set to manually installed.
verify	Run npx playwright install --with-deps chromium webkit	2026-10-05T04:45:50.7295153Z libnspr4 is already the newest version (2:4.35-1.1build1).
verify	Run npx playwright install --with-deps chromium webkit	2026-10-05T04:45:50.7295420Z libnspr4 set to manually installed.
verify	Run npx playwright install --with-deps chromium webkit	2026-10-05T04:45:50.7295692Z libnss3 is already the newest version (2:3.98-1ubuntu0.2).
verify	Run npx playwright install --with-deps chromium webkit	2026-10-05T04:45:50.7295953Z libnss3 set to manually installed.
verify	Run npx playwright install --with-deps chromium webkit	2026-10-05T04:45:50.7296234Z libpango-1.0-0 is already the newest version (1.52.1+ds-1build1).
verify	Run npx playwright install --with-deps chromium webkit	2026-10-05T04:45:50.7296513Z libpango-1.0-0 set to manually installed.
verify	Run npx playwright install --with-deps chromium webkit	2026-10-05T04:45:50.7296757Z libx11-6 is already the newest version (2:1.8.7-1build1).
verify	Run npx playwright install --with-deps chromium webkit	2026-10-05T04:45:50.7297016Z libx11-6 set to manually installed.
verify	Run npx playwright install --with-deps chromium webkit	2026-10-05T04:45:50.7297248Z libxcb1 is already the newest version (1.15-1ubuntu2).
verify	Run npx playwright install --with-deps chromium webkit	2026-10-05T04:45:50.7297509Z libxcb1 set to manually installed.
verify	Run npx playwright install --with-deps chromium webkit	2026-10-05T04:45:50.7297772Z libxcomposite1 is already the newest version (1:0.4.5-1build3).
verify	Run npx playwright install --with-deps chromium webkit	2026-10-05T04:45:50.7298027Z libxcomposite1 set to manually installed.
verify	Run npx playwright install --with-deps chromium webkit	2026-10-05T04:45:50.7298308Z libxdamage1 is already the newest version (1:1.1.6-1build1).
verify	Run npx playwright install --with-deps chromium webkit	2026-10-05T04:45:50.7298550Z libxdamage1 set to manually installed.
verify	Run npx playwright install --with-deps chromium webkit	2026-10-05T04:45:50.7298818Z libxext6 is already the newest version (2:1.3.4-1build2).
verify	Run npx playwright install --with-deps chromium webkit	2026-10-05T04:45:50.7299076Z libxext6 set to manually installed.
verify	Run npx playwright install --with-deps chromium webkit	2026-10-05T04:45:50.7299370Z libxfixes3 is already the newest version (1:6.0.0-2build1).
verify	Run npx playwright install --with-deps chromium webkit	2026-10-05T04:45:50.7299630Z libxfixes3 set to manually installed.
verify	Run npx playwright install --with-deps chromium webkit	2026-10-05T04:45:50.7299883Z libxkbcommon0 is already the newest version (1.6.0-1build1).
verify	Run npx playwright install --with-deps chromium webkit	2026-10-05T04:45:50.7300153Z libxkbcommon0 set to manually installed.
verify	Run npx playwright install --with-deps chromium webkit	2026-10-05T04:45:50.7300400Z libxrandr2 is already the newest version (2:1.5.2-2build1).
verify	Run npx playwright install --with-deps chromium webkit	2026-10-05T04:45:50.7300667Z libxrandr2 set to manually installed.
verify	Run npx playwright install --with-deps chromium webkit	2026-10-05T04:45:50.7300916Z xvfb is already the newest version (2:21.1.12-1ubuntu1.8).
verify	Run npx playwright install --with-deps chromium webkit	2026-10-05T04:45:50.7301252Z fonts-noto-color-emoji is already the newest version (2.047-0ubuntu0.24.04.1).
verify	Run npx playwright install --with-deps chromium webkit	2026-10-05T04:45:50.7301617Z libfontconfig1 is already the newest version (2.15.0-1.1ubuntu2).
verify	Run npx playwright install --with-deps chromium webkit	2026-10-05T04:45:50.7301868Z libfontconfig1 set to manually installed.
verify	Run npx playwright install --with-deps chromium webkit	2026-10-05T04:45:50.7302131Z libfreetype6 is already the newest version (2.13.2+dfsg-1ubuntu0.1).
verify	Run npx playwright install --with-deps chromium webkit	2026-10-05T04:45:50.7302419Z libfreetype6 set to manually installed.
verify	Run npx playwright install --with-deps chromium webkit	2026-10-05T04:45:50.7302657Z fonts-liberation is already the newest version (1:2.1.5-3).
verify	Run npx playwright install --with-deps chromium webkit	2026-10-05T04:45:50.7302910Z fonts-liberation set to manually installed.
verify	Run npx playwright install --with-deps chromium webkit	2026-10-05T04:45:50.7303137Z libicu74 is already the newest version (74.2-1ubuntu3.1).
verify	Run npx playwright install --with-deps chromium webkit	2026-10-05T04:45:50.7303424Z libatomic1 is already the newest version (14.2.0-4ubuntu2~24.04.1).
verify	Run npx playwright install --with-deps chromium webkit	2026-10-05T04:45:50.7303676Z libatomic1 set to manually installed.
verify	Run npx playwright install --with-deps chromium webkit	2026-10-05T04:45:50.7303956Z libcairo-gobject2 is already the newest version (1.18.0-3build1).
verify	Run npx playwright install --with-deps chromium webkit	2026-10-05T04:45:50.7304620Z libcairo-gobject2 set to manually installed.
verify	Run npx playwright install --with-deps chromium webkit	2026-10-05T04:45:50.7304909Z libenchant-2-2 is already the newest version (2.3.3-2build2).
verify	Run npx playwright install --with-deps chromium webkit	2026-10-05T04:45:50.7305182Z libenchant-2-2 set to manually installed.
verify	Run npx playwright install --with-deps chromium webkit	2026-10-05T04:45:50.7305454Z libepoxy0 is already the newest version (1.5.10-1build1).
verify	Run npx playwright install --with-deps chromium webkit	2026-10-05T04:45:50.7305714Z libepoxy0 set to manually installed.
verify	Run npx playwright install --with-deps chromium webkit	2026-10-05T04:45:50.7306021Z libgdk-pixbuf-2.0-0 is already the newest version (2.42.10+dfsg-3ubuntu3.3).
verify	Run npx playwright install --with-deps chromium webkit	2026-10-05T04:45:50.7306336Z libgdk-pixbuf-2.0-0 set to manually installed.
verify	Run npx playwright install --with-deps chromium webkit	2026-10-05T04:45:50.7306609Z libgstreamer1.0-0 is already the newest version (1.24.2-1ubuntu0.1).
verify	Run npx playwright install --with-deps chromium webkit	2026-10-05T04:45:50.7306899Z libgstreamer1.0-0 set to manually installed.
verify	Run npx playwright install --with-deps chromium webkit	2026-10-05T04:45:50.7307175Z libharfbuzz0b is already the newest version (8.3.0-2build2).
verify	Run npx playwright install --with-deps chromium webkit	2026-10-05T04:45:50.7307526Z libharfbuzz0b set to manually installed.
verify	Run npx playwright install --with-deps chromium webkit	2026-10-05T04:45:50.7307782Z libjpeg-turbo8 is already the newest version (2.1.5-2ubuntu2).
verify	Run npx playwright install --with-deps chromium webkit	2026-10-05T04:45:50.7308072Z libjpeg-turbo8 set to manually installed.
verify	Run npx playwright install --with-deps chromium webkit	2026-10-05T04:45:50.7308357Z liblcms2-2 is already the newest version (2.14-2ubuntu0.1).
verify	Run npx playwright install --with-deps chromium webkit	2026-10-05T04:45:50.7308594Z liblcms2-2 set to manually installed.
verify	Run npx playwright install --with-deps chromium webkit	2026-10-05T04:45:50.7308886Z libpangocairo-1.0-0 is already the newest version (1.52.1+ds-1build1).
verify	Run npx playwright install --with-deps chromium webkit	2026-10-05T04:45:50.7309159Z libpangocairo-1.0-0 set to manually installed.
verify	Run npx playwright install --with-deps chromium webkit	2026-10-05T04:45:50.7309451Z libpng16-16t64 is already the newest version (1.6.43-5ubuntu0.6).
verify	Run npx playwright install --with-deps chromium webkit	2026-10-05T04:45:50.7309732Z libpng16-16t64 set to manually installed.
verify	Run npx playwright install --with-deps chromium webkit	2026-10-05T04:45:50.7310025Z libwayland-client0 is already the newest version (1.22.0-2.1build1).
verify	Run npx playwright install --with-deps chromium webkit	2026-10-05T04:45:50.7310318Z libwayland-client0 set to manually installed.
verify	Run npx playwright install --with-deps chromium webkit	2026-10-05T04:45:50.7310614Z libwayland-egl1 is already the newest version (1.22.0-2.1build1).
verify	Run npx playwright install --with-deps chromium webkit	2026-10-05T04:45:50.7310895Z libwayland-egl1 set to manually installed.
verify	Run npx playwright install --with-deps chromium webkit	2026-10-05T04:45:50.7311164Z libwebp7 is already the newest version (1.3.2-0.4build3).
verify	Run npx playwright install --with-deps chromium webkit	2026-10-05T04:45:50.7311573Z libwebp7 set to manually installed.
verify	Run npx playwright install --with-deps chromium webkit	2026-10-05T04:45:50.8346576Z libwebpdemux2 is already the newest version (1.3.2-0.4build3).
verify	Run npx playwright install --with-deps chromium webkit	2026-10-05T04:45:50.8347067Z libwebpdemux2 set to manually installed.
verify	Run npx playwright install --with-deps chromium webkit	2026-10-05T04:45:50.8347385Z libxml2 is already the newest version (2.9.14+dfsg-1.3ubuntu3.9).
verify	Run npx playwright install --with-deps chromium webkit	2026-10-05T04:45:50.8347720Z libxml2 set to manually installed.
verify	Run npx playwright install --with-deps chromium webkit	2026-10-05T04:45:50.8348088Z libxslt1.1 is already the newest version (1.1.39-0exp1ubuntu0.24.04.3).
verify	Run npx playwright install --with-deps chromium webkit	2026-10-05T04:45:50.8348466Z libxslt1.1 set to manually installed.
verify	Run npx playwright install --with-deps chromium webkit	2026-10-05T04:45:50.8348764Z The following additional packages will be installed:
verify	Run npx playwright install --with-deps chromium webkit	2026-10-05T04:45:50.8349090Z   glib-networking glib-networking-common glib-networking-services
verify	Run npx playwright install --with-deps chromium webkit	2026-10-05T04:45:50.8349558Z   gsettings-desktop-schemas libaa1 libabsl20220623t64 libass9 libasyncns0
verify	Run npx playwright install --with-deps chromium webkit	2026-10-05T04:45:50.8350014Z   libavc1394-0 libavcodec60 libavfilter9 libavformat60 libavtp0 libavutil58
verify	Run npx playwright install --with-deps chromium webkit	2026-10-05T04:45:50.8350446Z   libblas3 libbluray2 libbs2b0 libcaca0 libcairo-script-interpreter2
verify	Run npx playwright install --with-deps chromium webkit	2026-10-05T04:45:50.8350911Z   libcdparanoia0 libchromaprint1 libcjson1 libcodec2-1.2 libdav1d7
verify	Run npx playwright install --with-deps chromium webkit	2026-10-05T04:45:50.8351377Z   libdc1394-25 libdca0 libde265-0 libdecor-0-0 libdirectfb-1.7-7t64 libdv4t64
verify	Run npx playwright install --with-deps chromium webkit	2026-10-05T04:45:50.8351770Z   libdvdnav4 libdvdread8t64 libegl-mesa0 libegl1 libevent-core-2.1-7t64
verify	Run npx playwright install --with-deps chromium webkit	2026-10-05T04:45:50.8352117Z   libevent-pthreads-2.1-7t64 libfaad2 libflac12t64 libfluidsynth3 libfreeaptx0
verify	Run npx playwright install --with-deps chromium webkit	2026-10-05T04:45:50.8352470Z   libgav1-1 libgl1-mesa-dri libglx-mesa0 libgme0 libgraphene-1.0-0 libgsm1
verify	Run npx playwright install --with-deps chromium webkit	2026-10-05T04:45:50.8352833Z   libgssdp-1.6-0 libgstreamer-plugins-good1.0-0 libgtk-4-common libgupnp-1.6-0
verify	Run npx playwright install --with-deps chromium webkit	2026-10-05T04:45:50.8353177Z   libgupnp-igd-1.6-0 libhwy1t64 libiec61883-0 libimath-3-1-29t64
verify	Run npx playwright install --with-deps chromium webkit	2026-10-05T04:45:50.8353501Z   libinstpatch-1.0-2 libjack-jackd2-0 libjxl0.7 liblapack3 liblc3-1
verify	Run npx playwright install --with-deps chromium webkit	2026-10-05T04:45:50.8353822Z   libldacbt-enc2 liblilv-0-0 liblrdf0 libltc11 libmbedcrypto7t64 libmfx1
verify	Run npx playwright install --with-deps chromium webkit	2026-10-05T04:45:50.8354338Z   libmjpegutils-2.1-0t64 libmodplug1 libmp3lame0 libmpcdec6
verify	Run npx playwright install --with-deps chromium webkit	2026-10-05T04:45:50.8354955Z   libmpeg2encpp-2.1-0t64 libmpg123-0t64 libmplex2-2.1-0t64 libmysofa1
verify	Run npx playwright install --with-deps chromium webkit	2026-10-05T04:45:50.8355387Z   libneon27t64 libnice10 libopenal-data libopenal1 libopenexr-3-1-30
verify	Run npx playwright install --with-deps chromium webkit	2026-10-05T04:45:50.8355672Z   libopenh264-7 libopenmpt0t64 libopenni2-0 liborc-0.4-0t64
verify	Run npx playwright install --with-deps chromium webkit	2026-10-05T04:45:50.8355988Z   libpipewire-0.3-0t64 libplacebo338 libpocketsphinx3 libpostproc57
verify	Run npx playwright install --with-deps chromium webkit	2026-10-05T04:45:50.8356356Z   libproxy1v5 libpulse0 libqrencode4 libraptor2-0 librav1e0 libraw1394-11
verify	Run npx playwright install --with-deps chromium webkit	2026-10-05T04:45:50.8356698Z   librist4 librsvg2-2 librubberband2 libsamplerate0 libsbc1 libsdl2-2.0-0
verify	Run npx playwright install --with-deps chromium webkit	2026-10-05T04:45:50.8357043Z   libsecret-common libserd-0-0 libshine3 libshout3 libsndfile1 libsndio7.0
verify	Run npx playwright install --with-deps chromium webkit	2026-10-05T04:45:50.8357385Z   libsord-0-0 libsoundtouch1 libsoup-3.0-0 libsoup-3.0-common libsoxr0
verify	Run npx playwright install --with-deps chromium webkit	2026-10-05T04:45:50.8357729Z   libspa-0.2-modules libspandsp2t64 libspeex1 libsphinxbase3t64 libsratom-0-0
verify	Run npx playwright install --with-deps chromium webkit	2026-10-05T04:45:50.8358080Z   libsrt1.5-gnutls libsrtp2-1 libssh-gcrypt-4 libsvtav1enc1d1 libswresample4
verify	Run npx playwright install --with-deps chromium webkit	2026-10-05T04:45:50.8358441Z   libswscale7 libtag1v5 libtag1v5-vanilla libtheora0 libtwolame0 libudfread0
verify	Run npx playwright install --with-deps chromium webkit	2026-10-05T04:45:50.8358797Z   libunibreak5 libv4l-0t64 libv4lconvert0t64 libva-drm2 libva-x11-2 libva2
verify	Run npx playwright install --with-deps chromium webkit	2026-10-05T04:45:50.8359140Z   libvdpau1 libvidstab1.1 libvisual-0.4-0 libvo-aacenc0 libvo-amrwbenc0
verify	Run npx playwright install --with-deps chromium webkit	2026-10-05T04:45:50.8359480Z   libvorbisenc2 libvpl2 libwavpack1 libwebrtc-audio-processing1 libwildmidi2
verify	Run npx playwright install --with-deps chromium webkit	2026-10-05T04:45:50.8359823Z   libx265-199 libxcb-xkb1 libxkbcommon-x11-0 libxvidcore4 libyuv0 libzbar0t64
verify	Run npx playwright install --with-deps chromium webkit	2026-10-05T04:45:50.8360197Z   libzimg2 libzix-0-0 libzvbi-common libzvbi0t64 libzxing3 mesa-libgallium
verify	Run npx playwright install --with-deps chromium webkit	2026-10-05T04:45:50.8360546Z   ocl-icd-libopencl1 session-migration timgm6mb-soundfont xfonts-encodings
verify	Run npx playwright install --with-deps chromium webkit	2026-10-05T04:45:50.8360799Z   xfonts-utils
verify	Run npx playwright install --with-deps chromium webkit	2026-10-05T04:45:50.8360990Z Suggested packages:
verify	Run npx playwright install --with-deps chromium webkit	2026-10-05T04:45:50.8361234Z   frei0r-plugins gvfs libcuda1 libnvcuvid1 libnvidia-encode1 libbluray-bdj
verify	Run npx playwright install --with-deps chromium webkit	2026-10-05T04:45:50.8361579Z   libdirectfb-extra libdv-bin oss-compat libdvdcss2 libvisual-0.4-plugins
verify	Run npx playwright install --with-deps chromium webkit	2026-10-05T04:45:50.8361886Z   jackd2 liblrdf0-dev libportaudio2 opus-tools pipewire pulseaudio
verify	Run npx playwright install --with-deps chromium webkit	2026-10-05T04:45:50.8362215Z   raptor2-utils libraw1394-doc librsvg2-bin serdi sndiod sordi speex
verify	Run npx playwright install --with-deps chromium webkit	2026-10-05T04:45:50.8362517Z   libwildmidi-config opencl-icd fluid-soundfont-gm
verify	Run npx playwright install --with-deps chromium webkit	2026-10-05T04:45:50.8362738Z Recommended packages:
verify	Run npx playwright install --with-deps chromium webkit	2026-10-05T04:45:50.8362963Z   fonts-ipafont-mincho fonts-tlwg-loma gstreamer1.0-x libaacs0
verify	Run npx playwright install --with-deps chromium webkit	2026-10-05T04:45:50.8363271Z   default-libdecor-0-plugin-1 | libdecor-0-plugin-1 gstreamer1.0-gl
verify	Run npx playwright install --with-deps chromium webkit	2026-10-05T04:45:50.8363625Z   libgtk-4-bin librsvg2-common libgtk-4-media-gstreamer libpipewire-0.3-common
verify	Run npx playwright install --with-deps chromium webkit	2026-10-05T04:45:50.8364093Z   pocketsphinx-en-us va-driver-all | va-driver vdpau-driver-all | vdpau-driver
verify	Run npx playwright install --with-deps chromium webkit	2026-10-05T04:45:50.8364370Z   libmagickcore-6.q16-7-extra
verify	Run npx playwright install --with-deps chromium webkit	2026-10-05T04:45:50.8820183Z The following NEW packages will be installed:
verify	Run npx playwright install --with-deps chromium webkit	2026-10-05T04:45:50.8820684Z   fonts-freefont-ttf fonts-ipafont-gothic fonts-tlwg-loma-otf fonts-unifont
verify	Run npx playwright install --with-deps chromium webkit	2026-10-05T04:45:50.8821136Z   fonts-wqy-zenhei glib-networking glib-networking-common
verify	Run npx playwright install --with-deps chromium webkit	2026-10-05T04:45:50.8821600Z   glib-networking-services gsettings-desktop-schemas gstreamer1.0-libav
verify	Run npx playwright install --with-deps chromium webkit	2026-10-05T04:45:50.8822090Z   gstreamer1.0-plugins-bad gstreamer1.0-plugins-base gstreamer1.0-plugins-good
verify	Run npx playwright install --with-deps chromium webkit	2026-10-05T04:45:50.8822573Z   libaa1 libabsl20220623t64 libass9 libasyncns0 libavc1394-0 libavcodec60
verify	Run npx playwright install --with-deps chromium webkit	2026-10-05T04:45:50.8823006Z   libavfilter9 libavformat60 libavif16 libavtp0 libavutil58 libblas3
verify	Run npx playwright install --with-deps chromium webkit	2026-10-05T04:45:50.8823454Z   libbluray2 libbs2b0 libcaca0 libcairo-script-interpreter2 libcdparanoia0
verify	Run npx playwright install --with-deps chromium webkit	2026-10-05T04:45:50.8823911Z   libchromaprint1 libcjson1 libcodec2-1.2 libdav1d7 libdc1394-25 libdca0
verify	Run npx playwright install --with-deps chromium webkit	2026-10-05T04:45:50.8824446Z   libde265-0 libdecor-0-0 libdirectfb-1.7-7t64 libdv4t64 libdvdnav4
verify	Run npx playwright install --with-deps chromium webkit	2026-10-05T04:45:50.8824885Z   libdvdread8t64 libegl-mesa0 libegl1 libevent-2.1-7t64 libfaad2 libflac12t64
verify	Run npx playwright install --with-deps chromium webkit	2026-10-05T04:45:50.8825332Z   libflite1 libfluidsynth3 libfreeaptx0 libgav1-1 libgles2 libgme0
verify	Run npx playwright install --with-deps chromium webkit	2026-10-05T04:45:50.8825738Z   libgraphene-1.0-0 libgsm1 libgssdp-1.6-0 libgstreamer-gl1.0-0
verify	Run npx playwright install --with-deps chromium webkit	2026-10-05T04:45:50.8826489Z   libgstreamer-plugins-bad1.0-0 libgstreamer-plugins-base1.0-0
verify	Run npx playwright install --with-deps chromium webkit	2026-10-05T04:45:50.8827050Z   libgstreamer-plugins-good1.0-0 libgtk-4-1 libgtk-4-common libgupnp-1.6-0
verify	Run npx playwright install --with-deps chromium webkit	2026-10-05T04:45:50.8827505Z   libgupnp-igd-1.6-0 libharfbuzz-icu0 libhwy1t64 libhyphen0 libiec61883-0
verify	Run npx playwright install --with-deps chromium webkit	2026-10-05T04:45:50.8827967Z   libimath-3-1-29t64 libinstpatch-1.0-2 libjack-jackd2-0 libjxl0.7 liblapack3
verify	Run npx playwright install --with-deps chromium webkit	2026-10-05T04:45:50.8828348Z   liblc3-1 libldacbt-enc2 liblilv-0-0 liblrdf0 libltc11 libmanette-0.2-0
verify	Run npx playwright install --with-deps chromium webkit	2026-10-05T04:45:50.8828692Z   libmbedcrypto7t64 libmfx1 libmjpegutils-2.1-0t64 libmodplug1 libmp3lame0
verify	Run npx playwright install --with-deps chromium webkit	2026-10-05T04:45:50.8829007Z   libmpcdec6 libmpeg2encpp-2.1-0t64 libmpg123-0t64 libmplex2-2.1-0t64
verify	Run npx playwright install --with-deps chromium webkit	2026-10-05T04:45:50.8829301Z   libmysofa1 libneon27t64 libnice10 libopenal-data libopenal1
verify	Run npx playwright install --with-deps chromium webkit	2026-10-05T04:45:50.8829579Z   libopenexr-3-1-30 libopenh264-7 libopenmpt0t64 libopenni2-0 libopus0
verify	Run npx playwright install --with-deps chromium webkit	2026-10-05T04:45:50.8829867Z   liborc-0.4-0t64 libpipewire-0.3-0t64 libplacebo338 libpocketsphinx3
verify	Run npx playwright install --with-deps chromium webkit	2026-10-05T04:45:50.8830199Z   libpostproc57 libproxy1v5 libpulse0 libqrencode4 libraptor2-0 librav1e0
verify	Run npx playwright install --with-deps chromium webkit	2026-10-05T04:45:50.8830591Z   libraw1394-11 librist4 librsvg2-2 librubberband2 libsamplerate0 libsbc1
verify	Run npx playwright install --with-deps chromium webkit	2026-10-05T04:45:50.8831075Z   libsdl2-2.0-0 libsecret-1-0 libsecret-common libserd-0-0 libshine3 libshout3
verify	Run npx playwright install --with-deps chromium webkit	2026-10-05T04:45:50.8831402Z   libsndfile1 libsndio7.0 libsord-0-0 libsoundtouch1 libsoup-3.0-0
verify	Run npx playwright install --with-deps chromium webkit	2026-10-05T04:45:50.8831735Z   libsoup-3.0-common libsoxr0 libspa-0.2-modules libspandsp2t64 libspeex1
verify	Run npx playwright install --with-deps chromium webkit	2026-10-05T04:45:50.8832067Z   libsphinxbase3t64 libsratom-0-0 libsrt1.5-gnutls libsrtp2-1 libssh-gcrypt-4
verify	Run npx playwright install --with-deps chromium webkit	2026-10-05T04:45:50.8832405Z   libsvtav1enc1d1 libswresample4 libswscale7 libtag1v5 libtag1v5-vanilla
verify	Run npx playwright install --with-deps chromium webkit	2026-10-05T04:45:50.8832706Z   libtheora0 libtwolame0 libudfread0 libunibreak5 libv4l-0t64
verify	Run npx playwright install --with-deps chromium webkit	2026-10-05T04:45:50.8832995Z   libv4lconvert0t64 libva-drm2 libva-x11-2 libva2 libvdpau1 libvidstab1.1
verify	Run npx playwright install --with-deps chromium webkit	2026-10-05T04:45:50.8833422Z   libvisual-0.4-0 libvo-aacenc0 libvo-amrwbenc0 libvorbisenc2 libvpl2 libvpx9
verify	Run npx playwright install --with-deps chromium webkit	2026-10-05T04:45:50.8833785Z   libwavpack1 libwayland-server0 libwebrtc-audio-processing1 libwildmidi2
verify	Run npx playwright install --with-deps chromium webkit	2026-10-05T04:45:50.8834256Z   libwoff1 libx264-164 libx265-199 libxcb-xkb1 libxkbcommon-x11-0 libxvidcore4
verify	Run npx playwright install --with-deps chromium webkit	2026-10-05T04:45:50.8834591Z   libyuv0 libzbar0t64 libzimg2 libzix-0-0 libzvbi-common libzvbi0t64 libzxing3
verify	Run npx playwright install --with-deps chromium webkit	2026-10-05T04:45:50.8834932Z   ocl-icd-libopencl1 session-migration timgm6mb-soundfont xfonts-cyrillic
verify	Run npx playwright install --with-deps chromium webkit	2026-10-05T04:45:50.8835236Z   xfonts-encodings xfonts-scalable xfonts-utils
verify	Run npx playwright install --with-deps chromium webkit	2026-10-05T04:45:50.8835500Z The following packages will be upgraded:
verify	Run npx playwright install --with-deps chromium webkit	2026-10-05T04:45:50.8835799Z   libevent-core-2.1-7t64 libevent-pthreads-2.1-7t64 libgbm1 libgl1-mesa-dri
verify	Run npx playwright install --with-deps chromium webkit	2026-10-05T04:45:50.8836064Z   libglx-mesa0 mesa-libgallium
verify	Run npx playwright install --with-deps chromium webkit	2026-10-05T04:45:50.9001222Z 6 upgraded, 181 newly installed, 0 to remove and 19 not upgraded.
verify	Run npx playwright install --with-deps chromium webkit	2026-10-05T04:45:50.9001691Z Need to get 125 MB of archives.
verify	Run npx playwright install --with-deps chromium webkit	2026-10-05T04:45:50.9002106Z After this operation, 364 MB of additional disk space will be used.
verify	Run npx playwright install --with-deps chromium webkit	2026-10-05T04:45:50.9002576Z Get:1 file:/etc/apt/apt-mirrors.txt Mirrorlist [144 B]
verify	Run npx playwright install --with-deps chromium webkit	2026-10-05T04:45:50.9489095Z Get:2 http://azure.archive.ubuntu.com/ubuntu noble/universe amd64 fonts-ipafont-gothic all 00303-21ubuntu1 [3513 kB]
verify	Run npx playwright install --with-deps chromium webkit	2026-10-05T04:45:51.0065870Z Get:3 http://azure.archive.ubuntu.com/ubuntu noble/main amd64 fonts-freefont-ttf all 20211204+svn4273-2 [5641 kB]
verify	Run npx playwright install --with-deps chromium webkit	2026-10-05T04:45:51.0861140Z Get:4 http://azure.archive.ubuntu.com/ubuntu noble/universe amd64 fonts-tlwg-loma-otf all 1:0.7.3-1 [107 kB]
verify	Run npx playwright install --with-deps chromium webkit	2026-10-05T04:45:51.1146602Z Get:5 http://azure.archive.ubuntu.com/ubuntu noble/universe amd64 fonts-unifont all 1:15.1.01-1build1 [2993 kB]
verify	Run npx playwright install --with-deps chromium webkit	2026-10-05T04:45:51.1577831Z Get:6 http://azure.archive.ubuntu.com/ubuntu noble/universe amd64 fonts-wqy-zenhei all 0.9.45-8 [7472 kB]
verify	Run npx playwright install --with-deps chromium webkit	2026-10-05T04:45:51.2667168Z Get:7 http://azure.archive.ubuntu.com/ubuntu noble/main amd64 libproxy1v5 amd64 0.5.4-4build1 [26.5 kB]
verify	Run npx playwright install --with-deps chromium webkit	2026-10-05T04:45:51.3020474Z Get:8 http://azure.archive.ubuntu.com/ubuntu noble/main amd64 glib-networking-common all 2.80.0-1build1 [6702 B]
verify	Run npx playwright install --with-deps chromium webkit	2026-10-05T04:45:51.3377156Z Get:9 http://azure.archive.ubuntu.com/ubuntu noble/main amd64 glib-networking-services amd64 2.80.0-1build1 [12.8 kB]
verify	Run npx playwright install --with-deps chromium webkit	2026-10-05T04:45:51.3730429Z Get:10 http://azure.archive.ubuntu.com/ubuntu noble/main amd64 session-migration amd64 0.3.9build1 [9034 B]
verify	Run npx playwright install --with-deps chromium webkit	2026-10-05T04:45:51.4011208Z Get:11 http://azure.archive.ubuntu.com/ubuntu noble-updates/main amd64 gsettings-desktop-schemas all 46.1-0ubuntu1 [35.6 kB]
verify	Run npx playwright install --with-deps chromium webkit	2026-10-05T04:45:51.4293348Z Get:12 http://azure.archive.ubuntu.com/ubuntu noble/main amd64 glib-networking amd64 2.80.0-1build1 [64.1 kB]
verify	Run npx playwright install --with-deps chromium webkit	2026-10-05T04:45:51.4574789Z Get:13 http://azure.archive.ubuntu.com/ubuntu noble-updates/universe amd64 libva2 amd64 2.20.0-2ubuntu0.2 [66.4 kB]
verify	Run npx playwright install --with-deps chromium webkit	2026-10-05T04:45:51.4851158Z Get:14 http://azure.archive.ubuntu.com/ubuntu noble-updates/universe amd64 libva-drm2 amd64 2.20.0-2ubuntu0.2 [7124 B]
verify	Run npx playwright install --with-deps chromium webkit	2026-10-05T04:45:51.5124710Z Get:15 http://azure.archive.ubuntu.com/ubuntu noble-updates/universe amd64 libva-x11-2 amd64 2.20.0-2ubuntu0.2 [12.0 kB]
verify	Run npx playwright install --with-deps chromium webkit	2026-10-05T04:45:51.5400366Z Get:16 http://azure.archive.ubuntu.com/ubuntu noble/main amd64 libvdpau1 amd64 1.5-2build1 [27.8 kB]
verify	Run npx playwright install --with-deps chromium webkit	2026-10-05T04:45:51.5676140Z Get:17 http://azure.archive.ubuntu.com/ubuntu noble/universe amd64 libvpl2 amd64 2023.3.0-1build1 [99.8 kB]
verify	Run npx playwright install --with-deps chromium webkit	2026-10-05T04:45:51.5955304Z Get:18 http://azure.archive.ubuntu.com/ubuntu noble/universe amd64 ocl-icd-libopencl1 amd64 2.3.2-1build1 [38.5 kB]
verify	Run npx playwright install --with-deps chromium webkit	2026-10-05T04:45:51.6232805Z Get:19 http://azure.archive.ubuntu.com/ubuntu noble/universe amd64 libavutil58 amd64 7:6.1.1-3ubuntu5 [401 kB]
verify	Run npx playwright install --with-deps chromium webkit	2026-10-05T04:45:51.6959583Z Get:20 http://azure.archive.ubuntu.com/ubuntu noble/universe amd64 libcodec2-1.2 amd64 1.2.0-2build1 [8998 kB]
verify	Run npx playwright install --with-deps chromium webkit	2026-10-05T04:45:51.8043430Z Get:21 http://azure.archive.ubuntu.com/ubuntu noble/universe amd64 libdav1d7 amd64 1.4.1-1build1 [604 kB]
verify	Run npx playwright install --with-deps chromium webkit	2026-10-05T04:45:51.8380914Z Get:22 http://azure.archive.ubuntu.com/ubuntu noble/universe amd64 libgsm1 amd64 1.0.22-1build1 [27.8 kB]
verify	Run npx playwright install --with-deps chromium webkit	2026-10-05T04:45:51.8660518Z Get:23 http://azure.archive.ubuntu.com/ubuntu noble/universe amd64 libhwy1t64 amd64 1.0.7-8.1build1 [584 kB]
verify	Run npx playwright install --with-deps chromium webkit	2026-10-05T04:45:51.9028265Z Get:24 http://azure.archive.ubuntu.com/ubuntu noble-updates/universe amd64 libjxl0.7 amd64 0.7.0-10.2ubuntu6.1 [1001 kB]
verify	Run npx playwright install --with-deps chromium webkit	2026-10-05T04:45:51.9439662Z Get:25 http://azure.archive.ubuntu.com/ubuntu noble/main amd64 libmp3lame0 amd64 3.100-6build1 [142 kB]
verify	Run npx playwright install --with-deps chromium webkit	2026-10-05T04:45:51.9727149Z Get:26 http://azure.archive.ubuntu.com/ubuntu noble/main amd64 libopus0 amd64 1.4-1build1 [208 kB]
verify	Run npx playwright install --with-deps chromium webkit	2026-10-05T04:45:52.0019382Z Get:27 http://azure.archive.ubuntu.com/ubuntu noble/universe amd64 librav1e0 amd64 0.7.1-2 [1022 kB]
verify	Run npx playwright install --with-deps chromium webkit	2026-10-05T04:45:52.0382562Z Get:28 http://azure.archive.ubuntu.com/ubuntu noble/main amd64 librsvg2-2 amd64 2.58.0+dfsg-1build1 [2135 kB]
verify	Run npx playwright install --with-deps chromium webkit	2026-10-05T04:45:52.0853058Z Get:29 http://azure.archive.ubuntu.com/ubuntu noble/universe amd64 libshine3 amd64 3.1.1-2build1 [23.2 kB]
verify	Run npx playwright install --with-deps chromium webkit	2026-10-05T04:45:52.1135233Z Get:30 http://azure.archive.ubuntu.com/ubuntu noble-updates/main amd64 libspeex1 amd64 1.2.1-2ubuntu2.24.04.1 [59.6 kB]
verify	Run npx playwright install --with-deps chromium webkit	2026-10-05T04:45:52.1416143Z Get:31 http://azure.archive.ubuntu.com/ubuntu noble/universe amd64 libsvtav1enc1d1 amd64 1.7.0+dfsg-2build1 [2425 kB]
verify	Run npx playwright install --with-deps chromium webkit	2026-10-05T04:45:52.2638883Z Get:32 http://azure.archive.ubuntu.com/ubuntu noble/universe amd64 libsoxr0 amd64 0.1.3-4build3 [80.0 kB]
verify	Run npx playwright install --with-deps chromium webkit	2026-10-05T04:45:52.2919711Z Get:33 http://azure.archive.ubuntu.com/ubuntu noble/universe amd64 libswresample4 amd64 7:6.1.1-3ubuntu5 [63.8 kB]
verify	Run npx playwright install --with-deps chromium webkit	2026-10-05T04:45:52.3202217Z Get:34 http://azure.archive.ubuntu.com/ubuntu noble/main amd64 libtheora0 amd64 1.1.1+dfsg.1-16.1build3 [211 kB]
verify	Run npx playwright install --with-deps chromium webkit	2026-10-05T04:45:52.3487152Z Get:35 http://azure.archive.ubuntu.com/ubuntu noble/main amd64 libtwolame0 amd64 0.4.0-2build3 [52.3 kB]
verify	Run npx playwright install --with-deps chromium webkit	2026-10-05T04:45:52.3764405Z Get:36 http://azure.archive.ubuntu.com/ubuntu noble/main amd64 libvorbisenc2 amd64 1.3.7-1build3 [80.8 kB]
verify	Run npx playwright install --with-deps chromium webkit	2026-10-05T04:45:52.4043709Z Get:37 http://azure.archive.ubuntu.com/ubuntu noble-updates/main amd64 libvpx9 amd64 1.14.0-1ubuntu2.3 [1143 kB]
verify	Run npx playwright install --with-deps chromium webkit	2026-10-05T04:45:52.4407916Z Get:38 http://azure.archive.ubuntu.com/ubuntu noble/universe amd64 libx264-164 amd64 2:0.164.3108+git31e19f9-1 [604 kB]
verify	Run npx playwright install --with-deps chromium webkit	2026-10-05T04:45:52.5197103Z Get:39 http://azure.archive.ubuntu.com/ubuntu noble/universe amd64 libx265-199 amd64 3.5-2build1 [1226 kB]
verify	Run npx playwright install --with-deps chromium webkit	2026-10-05T04:45:52.5567327Z Get:40 http://azure.archive.ubuntu.com/ubuntu noble/universe amd64 libxvidcore4 amd64 2:1.3.7-1build1 [219 kB]
verify	Run npx playwright install --with-deps chromium webkit	2026-10-05T04:45:52.5856654Z Get:41 http://azure.archive.ubuntu.com/ubuntu noble/universe amd64 libzvbi-common all 0.2.42-2 [42.4 kB]
verify	Run npx playwright install --with-deps chromium webkit	2026-10-05T04:45:52.6134506Z Get:42 http://azure.archive.ubuntu.com/ubuntu noble/universe amd64 libzvbi0t64 amd64 0.2.42-2 [261 kB]
verify	Run npx playwright install --with-deps chromium webkit	2026-10-05T04:45:52.6424650Z Get:43 http://azure.archive.ubuntu.com/ubuntu noble/universe amd64 libavcodec60 amd64 7:6.1.1-3ubuntu5 [5851 kB]
verify	Run npx playwright install --with-deps chromium webkit	2026-10-05T04:45:52.7198452Z Get:44 http://azure.archive.ubuntu.com/ubuntu noble/universe amd64 libunibreak5 amd64 5.1-2build1 [25.0 kB]
verify	Run npx playwright install --with-deps chromium webkit	2026-10-05T04:45:52.7472512Z Get:45 http://azure.archive.ubuntu.com/ubuntu noble/universe amd64 libass9 amd64 1:0.17.1-2build1 [104 kB]
verify	Run npx playwright install --with-deps chromium webkit	2026-10-05T04:45:52.7792789Z Get:46 http://azure.archive.ubuntu.com/ubuntu noble/universe amd64 libudfread0 amd64 1.1.2-1build1 [19.0 kB]
verify	Run npx playwright install --with-deps chromium webkit	2026-10-05T04:45:52.8121045Z Get:47 http://azure.archive.ubuntu.com/ubuntu noble/universe amd64 libbluray2 amd64 1:1.3.4-1build1 [159 kB]
verify	Run npx playwright install --with-deps chromium webkit	2026-10-05T04:45:52.8541263Z Get:48 http://azure.archive.ubuntu.com/ubuntu noble/universe amd64 libchromaprint1 amd64 1.5.1-5 [30.5 kB]
verify	Run npx playwright install --with-deps chromium webkit	2026-10-05T04:45:52.8870849Z Get:49 http://azure.archive.ubuntu.com/ubuntu noble/universe amd64 libgme0 amd64 0.6.3-7build1 [134 kB]
verify	Run npx playwright install --with-deps chromium webkit	2026-10-05T04:45:52.9268963Z Get:50 http://azure.archive.ubuntu.com/ubuntu noble-updates/main amd64 libmpg123-0t64 amd64 1.32.5-1ubuntu1.1 [169 kB]
verify	Run npx playwright install --with-deps chromium webkit	2026-10-05T04:45:52.9660501Z Get:51 http://azure.archive.ubuntu.com/ubuntu noble/universe amd64 libopenmpt0t64 amd64 0.7.3-1.1build3 [647 kB]
verify	Run npx playwright install --with-deps chromium webkit	2026-10-05T04:45:52.9992244Z Get:52 http://azure.archive.ubuntu.com/ubuntu noble/universe amd64 libcjson1 amd64 1.7.17-1 [24.8 kB]
verify	Run npx playwright install --with-deps chromium webkit	2026-10-05T04:45:53.0272997Z Get:53 http://azure.archive.ubuntu.com/ubuntu noble/universe amd64 libmbedcrypto7t64 amd64 2.28.8-1 [209 kB]
verify	Run npx playwright install --with-deps chromium webkit	2026-10-05T04:45:53.0565455Z Get:54 http://azure.archive.ubuntu.com/ubuntu noble/universe amd64 librist4 amd64 0.2.10+dfsg-2 [74.9 kB]
verify	Run npx playwright install --with-deps chromium webkit	2026-10-05T04:45:53.0850740Z Get:55 http://azure.archive.ubuntu.com/ubuntu noble/universe amd64 libsrt1.5-gnutls amd64 1.5.3-1build2 [316 kB]
verify	Run npx playwright install --with-deps chromium webkit	2026-10-05T04:45:53.1152565Z Get:56 http://azure.archive.ubuntu.com/ubuntu noble-updates/main amd64 libssh-gcrypt-4 amd64 0.10.6-2ubuntu0.5 [226 kB]
verify	Run npx playwright install --with-deps chromium webkit	2026-10-05T04:45:53.1447337Z Get:57 http://azure.archive.ubuntu.com/ubuntu noble/universe amd64 libavformat60 amd64 7:6.1.1-3ubuntu5 [1153 kB]
verify	Run npx playwright install --with-deps chromium webkit	2026-10-05T04:45:53.2240033Z Get:58 http://azure.archive.ubuntu.com/ubuntu noble/universe amd64 libbs2b0 amd64 3.1.0+dfsg-7build1 [10.6 kB]
verify	Run npx playwright install --with-deps chromium webkit	2026-10-05T04:45:53.2520636Z Get:59 http://azure.archive.ubuntu.com/ubuntu noble/universe amd64 libflite1 amd64 2.2-6build3 [13.6 MB]
verify	Run npx playwright install --with-deps chromium webkit	2026-10-05T04:45:53.3996577Z Get:60 http://azure.archive.ubuntu.com/ubuntu noble/universe amd64 libserd-0-0 amd64 0.32.2-1 [43.6 kB]
verify	Run npx playwright install --with-deps chromium webkit	2026-10-05T04:45:53.4277604Z Get:61 http://azure.archive.ubuntu.com/ubuntu noble/universe amd64 libzix-0-0 amd64 0.4.2-2build1 [23.6 kB]
verify	Run npx playwright install --with-deps chromium webkit	2026-10-05T04:45:53.4571889Z Get:62 http://azure.archive.ubuntu.com/ubuntu noble/universe amd64 libsord-0-0 amd64 0.16.16-2build1 [15.8 kB]
verify	Run npx playwright install --with-deps chromium webkit	2026-10-05T04:45:53.4850826Z Get:63 http://azure.archive.ubuntu.com/ubuntu noble/universe amd64 libsratom-0-0 amd64 0.6.16-1build1 [17.3 kB]
verify	Run npx playwright install --with-deps chromium webkit	2026-10-05T04:45:53.5132208Z Get:64 http://azure.archive.ubuntu.com/ubuntu noble/universe amd64 liblilv-0-0 amd64 0.24.22-1build1 [41.0 kB]
verify	Run npx playwright install --with-deps chromium webkit	2026-10-05T04:45:53.5415378Z Get:65 http://azure.archive.ubuntu.com/ubuntu noble/universe amd64 libmysofa1 amd64 1.3.2+dfsg-2ubuntu2 [1158 kB]
verify	Run npx playwright install --with-deps chromium webkit	2026-10-05T04:45:53.5790966Z Get:66 http://azure.archive.ubuntu.com/ubuntu noble/universe amd64 libplacebo338 amd64 6.338.2-2build1 [2654 kB]
verify	Run npx playwright install --with-deps chromium webkit	2026-10-05T04:45:53.6298881Z Get:67 http://azure.archive.ubuntu.com/ubuntu noble-updates/main amd64 libblas3 amd64 3.12.0-3build1.1 [238 kB]
verify	Run npx playwright install --with-deps chromium webkit	2026-10-05T04:45:53.6592994Z Get:68 http://azure.archive.ubuntu.com/ubuntu noble-updates/main amd64 liblapack3 amd64 3.12.0-3build1.1 [2646 kB]
verify	Run npx playwright install --with-deps chromium webkit	2026-10-05T04:45:53.7100157Z Get:69 http://azure.archive.ubuntu.com/ubuntu noble/main amd64 libasyncns0 amd64 0.8-6build4 [11.3 kB]
verify	Run npx playwright install --with-deps chromium webkit	2026-10-05T04:45:53.7379956Z Get:70 http://azure.archive.ubuntu.com/ubuntu noble/main amd64 libflac12t64 amd64 1.4.3+ds-2.1ubuntu2 [197 kB]
verify	Run npx playwright install --with-deps chromium webkit	2026-10-05T04:45:53.7672403Z Get:71 http://azure.archive.ubuntu.com/ubuntu noble-updates/main amd64 libsndfile1 amd64 1.2.2-1ubuntu5.24.04.1 [209 kB]
verify	Run npx playwright install --with-deps chromium webkit	2026-10-05T04:45:53.7966093Z Get:72 http://azure.archive.ubuntu.com/ubuntu noble-updates/main amd64 libpulse0 amd64 1:16.1+dfsg1-2ubuntu10.1 [292 kB]
verify	Run npx playwright install --with-deps chromium webkit	2026-10-05T04:45:53.8264568Z Get:73 http://azure.archive.ubuntu.com/ubuntu noble/universe amd64 libsphinxbase3t64 amd64 0.8+5prealpha+1-17build2 [126 kB]
verify	Run npx playwright install --with-deps chromium webkit	2026-10-05T04:45:53.8551302Z Get:74 http://azure.archive.ubuntu.com/ubuntu noble/universe amd64 libpocketsphinx3 amd64 0.8.0+real5prealpha+1-15ubuntu5 [133 kB]
verify	Run npx playwright install --with-deps chromium webkit	2026-10-05T04:45:53.8839016Z Get:75 http://azure.archive.ubuntu.com/ubuntu noble/universe amd64 libpostproc57 amd64 7:6.1.1-3ubuntu5 [49.9 kB]
verify	Run npx playwright install --with-deps chromium webkit	2026-10-05T04:45:53.9562971Z Get:76 http://azure.archive.ubuntu.com/ubuntu noble/main amd64 libsamplerate0 amd64 0.2.2-4build1 [1344 kB]
verify	Run npx playwright install --with-deps chromium webkit	2026-10-05T04:45:53.9955352Z Get:77 http://azure.archive.ubuntu.com/ubuntu noble/universe amd64 librubberband2 amd64 3.3.0+dfsg-2build1 [130 kB]
verify	Run npx playwright install --with-deps chromium webkit	2026-10-05T04:45:54.0239732Z Get:78 http://azure.archive.ubuntu.com/ubuntu noble/universe amd64 libswscale7 amd64 7:6.1.1-3ubuntu5 [193 kB]
verify	Run npx playwright install --with-deps chromium webkit	2026-10-05T04:45:54.0533211Z Get:79 http://azure.archive.ubuntu.com/ubuntu noble/universe amd64 libvidstab1.1 amd64 1.1.0-2build1 [38.5 kB]
verify	Run npx playwright install --with-deps chromium webkit	2026-10-05T04:45:54.0815688Z Get:80 http://azure.archive.ubuntu.com/ubuntu noble/universe amd64 libzimg2 amd64 3.0.5+ds1-1build1 [254 kB]
verify	Run npx playwright install --with-deps chromium webkit	2026-10-05T04:45:54.1116208Z Get:81 http://azure.archive.ubuntu.com/ubuntu noble/universe amd64 libavfilter9 amd64 7:6.1.1-3ubuntu5 [4235 kB]
verify	Run npx playwright install --with-deps chromium webkit	2026-10-05T04:45:54.1767797Z Get:82 http://azure.archive.ubuntu.com/ubuntu noble-updates/main amd64 liborc-0.4-0t64 amd64 1:0.4.38-1ubuntu0.1 [207 kB]
verify	Run npx playwright install --with-deps chromium webkit	2026-10-05T04:45:54.2069436Z Get:83 http://azure.archive.ubuntu.com/ubuntu noble-updates/main amd64 libgstreamer-plugins-base1.0-0 amd64 1.24.2-1ubuntu0.5 [862 kB]
verify	Run npx playwright install --with-deps chromium webkit	2026-10-05T04:45:54.2412959Z Get:84 http://azure.archive.ubuntu.com/ubuntu noble/universe amd64 gstreamer1.0-libav amd64 1.24.1-1build1 [103 kB]
verify	Run npx playwright install --with-deps chromium webkit	2026-10-05T04:45:54.2696619Z Get:85 http://azure.archive.ubuntu.com/ubuntu noble/main amd64 libcdparanoia0 amd64 3.10.2+debian-14build3 [48.5 kB]
verify	Run npx playwright install --with-deps chromium webkit	2026-10-05T04:45:54.2983096Z Get:86 http://azure.archive.ubuntu.com/ubuntu noble/main amd64 libvisual-0.4-0 amd64 0.4.2-2build1 [115 kB]
verify	Run npx playwright install --with-deps chromium webkit	2026-10-05T04:45:54.3270026Z Get:87 http://azure.archive.ubuntu.com/ubuntu noble-updates/main amd64 gstreamer1.0-plugins-base amd64 1.24.2-1ubuntu0.5 [721 kB]
verify	Run npx playwright install --with-deps chromium webkit	2026-10-05T04:45:54.3606724Z Get:88 http://azure.archive.ubuntu.com/ubuntu noble/main amd64 libaa1 amd64 1.4p5-51.1 [49.9 kB]
verify	Run npx playwright install --with-deps chromium webkit	2026-10-05T04:45:54.3890843Z Get:89 http://azure.archive.ubuntu.com/ubuntu noble/main amd64 libraw1394-11 amd64 2.1.2-2build3 [26.2 kB]
verify	Run npx playwright install --with-deps chromium webkit	2026-10-05T04:45:54.4170835Z Get:90 http://azure.archive.ubuntu.com/ubuntu noble/main amd64 libavc1394-0 amd64 0.5.4-5build3 [15.4 kB]
verify	Run npx playwright install --with-deps chromium webkit	2026-10-05T04:45:54.4451558Z Get:91 http://azure.archive.ubuntu.com/ubuntu noble-updates/main amd64 libcaca0 amd64 0.99.beta20-4ubuntu0.2 [209 kB]
verify	Run npx playwright install --with-deps chromium webkit	2026-10-05T04:45:54.4745228Z Get:92 http://azure.archive.ubuntu.com/ubuntu noble/main amd64 libdv4t64 amd64 1.0.0-17.1build1 [63.2 kB]
verify	Run npx playwright install --with-deps chromium webkit	2026-10-05T04:45:54.5048717Z Get:93 http://azure.archive.ubuntu.com/ubuntu noble-updates/main amd64 libgstreamer-plugins-good1.0-0 amd64 1.24.2-1ubuntu1.8 [34.3 kB]
verify	Run npx playwright install --with-deps chromium webkit	2026-10-05T04:45:54.6242803Z Get:94 http://azure.archive.ubuntu.com/ubuntu noble/main amd64 libiec61883-0 amd64 1.2.0-6build1 [24.5 kB]
verify	Run npx playwright install --with-deps chromium webkit	2026-10-05T04:45:54.7915396Z Get:95 http://azure.archive.ubuntu.com/ubuntu noble/main amd64 libshout3 amd64 2.4.6-1build2 [50.3 kB]
verify	Run npx playwright install --with-deps chromium webkit	2026-10-05T04:45:54.8724774Z Get:96 http://azure.archive.ubuntu.com/ubuntu noble/main amd64 libtag1v5-vanilla amd64 1.13.1-1build1 [326 kB]
verify	Run npx playwright install --with-deps chromium webkit	2026-10-05T04:45:54.9783061Z Get:97 http://azure.archive.ubuntu.com/ubuntu noble/main amd64 libtag1v5 amd64 1.13.1-1build1 [11.7 kB]
verify	Run npx playwright install --with-deps chromium webkit	2026-10-05T04:45:55.0448247Z Get:98 http://azure.archive.ubuntu.com/ubuntu noble/main amd64 libv4lconvert0t64 amd64 1.26.1-4build3 [87.6 kB]
verify	Run npx playwright install --with-deps chromium webkit	2026-10-05T04:45:55.1083552Z Get:99 http://azure.archive.ubuntu.com/ubuntu noble/main amd64 libv4l-0t64 amd64 1.26.1-4build3 [46.9 kB]
verify	Run npx playwright install --with-deps chromium webkit	2026-10-05T04:45:55.1948461Z Get:100 http://azure.archive.ubuntu.com/ubuntu noble/main amd64 libwavpack1 amd64 5.6.0-1build1 [84.6 kB]
verify	Run npx playwright install --with-deps chromium webkit	2026-10-05T04:45:55.2595499Z Get:101 http://azure.archive.ubuntu.com/ubuntu noble-updates/main amd64 libsoup-3.0-common all 3.4.4-5ubuntu0.8 [11.7 kB]
verify	Run npx playwright install --with-deps chromium webkit	2026-10-05T04:45:55.2893687Z Get:102 http://azure.archive.ubuntu.com/ubuntu noble-updates/main amd64 libsoup-3.0-0 amd64 3.4.4-5ubuntu0.8 [290 kB]
verify	Run npx playwright install --with-deps chromium webkit	2026-10-05T04:45:55.4042026Z Get:103 http://azure.archive.ubuntu.com/ubuntu noble-updates/main amd64 gstreamer1.0-plugins-good amd64 1.24.2-1ubuntu1.8 [2236 kB]
verify	Run npx playwright install --with-deps chromium webkit	2026-10-05T04:45:55.4504212Z Get:104 http://azure.archive.ubuntu.com/ubuntu noble-updates/main amd64 libabsl20220623t64 amd64 20220623.1-3.1ubuntu3.2 [423 kB]
verify	Run npx playwright install --with-deps chromium webkit	2026-10-05T04:45:55.4883783Z Get:105 http://azure.archive.ubuntu.com/ubuntu noble/universe amd64 libgav1-1 amd64 0.18.0-1build3 [357 kB]
verify	Run npx playwright install --with-deps chromium webkit	2026-10-05T04:45:55.5315728Z Get:106 http://azure.archive.ubuntu.com/ubuntu noble/universe amd64 libyuv0 amd64 0.0~git202401110.af6ac82-1 [178 kB]
verify	Run npx playwright install --with-deps chromium webkit	2026-10-05T04:45:55.5604477Z Get:107 http://azure.archive.ubuntu.com/ubuntu noble/universe amd64 libavif16 amd64 1.0.4-1ubuntu3 [91.2 kB]
verify	Run npx playwright install --with-deps chromium webkit	2026-10-05T04:45:55.5882917Z Get:108 http://azure.archive.ubuntu.com/ubuntu noble/universe amd64 libavtp0 amd64 0.2.0-1build1 [6414 B]
verify	Run npx playwright install --with-deps chromium webkit	2026-10-05T04:45:55.6162536Z Get:109 http://azure.archive.ubuntu.com/ubuntu noble/main amd64 libcairo-script-interpreter2 amd64 1.18.0-3build1 [60.3 kB]
verify	Run npx playwright install --with-deps chromium webkit	2026-10-05T04:45:55.6442310Z Get:110 http://azure.archive.ubuntu.com/ubuntu noble/universe amd64 libdc1394-25 amd64 2.2.6-4build1 [90.1 kB]
verify	Run npx playwright install --with-deps chromium webkit	2026-10-05T04:45:55.6721402Z Get:111 http://azure.archive.ubuntu.com/ubuntu noble-updates/main amd64 libde265-0 amd64 1.0.15-1ubuntu0.1 [167 kB]
verify	Run npx playwright install --with-deps chromium webkit	2026-10-05T04:45:55.7022491Z Get:112 http://azure.archive.ubuntu.com/ubuntu noble/main amd64 libdecor-0-0 amd64 0.2.2-1build2 [16.5 kB]
verify	Run npx playwright install --with-deps chromium webkit	2026-10-05T04:45:55.7298727Z Get:113 http://azure.archive.ubuntu.com/ubuntu noble/main amd64 libgles2 amd64 1.7.0-1build1 [17.1 kB]
verify	Run npx playwright install --with-deps chromium webkit	2026-10-05T04:45:55.7576597Z Get:114 http://azure.archive.ubuntu.com/ubuntu noble/universe amd64 libdirectfb-1.7-7t64 amd64 1.7.7-11.1ubuntu2 [1035 kB]
verify	Run npx playwright install --with-deps chromium webkit	2026-10-05T04:45:55.8036672Z Get:115 http://azure.archive.ubuntu.com/ubuntu noble/universe amd64 libdvdread8t64 amd64 6.1.3-1.1build1 [54.7 kB]
verify	Run npx playwright install --with-deps chromium webkit	2026-10-05T04:45:55.8316555Z Get:116 http://azure.archive.ubuntu.com/ubuntu noble/universe amd64 libdvdnav4 amd64 6.1.1-3build1 [39.5 kB]
verify	Run npx playwright install --with-deps chromium webkit	2026-10-05T04:45:55.8594770Z Get:117 http://azure.archive.ubuntu.com/ubuntu noble-updates/main amd64 libgl1-mesa-dri amd64 25.2.8-0ubuntu0.24.04.4 [38.0 kB]
verify	Run npx playwright install --with-deps chromium webkit	2026-10-05T04:45:55.8873115Z Get:118 http://azure.archive.ubuntu.com/ubuntu noble-updates/main amd64 libglx-mesa0 amd64 25.2.8-0ubuntu0.24.04.4 [110 kB]
verify	Run npx playwright install --with-deps chromium webkit	2026-10-05T04:45:55.9154443Z Get:119 http://azure.archive.ubuntu.com/ubuntu noble-updates/main amd64 libgbm1 amd64 25.2.8-0ubuntu0.24.04.4 [34.2 kB]
verify	Run npx playwright install --with-deps chromium webkit	2026-10-05T04:45:55.9433118Z Get:120 http://azure.archive.ubuntu.com/ubuntu noble-updates/main amd64 mesa-libgallium amd64 25.2.8-0ubuntu0.24.04.4 [10.8 MB]
verify	Run npx playwright install --with-deps chromium webkit	2026-10-05T04:45:56.1112280Z Get:121 http://azure.archive.ubuntu.com/ubuntu noble-updates/main amd64 libegl-mesa0 amd64 25.2.8-0ubuntu0.24.04.4 [117 kB]
verify	Run npx playwright install --with-deps chromium webkit	2026-10-05T04:45:56.1391266Z Get:122 http://azure.archive.ubuntu.com/ubuntu noble-updates/main amd64 libevent-2.1-7t64 amd64 2.1.12-stable-9ubuntu2.2 [146 kB]
verify	Run npx playwright install --with-deps chromium webkit	2026-10-05T04:45:56.1669840Z Get:123 http://azure.archive.ubuntu.com/ubuntu noble-updates/main amd64 libevent-pthreads-2.1-7t64 amd64 2.1.12-stable-9ubuntu2.2 [7988 B]
verify	Run npx playwright install --with-deps chromium webkit	2026-10-05T04:45:56.1944876Z Get:124 http://azure.archive.ubuntu.com/ubuntu noble-updates/main amd64 libevent-core-2.1-7t64 amd64 2.1.12-stable-9ubuntu2.2 [91.9 kB]
verify	Run npx playwright install --with-deps chromium webkit	2026-10-05T04:45:56.2222520Z Get:125 http://azure.archive.ubuntu.com/ubuntu noble/universe amd64 libfaad2 amd64 2.11.1-1build1 [207 kB]
verify	Run npx playwright install --with-deps chromium webkit	2026-10-05T04:45:56.2507466Z Get:126 http://azure.archive.ubuntu.com/ubuntu noble/universe amd64 libinstpatch-1.0-2 amd64 1.1.6-1build2 [251 kB]
verify	Run npx playwright install --with-deps chromium webkit	2026-10-05T04:45:56.2793679Z Get:127 http://azure.archive.ubuntu.com/ubuntu noble/main amd64 libjack-jackd2-0 amd64 1.9.21~dfsg-3ubuntu3 [289 kB]
verify	Run npx playwright install --with-deps chromium webkit	2026-10-05T04:45:56.3121335Z Get:128 http://azure.archive.ubuntu.com/ubuntu noble/main amd64 libwebrtc-audio-processing1 amd64 0.3.1-0ubuntu6 [290 kB]
verify	Run npx playwright install --with-deps chromium webkit	2026-10-05T04:45:56.3427887Z Get:129 http://azure.archive.ubuntu.com/ubuntu noble-updates/main amd64 libspa-0.2-modules amd64 1.0.5-1ubuntu3.3 [628 kB]
verify	Run npx playwright install --with-deps chromium webkit	2026-10-05T04:45:56.3777158Z Get:130 http://azure.archive.ubuntu.com/ubuntu noble-updates/main amd64 libpipewire-0.3-0t64 amd64 1.0.5-1ubuntu3.3 [252 kB]
verify	Run npx playwright install --with-deps chromium webkit	2026-10-05T04:45:56.4106077Z Get:131 http://azure.archive.ubuntu.com/ubuntu noble-updates/main amd64 libsdl2-2.0-0 amd64 2.30.0+dfsg-1ubuntu3.1 [686 kB]
verify	Run npx playwright install --with-deps chromium webkit	2026-10-05T04:45:56.4485972Z Get:132 http://azure.archive.ubuntu.com/ubuntu noble/universe amd64 timgm6mb-soundfont all 1.3-5 [5427 kB]
verify	Run npx playwright install --with-deps chromium webkit	2026-10-05T04:45:56.5357596Z Get:133 http://azure.archive.ubuntu.com/ubuntu noble/universe amd64 libfluidsynth3 amd64 2.3.4-1build3 [249 kB]
verify	Run npx playwright install --with-deps chromium webkit	2026-10-05T04:45:56.5680666Z Get:134 http://azure.archive.ubuntu.com/ubuntu noble/main amd64 libfreeaptx0 amd64 0.1.1-2build1 [13.5 kB]
verify	Run npx playwright install --with-deps chromium webkit	2026-10-05T04:45:56.5996261Z Get:135 http://azure.archive.ubuntu.com/ubuntu noble/main amd64 libgraphene-1.0-0 amd64 1.10.8-3build2 [46.2 kB]
verify	Run npx playwright install --with-deps chromium webkit	2026-10-05T04:45:56.6313159Z Get:136 http://azure.archive.ubuntu.com/ubuntu noble/main amd64 libgssdp-1.6-0 amd64 1.6.3-1build3 [40.4 kB]
verify	Run npx playwright install --with-deps chromium webkit	2026-10-05T04:45:56.6629937Z Get:137 http://azure.archive.ubuntu.com/ubuntu noble/main amd64 libegl1 amd64 1.7.0-1build1 [28.7 kB]
verify	Run npx playwright install --with-deps chromium webkit	2026-10-05T04:45:56.6949476Z Get:138 http://azure.archive.ubuntu.com/ubuntu noble-updates/main amd64 libgstreamer-gl1.0-0 amd64 1.24.2-1ubuntu0.5 [214 kB]
verify	Run npx playwright install --with-deps chromium webkit	2026-10-05T04:45:56.7671936Z Get:139 http://azure.archive.ubuntu.com/ubuntu noble-updates/main amd64 libgtk-4-common all 4.14.5+ds-0ubuntu0.10 [1497 kB]
verify	Run npx playwright install --with-deps chromium webkit	2026-10-05T04:45:56.8071454Z Get:140 http://azure.archive.ubuntu.com/ubuntu noble-updates/main amd64 libgtk-4-1 amd64 4.14.5+ds-0ubuntu0.10 [3295 kB]
verify	Run npx playwright install --with-deps chromium webkit	2026-10-05T04:45:56.8638917Z Get:141 http://azure.archive.ubuntu.com/ubuntu noble/main amd64 libgupnp-1.6-0 amd64 1.6.6-1build3 [92.7 kB]
verify	Run npx playwright install --with-deps chromium webkit	2026-10-05T04:45:56.8916529Z Get:142 http://azure.archive.ubuntu.com/ubuntu noble/universe amd64 libgupnp-igd-1.6-0 amd64 1.6.0-3build3 [16.5 kB]
verify	Run npx playwright install --with-deps chromium webkit	2026-10-05T04:45:56.9199362Z Get:143 http://azure.archive.ubuntu.com/ubuntu noble/main amd64 libharfbuzz-icu0 amd64 8.3.0-2build2 [13.3 kB]
verify	Run npx playwright install --with-deps chromium webkit	2026-10-05T04:45:56.9478070Z Get:144 http://azure.archive.ubuntu.com/ubuntu noble/main amd64 libhyphen0 amd64 2.8.8-7build3 [26.5 kB]
verify	Run npx playwright install --with-deps chromium webkit	2026-10-05T04:45:56.9755415Z Get:145 http://azure.archive.ubuntu.com/ubuntu noble/universe amd64 libimath-3-1-29t64 amd64 3.1.9-3.1ubuntu2 [72.2 kB]
verify	Run npx playwright install --with-deps chromium webkit	2026-10-05T04:45:57.0036428Z Get:146 http://azure.archive.ubuntu.com/ubuntu noble/main amd64 liblc3-1 amd64 1.0.4-3build1 [69.7 kB]
verify	Run npx playwright install --with-deps chromium webkit	2026-10-05T04:45:57.0317257Z Get:147 http://azure.archive.ubuntu.com/ubuntu noble/main amd64 libldacbt-enc2 amd64 2.0.2.3+git20200429+ed310a0-4ubuntu2 [27.1 kB]
verify	Run npx playwright install --with-deps chromium webkit	2026-10-05T04:45:57.0596244Z Get:148 http://azure.archive.ubuntu.com/ubuntu noble-updates/main amd64 libraptor2-0 amd64 2.0.16-3ubuntu0.1 [165 kB]
verify	Run npx playwright install --with-deps chromium webkit	2026-10-05T04:45:57.0877452Z Get:149 http://azure.archive.ubuntu.com/ubuntu noble/universe amd64 liblrdf0 amd64 0.6.1-4build1 [18.5 kB]
verify	Run npx playwright install --with-deps chromium webkit	2026-10-05T04:45:57.1155092Z Get:150 http://azure.archive.ubuntu.com/ubuntu noble/universe amd64 libltc11 amd64 1.3.2-1build1 [13.0 kB]
verify	Run npx playwright install --with-deps chromium webkit	2026-10-05T04:45:57.1433701Z Get:151 http://azure.archive.ubuntu.com/ubuntu noble/main amd64 libmanette-0.2-0 amd64 0.2.7-1build2 [30.6 kB]
verify	Run npx playwright install --with-deps chromium webkit	2026-10-05T04:45:57.1713904Z Get:152 http://azure.archive.ubuntu.com/ubuntu noble/universe amd64 libmfx1 amd64 22.5.4-1 [3124 kB]
verify	Run npx playwright install --with-deps chromium webkit	2026-10-05T04:45:57.2110772Z Get:153 http://azure.archive.ubuntu.com/ubuntu noble/universe amd64 libmjpegutils-2.1-0t64 amd64 1:2.1.0+debian-8.1build1 [25.5 kB]
verify	Run npx playwright install --with-deps chromium webkit	2026-10-05T04:45:57.2389769Z Get:154 http://azure.archive.ubuntu.com/ubuntu noble/universe amd64 libmodplug1 amd64 1:0.8.9.0-3build1 [166 kB]
verify	Run npx playwright install --with-deps chromium webkit	2026-10-05T04:45:57.2677543Z Get:155 http://azure.archive.ubuntu.com/ubuntu noble/universe amd64 libmpcdec6 amd64 2:0.1~r495-2build1 [32.7 kB]
verify	Run npx playwright install --with-deps chromium webkit	2026-10-05T04:45:57.2957421Z Get:156 http://azure.archive.ubuntu.com/ubuntu noble/universe amd64 libmpeg2encpp-2.1-0t64 amd64 1:2.1.0+debian-8.1build1 [75.6 kB]
verify	Run npx playwright install --with-deps chromium webkit	2026-10-05T04:45:57.3670203Z Get:157 http://azure.archive.ubuntu.com/ubuntu noble/universe amd64 libmplex2-2.1-0t64 amd64 1:2.1.0+debian-8.1build1 [46.1 kB]
verify	Run npx playwright install --with-deps chromium webkit	2026-10-05T04:45:57.3950026Z Get:158 http://azure.archive.ubuntu.com/ubuntu noble/universe amd64 libneon27t64 amd64 0.33.0-1.1build3 [102 kB]
verify	Run npx playwright install --with-deps chromium webkit	2026-10-05T04:45:57.4231718Z Get:159 http://azure.archive.ubuntu.com/ubuntu noble/universe amd64 libnice10 amd64 0.1.21-2build3 [157 kB]
verify	Run npx playwright install --with-deps chromium webkit	2026-10-05T04:45:57.4515750Z Get:160 http://azure.archive.ubuntu.com/ubuntu noble/universe amd64 libopenal-data all 1:1.23.1-4build1 [161 kB]
verify	Run npx playwright install --with-deps chromium webkit	2026-10-05T04:45:57.4798677Z Get:161 http://azure.archive.ubuntu.com/ubuntu noble/universe amd64 libopenexr-3-1-30 amd64 3.1.5-5.1build3 [1004 kB]
verify	Run npx playwright install --with-deps chromium webkit	2026-10-05T04:45:57.5127195Z Get:162 http://azure.archive.ubuntu.com/ubuntu noble/universe amd64 libopenh264-7 amd64 2.4.1+dfsg-1 [409 kB]
verify	Run npx playwright install --with-deps chromium webkit	2026-10-05T04:45:57.5417113Z Get:163 http://azure.archive.ubuntu.com/ubuntu noble/universe amd64 libopenni2-0 amd64 2.2.0.33+dfsg-18 [370 kB]
verify	Run npx playwright install --with-deps chromium webkit	2026-10-05T04:45:57.5708733Z Get:164 http://azure.archive.ubuntu.com/ubuntu noble/universe amd64 libqrencode4 amd64 4.1.1-1build2 [25.0 kB]
verify	Run npx playwright install --with-deps chromium webkit	2026-10-05T04:45:57.5984503Z Get:165 http://azure.archive.ubuntu.com/ubuntu noble/main amd64 libsecret-common all 0.21.4-1build3 [4962 B]
verify	Run npx playwright install --with-deps chromium webkit	2026-10-05T04:45:57.6260850Z Get:166 http://azure.archive.ubuntu.com/ubuntu noble/main amd64 libsecret-1-0 amd64 0.21.4-1build3 [116 kB]
verify	Run npx playwright install --with-deps chromium webkit	2026-10-05T04:45:57.6540765Z Get:167 http://azure.archive.ubuntu.com/ubuntu noble/universe amd64 libsndio7.0 amd64 1.9.0-0.3build3 [29.6 kB]
verify	Run npx playwright install --with-deps chromium webkit	2026-10-05T04:45:57.6818846Z Get:168 http://azure.archive.ubuntu.com/ubuntu noble/universe amd64 libsoundtouch1 amd64 2.3.2+ds1-1build1 [60.5 kB]
verify	Run npx playwright install --with-deps chromium webkit	2026-10-05T04:45:57.7097072Z Get:169 http://azure.archive.ubuntu.com/ubuntu noble/universe amd64 libspandsp2t64 amd64 0.0.6+dfsg-2.1build1 [311 kB]
verify	Run npx playwright install --with-deps chromium webkit	2026-10-05T04:45:57.7385551Z Get:170 http://azure.archive.ubuntu.com/ubuntu noble/universe amd64 libsrtp2-1 amd64 2.5.0-3build1 [41.9 kB]
verify	Run npx playwright install --with-deps chromium webkit	2026-10-05T04:45:57.7666060Z Get:171 http://azure.archive.ubuntu.com/ubuntu noble/main amd64 libwayland-server0 amd64 1.22.0-2.1build1 [33.9 kB]
verify	Run npx playwright install --with-deps chromium webkit	2026-10-05T04:45:57.7943946Z Get:172 http://azure.archive.ubuntu.com/ubuntu noble/universe amd64 libwildmidi2 amd64 0.4.3-1build3 [68.5 kB]
verify	Run npx playwright install --with-deps chromium webkit	2026-10-05T04:45:57.8221871Z Get:173 http://azure.archive.ubuntu.com/ubuntu noble/main amd64 libwoff1 amd64 1.0.2-2build1 [45.3 kB]
verify	Run npx playwright install --with-deps chromium webkit	2026-10-05T04:45:57.8500406Z Get:174 http://azure.archive.ubuntu.com/ubuntu noble/main amd64 libxcb-xkb1 amd64 1.15-1ubuntu2 [32.3 kB]
verify	Run npx playwright install --with-deps chromium webkit	2026-10-05T04:45:57.8778650Z Get:175 http://azure.archive.ubuntu.com/ubuntu noble/main amd64 libxkbcommon-x11-0 amd64 1.6.0-1build1 [14.5 kB]
verify	Run npx playwright install --with-deps chromium webkit	2026-10-05T04:45:57.9466153Z Get:176 http://azure.archive.ubuntu.com/ubuntu noble/universe amd64 libzbar0t64 amd64 0.23.93-4build3 [123 kB]
verify	Run npx playwright install --with-deps chromium webkit	2026-10-05T04:45:57.9745144Z Get:177 http://azure.archive.ubuntu.com/ubuntu noble/universe amd64 libzxing3 amd64 2.2.1-3 [583 kB]
verify	Run npx playwright install --with-deps chromium webkit	2026-10-05T04:45:58.0062994Z Get:178 http://azure.archive.ubuntu.com/ubuntu noble/main amd64 xfonts-encodings all 1:1.0.5-0ubuntu2 [578 kB]
verify	Run npx playwright install --with-deps chromium webkit	2026-10-05T04:45:58.0387865Z Get:179 http://azure.archive.ubuntu.com/ubuntu noble/main amd64 xfonts-utils amd64 1:7.7+6build3 [94.4 kB]
verify	Run npx playwright install --with-deps chromium webkit	2026-10-05T04:45:58.0665161Z Get:180 http://azure.archive.ubuntu.com/ubuntu noble/universe amd64 xfonts-cyrillic all 1:1.0.5+nmu1 [384 kB]
verify	Run npx playwright install --with-deps chromium webkit	2026-10-05T04:45:58.0968694Z Get:181 http://azure.archive.ubuntu.com/ubuntu noble/main amd64 xfonts-scalable all 1:1.0.3-1.3 [304 kB]
verify	Run npx playwright install --with-deps chromium webkit	2026-10-05T04:45:58.1262920Z Get:182 http://azure.archive.ubuntu.com/ubuntu noble/universe amd64 libgstreamer-plugins-bad1.0-0 amd64 1.24.2-1ubuntu4 [797 kB]
verify	Run npx playwright install --with-deps chromium webkit	2026-10-05T04:45:58.1602718Z Get:183 http://azure.archive.ubuntu.com/ubuntu noble/universe amd64 libdca0 amd64 0.0.7-2build1 [93.8 kB]
verify	Run npx playwright install --with-deps chromium webkit	2026-10-05T04:45:58.1880966Z Get:184 http://azure.archive.ubuntu.com/ubuntu noble/universe amd64 libopenal1 amd64 1:1.23.1-4build1 [540 kB]
verify	Run npx playwright install --with-deps chromium webkit	2026-10-05T04:45:58.2196586Z Get:185 http://azure.archive.ubuntu.com/ubuntu noble/main amd64 libsbc1 amd64 2.0-1build1 [33.9 kB]
verify	Run npx playwright install --with-deps chromium webkit	2026-10-05T04:45:58.2472333Z Get:186 http://azure.archive.ubuntu.com/ubuntu noble/universe amd64 libvo-aacenc0 amd64 0.1.3-2build1 [67.8 kB]
verify	Run npx playwright install --with-deps chromium webkit	2026-10-05T04:45:58.2748994Z Get:187 http://azure.archive.ubuntu.com/ubuntu noble/universe amd64 libvo-amrwbenc0 amd64 0.1.3-2build1 [76.7 kB]
verify	Run npx playwright install --with-deps chromium webkit	2026-10-05T04:45:58.3024509Z Get:188 http://azure.archive.ubuntu.com/ubuntu noble/universe amd64 gstreamer1.0-plugins-bad amd64 1.24.2-1ubuntu4 [3081 kB]
verify	Run npx playwright install --with-deps chromium webkit	2026-10-05T04:45:58.6164854Z Fetched 125 MB in 7s (16.8 MB/s)
verify	Run npx playwright install --with-deps chromium webkit	2026-10-05T04:45:58.6411388Z Selecting previously unselected package fonts-ipafont-gothic.
verify	Run npx playwright install --with-deps chromium webkit	2026-10-05T04:45:58.6642727Z (Reading database ... 
verify	Run npx playwright install --with-deps chromium webkit	2026-10-05T04:45:58.6643044Z (Reading database ... 5%
verify	Run npx playwright install --with-deps chromium webkit	2026-10-05T04:45:58.6643371Z (Reading database ... 10%
verify	Run npx playwright install --with-deps chromium webkit	2026-10-05T04:45:58.6643654Z (Reading database ... 15%
verify	Run npx playwright install --with-deps chromium webkit	2026-10-05T04:45:58.6643957Z (Reading database ... 20%
verify	Run npx playwright install --with-deps chromium webkit	2026-10-05T04:45:58.6644301Z (Reading database ... 25%
verify	Run npx playwright install --with-deps chromium webkit	2026-10-05T04:45:58.6644534Z (Reading database ... 30%
verify	Run npx playwright install --with-deps chromium webkit	2026-10-05T04:45:58.6644753Z (Reading database ... 35%
verify	Run npx playwright install --with-deps chromium webkit	2026-10-05T04:45:58.6644965Z (Reading database ... 40%
verify	Run npx playwright install --with-deps chromium webkit	2026-10-05T04:45:58.6645117Z (Reading database ... 45%
verify	Run npx playwright install --with-deps chromium webkit	2026-10-05T04:45:58.6645263Z (Reading database ... 50%
verify	Run npx playwright install --with-deps chromium webkit	2026-10-05T04:45:58.6682350Z (Reading database ... 55%
verify	Run npx playwright install --with-deps chromium webkit	2026-10-05T04:45:58.7406435Z (Reading database ... 60%
verify	Run npx playwright install --with-deps chromium webkit	2026-10-05T04:45:58.9308683Z (Reading database ... 65%
verify	Run npx playwright install --with-deps chromium webkit	2026-10-05T04:45:59.1354100Z (Reading database ... 70%
verify	Run npx playwright install --with-deps chromium webkit	2026-10-05T04:45:59.3352518Z (Reading database ... 75%
verify	Run npx playwright install --with-deps chromium webkit	2026-10-05T04:45:59.4365158Z (Reading database ... 80%
verify	Run npx playwright install --with-deps chromium webkit	2026-10-05T04:45:59.5966830Z (Reading database ... 85%
verify	Run npx playwright install --with-deps chromium webkit	2026-10-05T04:45:59.7376952Z (Reading database ... 90%
verify	Run npx playwright install --with-deps chromium webkit	2026-10-05T04:45:59.8378930Z (Reading database ... 95%
verify	Run npx playwright install --with-deps chromium webkit	2026-10-05T04:45:59.8379199Z (Reading database ... 100%
verify	Run npx playwright install --with-deps chromium webkit	2026-10-05T04:45:59.8379449Z (Reading database ... 202296 files and directories currently installed.)
verify	Run npx playwright install --with-deps chromium webkit	2026-10-05T04:45:59.8413873Z Preparing to unpack .../000-fonts-ipafont-gothic_00303-21ubuntu1_all.deb ...
verify	Run npx playwright install --with-deps chromium webkit	2026-10-05T04:45:59.8561710Z Unpacking fonts-ipafont-gothic (00303-21ubuntu1) ...
verify	Run npx playwright install --with-deps chromium webkit	2026-10-05T04:46:00.0638687Z Selecting previously unselected package fonts-freefont-ttf.
verify	Run npx playwright install --with-deps chromium webkit	2026-10-05T04:46:00.0734213Z Preparing to unpack .../001-fonts-freefont-ttf_20211204+svn4273-2_all.deb ...
verify	Run npx playwright install --with-deps chromium webkit	2026-10-05T04:46:00.0739929Z Unpacking fonts-freefont-ttf (20211204+svn4273-2) ...
verify	Run npx playwright install --with-deps chromium webkit	2026-10-05T04:46:00.1619072Z Selecting previously unselected package fonts-tlwg-loma-otf.
verify	Run npx playwright install --with-deps chromium webkit	2026-10-05T04:46:00.1713828Z Preparing to unpack .../002-fonts-tlwg-loma-otf_1%3a0.7.3-1_all.deb ...
verify	Run npx playwright install --with-deps chromium webkit	2026-10-05T04:46:00.1720865Z Unpacking fonts-tlwg-loma-otf (1:0.7.3-1) ...
verify	Run npx playwright install --with-deps chromium webkit	2026-10-05T04:46:00.1895897Z Selecting previously unselected package fonts-unifont.
verify	Run npx playwright install --with-deps chromium webkit	2026-10-05T04:46:00.1991454Z Preparing to unpack .../003-fonts-unifont_1%3a15.1.01-1build1_all.deb ...
verify	Run npx playwright install --with-deps chromium webkit	2026-10-05T04:46:00.1998009Z Unpacking fonts-unifont (1:15.1.01-1build1) ...
verify	Run npx playwright install --with-deps chromium webkit	2026-10-05T04:46:00.3818470Z Selecting previously unselected package fonts-wqy-zenhei.
verify	Run npx playwright install --with-deps chromium webkit	2026-10-05T04:46:00.3912707Z Preparing to unpack .../004-fonts-wqy-zenhei_0.9.45-8_all.deb ...
verify	Run npx playwright install --with-deps chromium webkit	2026-10-05T04:46:00.3991881Z Unpacking fonts-wqy-zenhei (0.9.45-8) ...
verify	Run npx playwright install --with-deps chromium webkit	2026-10-05T04:46:00.8134836Z Selecting previously unselected package libproxy1v5:amd64.
verify	Run npx playwright install --with-deps chromium webkit	2026-10-05T04:46:00.8227955Z Preparing to unpack .../005-libproxy1v5_0.5.4-4build1_amd64.deb ...
verify	Run npx playwright install --with-deps chromium webkit	2026-10-05T04:46:00.8243083Z Unpacking libproxy1v5:amd64 (0.5.4-4build1) ...
verify	Run npx playwright install --with-deps chromium webkit	2026-10-05T04:46:00.8410931Z Selecting previously unselected package glib-networking-common.
verify	Run npx playwright install --with-deps chromium webkit	2026-10-05T04:46:00.8504519Z Preparing to unpack .../006-glib-networking-common_2.80.0-1build1_all.deb ...
verify	Run npx playwright install --with-deps chromium webkit	2026-10-05T04:46:00.8510477Z Unpacking glib-networking-common (2.80.0-1build1) ...
verify	Run npx playwright install --with-deps chromium webkit	2026-10-05T04:46:00.8660725Z Selecting previously unselected package glib-networking-services.
verify	Run npx playwright install --with-deps chromium webkit	2026-10-05T04:46:00.8753743Z Preparing to unpack .../007-glib-networking-services_2.80.0-1build1_amd64.deb ...
verify	Run npx playwright install --with-deps chromium webkit	2026-10-05T04:46:00.8760507Z Unpacking glib-networking-services (2.80.0-1build1) ...
verify	Run npx playwright install --with-deps chromium webkit	2026-10-05T04:46:00.8934912Z Selecting previously unselected package session-migration.
verify	Run npx playwright install --with-deps chromium webkit	2026-10-05T04:46:00.9028289Z Preparing to unpack .../008-session-migration_0.3.9build1_amd64.deb ...
verify	Run npx playwright install --with-deps chromium webkit	2026-10-05T04:46:00.9034475Z Unpacking session-migration (0.3.9build1) ...
verify	Run npx playwright install --with-deps chromium webkit	2026-10-05T04:46:00.9218375Z Selecting previously unselected package gsettings-desktop-schemas.
verify	Run npx playwright install --with-deps chromium webkit	2026-10-05T04:46:00.9315106Z Preparing to unpack .../009-gsettings-desktop-schemas_46.1-0ubuntu1_all.deb ...
verify	Run npx playwright install --with-deps chromium webkit	2026-10-05T04:46:00.9320828Z Unpacking gsettings-desktop-schemas (46.1-0ubuntu1) ...
verify	Run npx playwright install --with-deps chromium webkit	2026-10-05T04:46:00.9528323Z Selecting previously unselected package glib-networking:amd64.
verify	Run npx playwright install --with-deps chromium webkit	2026-10-05T04:46:00.9623961Z Preparing to unpack .../010-glib-networking_2.80.0-1build1_amd64.deb ...
verify	Run npx playwright install --with-deps chromium webkit	2026-10-05T04:46:00.9630494Z Unpacking glib-networking:amd64 (2.80.0-1build1) ...
verify	Run npx playwright install --with-deps chromium webkit	2026-10-05T04:46:00.9812949Z Selecting previously unselected package libva2:amd64.
verify	Run npx playwright install --with-deps chromium webkit	2026-10-05T04:46:00.9912000Z Preparing to unpack .../011-libva2_2.20.0-2ubuntu0.2_amd64.deb ...
verify	Run npx playwright install --with-deps chromium webkit	2026-10-05T04:46:00.9918516Z Unpacking libva2:amd64 (2.20.0-2ubuntu0.2) ...
verify	Run npx playwright install --with-deps chromium webkit	2026-10-05T04:46:01.0097886Z Selecting previously unselected package libva-drm2:amd64.
verify	Run npx playwright install --with-deps chromium webkit	2026-10-05T04:46:01.0195834Z Preparing to unpack .../012-libva-drm2_2.20.0-2ubuntu0.2_amd64.deb ...
verify	Run npx playwright install --with-deps chromium webkit	2026-10-05T04:46:01.0203268Z Unpacking libva-drm2:amd64 (2.20.0-2ubuntu0.2) ...
verify	Run npx playwright install --with-deps chromium webkit	2026-10-05T04:46:01.0373445Z Selecting previously unselected package libva-x11-2:amd64.
verify	Run npx playwright install --with-deps chromium webkit	2026-10-05T04:46:01.0469777Z Preparing to unpack .../013-libva-x11-2_2.20.0-2ubuntu0.2_amd64.deb ...
verify	Run npx playwright install --with-deps chromium webkit	2026-10-05T04:46:01.0475936Z Unpacking libva-x11-2:amd64 (2.20.0-2ubuntu0.2) ...
verify	Run npx playwright install --with-deps chromium webkit	2026-10-05T04:46:01.0659254Z Selecting previously unselected package libvdpau1:amd64.
verify	Run npx playwright install --with-deps chromium webkit	2026-10-05T04:46:01.0755627Z Preparing to unpack .../014-libvdpau1_1.5-2build1_amd64.deb ...
verify	Run npx playwright install --with-deps chromium webkit	2026-10-05T04:46:01.0762478Z Unpacking libvdpau1:amd64 (1.5-2build1) ...
verify	Run npx playwright install --with-deps chromium webkit	2026-10-05T04:46:01.0939630Z Selecting previously unselected package libvpl2.
verify	Run npx playwright install --with-deps chromium webkit	2026-10-05T04:46:01.1035646Z Preparing to unpack .../015-libvpl2_2023.3.0-1build1_amd64.deb ...
verify	Run npx playwright install --with-deps chromium webkit	2026-10-05T04:46:01.1042752Z Unpacking libvpl2 (2023.3.0-1build1) ...
verify	Run npx playwright install --with-deps chromium webkit	2026-10-05T04:46:01.1221742Z Selecting previously unselected package ocl-icd-libopencl1:amd64.
verify	Run npx playwright install --with-deps chromium webkit	2026-10-05T04:46:01.1318473Z Preparing to unpack .../016-ocl-icd-libopencl1_2.3.2-1build1_amd64.deb ...
verify	Run npx playwright install --with-deps chromium webkit	2026-10-05T04:46:01.1324382Z Unpacking ocl-icd-libopencl1:amd64 (2.3.2-1build1) ...
verify	Run npx playwright install --with-deps chromium webkit	2026-10-05T04:46:01.1505733Z Selecting previously unselected package libavutil58:amd64.
verify	Run npx playwright install --with-deps chromium webkit	2026-10-05T04:46:01.1601276Z Preparing to unpack .../017-libavutil58_7%3a6.1.1-3ubuntu5_amd64.deb ...
verify	Run npx playwright install --with-deps chromium webkit	2026-10-05T04:46:01.1606283Z Unpacking libavutil58:amd64 (7:6.1.1-3ubuntu5) ...
verify	Run npx playwright install --with-deps chromium webkit	2026-10-05T04:46:01.1796295Z Selecting previously unselected package libcodec2-1.2:amd64.
verify	Run npx playwright install --with-deps chromium webkit	2026-10-05T04:46:01.1891621Z Preparing to unpack .../018-libcodec2-1.2_1.2.0-2build1_amd64.deb ...
verify	Run npx playwright install --with-deps chromium webkit	2026-10-05T04:46:01.1897234Z Unpacking libcodec2-1.2:amd64 (1.2.0-2build1) ...
verify	Run npx playwright install --with-deps chromium webkit	2026-10-05T04:46:01.3143653Z Selecting previously unselected package libdav1d7:amd64.
verify	Run npx playwright install --with-deps chromium webkit	2026-10-05T04:46:01.3239690Z Preparing to unpack .../019-libdav1d7_1.4.1-1build1_amd64.deb ...
verify	Run npx playwright install --with-deps chromium webkit	2026-10-05T04:46:01.3245887Z Unpacking libdav1d7:amd64 (1.4.1-1build1) ...
verify	Run npx playwright install --with-deps chromium webkit	2026-10-05T04:46:01.3450853Z Selecting previously unselected package libgsm1:amd64.
verify	Run npx playwright install --with-deps chromium webkit	2026-10-05T04:46:01.3547089Z Preparing to unpack .../020-libgsm1_1.0.22-1build1_amd64.deb ...
verify	Run npx playwright install --with-deps chromium webkit	2026-10-05T04:46:01.3552582Z Unpacking libgsm1:amd64 (1.0.22-1build1) ...
verify	Run npx playwright install --with-deps chromium webkit	2026-10-05T04:46:01.3719621Z Selecting previously unselected package libhwy1t64:amd64.
verify	Run npx playwright install --with-deps chromium webkit	2026-10-05T04:46:01.3814487Z Preparing to unpack .../021-libhwy1t64_1.0.7-8.1build1_amd64.deb ...
verify	Run npx playwright install --with-deps chromium webkit	2026-10-05T04:46:01.3820635Z Unpacking libhwy1t64:amd64 (1.0.7-8.1build1) ...
verify	Run npx playwright install --with-deps chromium webkit	2026-10-05T04:46:01.4142459Z Selecting previously unselected package libjxl0.7:amd64.
verify	Run npx playwright install --with-deps chromium webkit	2026-10-05T04:46:01.4240088Z Preparing to unpack .../022-libjxl0.7_0.7.0-10.2ubuntu6.1_amd64.deb ...
verify	Run npx playwright install --with-deps chromium webkit	2026-10-05T04:46:01.4246360Z Unpacking libjxl0.7:amd64 (0.7.0-10.2ubuntu6.1) ...
verify	Run npx playwright install --with-deps chromium webkit	2026-10-05T04:46:01.4584966Z Selecting previously unselected package libmp3lame0:amd64.
verify	Run npx playwright install --with-deps chromium webkit	2026-10-05T04:46:01.4683414Z Preparing to unpack .../023-libmp3lame0_3.100-6build1_amd64.deb ...
verify	Run npx playwright install --with-deps chromium webkit	2026-10-05T04:46:01.4689221Z Unpacking libmp3lame0:amd64 (3.100-6build1) ...
verify	Run npx playwright install --with-deps chromium webkit	2026-10-05T04:46:01.4864857Z Selecting previously unselected package libopus0:amd64.
verify	Run npx playwright install --with-deps chromium webkit	2026-10-05T04:46:01.4960710Z Preparing to unpack .../024-libopus0_1.4-1build1_amd64.deb ...
verify	Run npx playwright install --with-deps chromium webkit	2026-10-05T04:46:01.4966896Z Unpacking libopus0:amd64 (1.4-1build1) ...
verify	Run npx playwright install --with-deps chromium webkit	2026-10-05T04:46:01.5143670Z Selecting previously unselected package librav1e0:amd64.
verify	Run npx playwright install --with-deps chromium webkit	2026-10-05T04:46:01.5242121Z Preparing to unpack .../025-librav1e0_0.7.1-2_amd64.deb ...
verify	Run npx playwright install --with-deps chromium webkit	2026-10-05T04:46:01.5248312Z Unpacking librav1e0:amd64 (0.7.1-2) ...
verify	Run npx playwright install --with-deps chromium webkit	2026-10-05T04:46:01.5579781Z Selecting previously unselected package librsvg2-2:amd64.
verify	Run npx playwright install --with-deps chromium webkit	2026-10-05T04:46:01.5676845Z Preparing to unpack .../026-librsvg2-2_2.58.0+dfsg-1build1_amd64.deb ...
verify	Run npx playwright install --with-deps chromium webkit	2026-10-05T04:46:01.5682560Z Unpacking librsvg2-2:amd64 (2.58.0+dfsg-1build1) ...
verify	Run npx playwright install --with-deps chromium webkit	2026-10-05T04:46:01.6280811Z Selecting previously unselected package libshine3:amd64.
verify	Run npx playwright install --with-deps chromium webkit	2026-10-05T04:46:01.6378412Z Preparing to unpack .../027-libshine3_3.1.1-2build1_amd64.deb ...
verify	Run npx playwright install --with-deps chromium webkit	2026-10-05T04:46:01.6384409Z Unpacking libshine3:amd64 (3.1.1-2build1) ...
verify	Run npx playwright install --with-deps chromium webkit	2026-10-05T04:46:01.6553169Z Selecting previously unselected package libspeex1:amd64.
verify	Run npx playwright install --with-deps chromium webkit	2026-10-05T04:46:01.6651267Z Preparing to unpack .../028-libspeex1_1.2.1-2ubuntu2.24.04.1_amd64.deb ...
verify	Run npx playwright install --with-deps chromium webkit	2026-10-05T04:46:01.6657071Z Unpacking libspeex1:amd64 (1.2.1-2ubuntu2.24.04.1) ...
verify	Run npx playwright install --with-deps chromium webkit	2026-10-05T04:46:01.6821919Z Selecting previously unselected package libsvtav1enc1d1:amd64.
verify	Run npx playwright install --with-deps chromium webkit	2026-10-05T04:46:01.6919610Z Preparing to unpack .../029-libsvtav1enc1d1_1.7.0+dfsg-2build1_amd64.deb ...
verify	Run npx playwright install --with-deps chromium webkit	2026-10-05T04:46:01.6925859Z Unpacking libsvtav1enc1d1:amd64 (1.7.0+dfsg-2build1) ...
verify	Run npx playwright install --with-deps chromium webkit	2026-10-05T04:46:01.7520151Z Selecting previously unselected package libsoxr0:amd64.
verify	Run npx playwright install --with-deps chromium webkit	2026-10-05T04:46:01.7618852Z Preparing to unpack .../030-libsoxr0_0.1.3-4build3_amd64.deb ...
verify	Run npx playwright install --with-deps chromium webkit	2026-10-05T04:46:01.7624367Z Unpacking libsoxr0:amd64 (0.1.3-4build3) ...
verify	Run npx playwright install --with-deps chromium webkit	2026-10-05T04:46:01.7797906Z Selecting previously unselected package libswresample4:amd64.
verify	Run npx playwright install --with-deps chromium webkit	2026-10-05T04:46:01.7897075Z Preparing to unpack .../031-libswresample4_7%3a6.1.1-3ubuntu5_amd64.deb ...
verify	Run npx playwright install --with-deps chromium webkit	2026-10-05T04:46:01.7902713Z Unpacking libswresample4:amd64 (7:6.1.1-3ubuntu5) ...
verify	Run npx playwright install --with-deps chromium webkit	2026-10-05T04:46:01.8079404Z Selecting previously unselected package libtheora0:amd64.
verify	Run npx playwright install --with-deps chromium webkit	2026-10-05T04:46:01.8177287Z Preparing to unpack .../032-libtheora0_1.1.1+dfsg.1-16.1build3_amd64.deb ...
verify	Run npx playwright install --with-deps chromium webkit	2026-10-05T04:46:01.8183222Z Unpacking libtheora0:amd64 (1.1.1+dfsg.1-16.1build3) ...
verify	Run npx playwright install --with-deps chromium webkit	2026-10-05T04:46:01.8378753Z Selecting previously unselected package libtwolame0:amd64.
verify	Run npx playwright install --with-deps chromium webkit	2026-10-05T04:46:01.8475506Z Preparing to unpack .../033-libtwolame0_0.4.0-2build3_amd64.deb ...
verify	Run npx playwright install --with-deps chromium webkit	2026-10-05T04:46:01.8480446Z Unpacking libtwolame0:amd64 (0.4.0-2build3) ...
verify	Run npx playwright install --with-deps chromium webkit	2026-10-05T04:46:01.8646457Z Selecting previously unselected package libvorbisenc2:amd64.
verify	Run npx playwright install --with-deps chromium webkit	2026-10-05T04:46:01.8741880Z Preparing to unpack .../034-libvorbisenc2_1.3.7-1build3_amd64.deb ...
verify	Run npx playwright install --with-deps chromium webkit	2026-10-05T04:46:01.8747581Z Unpacking libvorbisenc2:amd64 (1.3.7-1build3) ...
verify	Run npx playwright install --with-deps chromium webkit	2026-10-05T04:46:01.8926348Z Selecting previously unselected package libvpx9:amd64.
verify	Run npx playwright install --with-deps chromium webkit	2026-10-05T04:46:01.9021292Z Preparing to unpack .../035-libvpx9_1.14.0-1ubuntu2.3_amd64.deb ...
verify	Run npx playwright install --with-deps chromium webkit	2026-10-05T04:46:01.9027215Z Unpacking libvpx9:amd64 (1.14.0-1ubuntu2.3) ...
verify	Run npx playwright install --with-deps chromium webkit	2026-10-05T04:46:01.9354894Z Selecting previously unselected package libx264-164:amd64.
verify	Run npx playwright install --with-deps chromium webkit	2026-10-05T04:46:01.9451651Z Preparing to unpack .../036-libx264-164_2%3a0.164.3108+git31e19f9-1_amd64.deb ...
verify	Run npx playwright install --with-deps chromium webkit	2026-10-05T04:46:01.9457095Z Unpacking libx264-164:amd64 (2:0.164.3108+git31e19f9-1) ...
verify	Run npx playwright install --with-deps chromium webkit	2026-10-05T04:46:01.9723495Z Selecting previously unselected package libx265-199:amd64.
verify	Run npx playwright install --with-deps chromium webkit	2026-10-05T04:46:01.9811274Z Preparing to unpack .../037-libx265-199_3.5-2build1_amd64.deb ...
verify	Run npx playwright install --with-deps chromium webkit	2026-10-05T04:46:01.9817232Z Unpacking libx265-199:amd64 (3.5-2build1) ...
verify	Run npx playwright install --with-deps chromium webkit	2026-10-05T04:46:02.1047067Z Selecting previously unselected package libxvidcore4:amd64.
verify	Run npx playwright install --with-deps chromium webkit	2026-10-05T04:46:02.1144166Z Preparing to unpack .../038-libxvidcore4_2%3a1.3.7-1build1_amd64.deb ...
verify	Run npx playwright install --with-deps chromium webkit	2026-10-05T04:46:02.1150354Z Unpacking libxvidcore4:amd64 (2:1.3.7-1build1) ...
verify	Run npx playwright install --with-deps chromium webkit	2026-10-05T04:46:02.1326355Z Selecting previously unselected package libzvbi-common.
verify	Run npx playwright install --with-deps chromium webkit	2026-10-05T04:46:02.1423355Z Preparing to unpack .../039-libzvbi-common_0.2.42-2_all.deb ...
verify	Run npx playwright install --with-deps chromium webkit	2026-10-05T04:46:02.1430061Z Unpacking libzvbi-common (0.2.42-2) ...
verify	Run npx playwright install --with-deps chromium webkit	2026-10-05T04:46:02.1660709Z Selecting previously unselected package libzvbi0t64:amd64.
verify	Run npx playwright install --with-deps chromium webkit	2026-10-05T04:46:02.1758395Z Preparing to unpack .../040-libzvbi0t64_0.2.42-2_amd64.deb ...
verify	Run npx playwright install --with-deps chromium webkit	2026-10-05T04:46:02.1764814Z Unpacking libzvbi0t64:amd64 (0.2.42-2) ...
verify	Run npx playwright install --with-deps chromium webkit	2026-10-05T04:46:02.1958134Z Selecting previously unselected package libavcodec60:amd64.
verify	Run npx playwright install --with-deps chromium webkit	2026-10-05T04:46:02.2056957Z Preparing to unpack .../041-libavcodec60_7%3a6.1.1-3ubuntu5_amd64.deb ...
verify	Run npx playwright install --with-deps chromium webkit	2026-10-05T04:46:02.2063638Z Unpacking libavcodec60:amd64 (7:6.1.1-3ubuntu5) ...
verify	Run npx playwright install --with-deps chromium webkit	2026-10-05T04:46:02.3376270Z Selecting previously unselected package libunibreak5:amd64.
verify	Run npx playwright install --with-deps chromium webkit	2026-10-05T04:46:02.3470844Z Preparing to unpack .../042-libunibreak5_5.1-2build1_amd64.deb ...
verify	Run npx playwright install --with-deps chromium webkit	2026-10-05T04:46:02.3477278Z Unpacking libunibreak5:amd64 (5.1-2build1) ...
verify	Run npx playwright install --with-deps chromium webkit	2026-10-05T04:46:02.3641447Z Selecting previously unselected package libass9:amd64.
verify	Run npx playwright install --with-deps chromium webkit	2026-10-05T04:46:02.3736133Z Preparing to unpack .../043-libass9_1%3a0.17.1-2build1_amd64.deb ...
verify	Run npx playwright install --with-deps chromium webkit	2026-10-05T04:46:02.3742352Z Unpacking libass9:amd64 (1:0.17.1-2build1) ...
verify	Run npx playwright install --with-deps chromium webkit	2026-10-05T04:46:02.3912355Z Selecting previously unselected package libudfread0:amd64.
verify	Run npx playwright install --with-deps chromium webkit	2026-10-05T04:46:02.4009238Z Preparing to unpack .../044-libudfread0_1.1.2-1build1_amd64.deb ...
verify	Run npx playwright install --with-deps chromium webkit	2026-10-05T04:46:02.4016085Z Unpacking libudfread0:amd64 (1.1.2-1build1) ...
verify	Run npx playwright install --with-deps chromium webkit	2026-10-05T04:46:02.4200980Z Selecting previously unselected package libbluray2:amd64.
verify	Run npx playwright install --with-deps chromium webkit	2026-10-05T04:46:02.4299705Z Preparing to unpack .../045-libbluray2_1%3a1.3.4-1build1_amd64.deb ...
verify	Run npx playwright install --with-deps chromium webkit	2026-10-05T04:46:02.4306265Z Unpacking libbluray2:amd64 (1:1.3.4-1build1) ...
verify	Run npx playwright install --with-deps chromium webkit	2026-10-05T04:46:02.4483639Z Selecting previously unselected package libchromaprint1:amd64.
verify	Run npx playwright install --with-deps chromium webkit	2026-10-05T04:46:02.4582037Z Preparing to unpack .../046-libchromaprint1_1.5.1-5_amd64.deb ...
verify	Run npx playwright install --with-deps chromium webkit	2026-10-05T04:46:02.4588300Z Unpacking libchromaprint1:amd64 (1.5.1-5) ...
verify	Run npx playwright install --with-deps chromium webkit	2026-10-05T04:46:02.4755752Z Selecting previously unselected package libgme0:amd64.
verify	Run npx playwright install --with-deps chromium webkit	2026-10-05T04:46:02.4852754Z Preparing to unpack .../047-libgme0_0.6.3-7build1_amd64.deb ...
verify	Run npx playwright install --with-deps chromium webkit	2026-10-05T04:46:02.4858441Z Unpacking libgme0:amd64 (0.6.3-7build1) ...
verify	Run npx playwright install --with-deps chromium webkit	2026-10-05T04:46:02.5030515Z Selecting previously unselected package libmpg123-0t64:amd64.
verify	Run npx playwright install --with-deps chromium webkit	2026-10-05T04:46:02.5129224Z Preparing to unpack .../048-libmpg123-0t64_1.32.5-1ubuntu1.1_amd64.deb ...
verify	Run npx playwright install --with-deps chromium webkit	2026-10-05T04:46:02.5135279Z Unpacking libmpg123-0t64:amd64 (1.32.5-1ubuntu1.1) ...
verify	Run npx playwright install --with-deps chromium webkit	2026-10-05T04:46:02.5321326Z Selecting previously unselected package libopenmpt0t64:amd64.
verify	Run npx playwright install --with-deps chromium webkit	2026-10-05T04:46:02.5419457Z Preparing to unpack .../049-libopenmpt0t64_0.7.3-1.1build3_amd64.deb ...
verify	Run npx playwright install --with-deps chromium webkit	2026-10-05T04:46:02.5428477Z Unpacking libopenmpt0t64:amd64 (0.7.3-1.1build3) ...
verify	Run npx playwright install --with-deps chromium webkit	2026-10-05T04:46:02.5637193Z Selecting previously unselected package libcjson1:amd64.
verify	Run npx playwright install --with-deps chromium webkit	2026-10-05T04:46:02.5735168Z Preparing to unpack .../050-libcjson1_1.7.17-1_amd64.deb ...
verify	Run npx playwright install --with-deps chromium webkit	2026-10-05T04:46:02.5741274Z Unpacking libcjson1:amd64 (1.7.17-1) ...
verify	Run npx playwright install --with-deps chromium webkit	2026-10-05T04:46:02.5916419Z Selecting previously unselected package libmbedcrypto7t64:amd64.
verify	Run npx playwright install --with-deps chromium webkit	2026-10-05T04:46:02.6015012Z Preparing to unpack .../051-libmbedcrypto7t64_2.28.8-1_amd64.deb ...
verify	Run npx playwright install --with-deps chromium webkit	2026-10-05T04:46:02.6020746Z Unpacking libmbedcrypto7t64:amd64 (2.28.8-1) ...
verify	Run npx playwright install --with-deps chromium webkit	2026-10-05T04:46:02.6203724Z Selecting previously unselected package librist4:amd64.
verify	Run npx playwright install --with-deps chromium webkit	2026-10-05T04:46:02.6302907Z Preparing to unpack .../052-librist4_0.2.10+dfsg-2_amd64.deb ...
verify	Run npx playwright install --with-deps chromium webkit	2026-10-05T04:46:02.6309312Z Unpacking librist4:amd64 (0.2.10+dfsg-2) ...
verify	Run npx playwright install --with-deps chromium webkit	2026-10-05T04:46:02.6481674Z Selecting previously unselected package libsrt1.5-gnutls:amd64.
verify	Run npx playwright install --with-deps chromium webkit	2026-10-05T04:46:02.6582243Z Preparing to unpack .../053-libsrt1.5-gnutls_1.5.3-1build2_amd64.deb ...
verify	Run npx playwright install --with-deps chromium webkit	2026-10-05T04:46:02.6588790Z Unpacking libsrt1.5-gnutls:amd64 (1.5.3-1build2) ...
verify	Run npx playwright install --with-deps chromium webkit	2026-10-05T04:46:02.6783548Z Selecting previously unselected package libssh-gcrypt-4:amd64.
verify	Run npx playwright install --with-deps chromium webkit	2026-10-05T04:46:02.6883571Z Preparing to unpack .../054-libssh-gcrypt-4_0.10.6-2ubuntu0.5_amd64.deb ...
verify	Run npx playwright install --with-deps chromium webkit	2026-10-05T04:46:02.6889371Z Unpacking libssh-gcrypt-4:amd64 (0.10.6-2ubuntu0.5) ...
verify	Run npx playwright install --with-deps chromium webkit	2026-10-05T04:46:02.7075978Z Selecting previously unselected package libavformat60:amd64.
verify	Run npx playwright install --with-deps chromium webkit	2026-10-05T04:46:02.7177354Z Preparing to unpack .../055-libavformat60_7%3a6.1.1-3ubuntu5_amd64.deb ...
verify	Run npx playwright install --with-deps chromium webkit	2026-10-05T04:46:02.7184522Z Unpacking libavformat60:amd64 (7:6.1.1-3ubuntu5) ...
verify	Run npx playwright install --with-deps chromium webkit	2026-10-05T04:46:02.7500818Z Selecting previously unselected package libbs2b0:amd64.
verify	Run npx playwright install --with-deps chromium webkit	2026-10-05T04:46:02.7599061Z Preparing to unpack .../056-libbs2b0_3.1.0+dfsg-7build1_amd64.deb ...
verify	Run npx playwright install --with-deps chromium webkit	2026-10-05T04:46:02.7604876Z Unpacking libbs2b0:amd64 (3.1.0+dfsg-7build1) ...
verify	Run npx playwright install --with-deps chromium webkit	2026-10-05T04:46:02.7792032Z Selecting previously unselected package libflite1:amd64.
verify	Run npx playwright install --with-deps chromium webkit	2026-10-05T04:46:02.7891432Z Preparing to unpack .../057-libflite1_2.2-6build3_amd64.deb ...
verify	Run npx playwright install --with-deps chromium webkit	2026-10-05T04:46:02.7898662Z Unpacking libflite1:amd64 (2.2-6build3) ...
verify	Run npx playwright install --with-deps chromium webkit	2026-10-05T04:46:02.9400396Z Selecting previously unselected package libserd-0-0:amd64.
verify	Run npx playwright install --with-deps chromium webkit	2026-10-05T04:46:02.9500596Z Preparing to unpack .../058-libserd-0-0_0.32.2-1_amd64.deb ...
verify	Run npx playwright install --with-deps chromium webkit	2026-10-05T04:46:02.9506439Z Unpacking libserd-0-0:amd64 (0.32.2-1) ...
verify	Run npx playwright install --with-deps chromium webkit	2026-10-05T04:46:02.9679927Z Selecting previously unselected package libzix-0-0:amd64.
verify	Run npx playwright install --with-deps chromium webkit	2026-10-05T04:46:02.9779796Z Preparing to unpack .../059-libzix-0-0_0.4.2-2build1_amd64.deb ...
verify	Run npx playwright install --with-deps chromium webkit	2026-10-05T04:46:02.9785293Z Unpacking libzix-0-0:amd64 (0.4.2-2build1) ...
verify	Run npx playwright install --with-deps chromium webkit	2026-10-05T04:46:02.9953903Z Selecting previously unselected package libsord-0-0:amd64.
verify	Run npx playwright install --with-deps chromium webkit	2026-10-05T04:46:03.0051701Z Preparing to unpack .../060-libsord-0-0_0.16.16-2build1_amd64.deb ...
verify	Run npx playwright install --with-deps chromium webkit	2026-10-05T04:46:03.0057302Z Unpacking libsord-0-0:amd64 (0.16.16-2build1) ...
verify	Run npx playwright install --with-deps chromium webkit	2026-10-05T04:46:03.0223804Z Selecting previously unselected package libsratom-0-0:amd64.
verify	Run npx playwright install --with-deps chromium webkit	2026-10-05T04:46:03.0320305Z Preparing to unpack .../061-libsratom-0-0_0.6.16-1build1_amd64.deb ...
verify	Run npx playwright install --with-deps chromium webkit	2026-10-05T04:46:03.0327380Z Unpacking libsratom-0-0:amd64 (0.6.16-1build1) ...
verify	Run npx playwright install --with-deps chromium webkit	2026-10-05T04:46:03.0497922Z Selecting previously unselected package liblilv-0-0:amd64.
verify	Run npx playwright install --with-deps chromium webkit	2026-10-05T04:46:03.0595941Z Preparing to unpack .../062-liblilv-0-0_0.24.22-1build1_amd64.deb ...
verify	Run npx playwright install --with-deps chromium webkit	2026-10-05T04:46:03.0603065Z Unpacking liblilv-0-0:amd64 (0.24.22-1build1) ...
verify	Run npx playwright install --with-deps chromium webkit	2026-10-05T04:46:03.1459860Z Selecting previously unselected package libmysofa1:amd64.
verify	Run npx playwright install --with-deps chromium webkit	2026-10-05T04:46:03.1561104Z Preparing to unpack .../063-libmysofa1_1.3.2+dfsg-2ubuntu2_amd64.deb ...
verify	Run npx playwright install --with-deps chromium webkit	2026-10-05T04:46:03.1567513Z Unpacking libmysofa1:amd64 (1.3.2+dfsg-2ubuntu2) ...
verify	Run npx playwright install --with-deps chromium webkit	2026-10-05T04:46:03.1775393Z Selecting previously unselected package libplacebo338:amd64.
verify	Run npx playwright install --with-deps chromium webkit	2026-10-05T04:46:03.1876148Z Preparing to unpack .../064-libplacebo338_6.338.2-2build1_amd64.deb ...
verify	Run npx playwright install --with-deps chromium webkit	2026-10-05T04:46:03.1882581Z Unpacking libplacebo338:amd64 (6.338.2-2build1) ...
verify	Run npx playwright install --with-deps chromium webkit	2026-10-05T04:46:03.2635448Z Selecting previously unselected package libblas3:amd64.
verify	Run npx playwright install --with-deps chromium webkit	2026-10-05T04:46:03.2735590Z Preparing to unpack .../065-libblas3_3.12.0-3build1.1_amd64.deb ...
verify	Run npx playwright install --with-deps chromium webkit	2026-10-05T04:46:03.2762271Z Unpacking libblas3:amd64 (3.12.0-3build1.1) ...
verify	Run npx playwright install --with-deps chromium webkit	2026-10-05T04:46:03.2960237Z Selecting previously unselected package liblapack3:amd64.
verify	Run npx playwright install --with-deps chromium webkit	2026-10-05T04:46:03.3060051Z Preparing to unpack .../066-liblapack3_3.12.0-3build1.1_amd64.deb ...
verify	Run npx playwright install --with-deps chromium webkit	2026-10-05T04:46:03.3085302Z Unpacking liblapack3:amd64 (3.12.0-3build1.1) ...
verify	Run npx playwright install --with-deps chromium webkit	2026-10-05T04:46:03.3720953Z Selecting previously unselected package libasyncns0:amd64.
verify	Run npx playwright install --with-deps chromium webkit	2026-10-05T04:46:03.3820766Z Preparing to unpack .../067-libasyncns0_0.8-6build4_amd64.deb ...
verify	Run npx playwright install --with-deps chromium webkit	2026-10-05T04:46:03.3827226Z Unpacking libasyncns0:amd64 (0.8-6build4) ...
verify	Run npx playwright install --with-deps chromium webkit	2026-10-05T04:46:03.3999214Z Selecting previously unselected package libflac12t64:amd64.
verify	Run npx playwright install --with-deps chromium webkit	2026-10-05T04:46:03.4098113Z Preparing to unpack .../068-libflac12t64_1.4.3+ds-2.1ubuntu2_amd64.deb ...
verify	Run npx playwright install --with-deps chromium webkit	2026-10-05T04:46:03.4104643Z Unpacking libflac12t64:amd64 (1.4.3+ds-2.1ubuntu2) ...
verify	Run npx playwright install --with-deps chromium webkit	2026-10-05T04:46:03.4289165Z Selecting previously unselected package libsndfile1:amd64.
verify	Run npx playwright install --with-deps chromium webkit	2026-10-05T04:46:03.4387639Z Preparing to unpack .../069-libsndfile1_1.2.2-1ubuntu5.24.04.1_amd64.deb ...
verify	Run npx playwright install --with-deps chromium webkit	2026-10-05T04:46:03.4393846Z Unpacking libsndfile1:amd64 (1.2.2-1ubuntu5.24.04.1) ...
verify	Run npx playwright install --with-deps chromium webkit	2026-10-05T04:46:03.4589159Z Selecting previously unselected package libpulse0:amd64.
verify	Run npx playwright install --with-deps chromium webkit	2026-10-05T04:46:03.4688603Z Preparing to unpack .../070-libpulse0_1%3a16.1+dfsg1-2ubuntu10.1_amd64.deb ...
verify	Run npx playwright install --with-deps chromium webkit	2026-10-05T04:46:03.4741262Z Unpacking libpulse0:amd64 (1:16.1+dfsg1-2ubuntu10.1) ...
verify	Run npx playwright install --with-deps chromium webkit	2026-10-05T04:46:03.4941280Z Selecting previously unselected package libsphinxbase3t64:amd64.
verify	Run npx playwright install --with-deps chromium webkit	2026-10-05T04:46:03.5039934Z Preparing to unpack .../071-libsphinxbase3t64_0.8+5prealpha+1-17build2_amd64.deb ...
verify	Run npx playwright install --with-deps chromium webkit	2026-10-05T04:46:03.5047109Z Unpacking libsphinxbase3t64:amd64 (0.8+5prealpha+1-17build2) ...
verify	Run npx playwright install --with-deps chromium webkit	2026-10-05T04:46:03.5270496Z Selecting previously unselected package libpocketsphinx3:amd64.
verify	Run npx playwright install --with-deps chromium webkit	2026-10-05T04:46:03.5369954Z Preparing to unpack .../072-libpocketsphinx3_0.8.0+real5prealpha+1-15ubuntu5_amd64.deb ...
verify	Run npx playwright install --with-deps chromium webkit	2026-10-05T04:46:03.5376017Z Unpacking libpocketsphinx3:amd64 (0.8.0+real5prealpha+1-15ubuntu5) ...
verify	Run npx playwright install --with-deps chromium webkit	2026-10-05T04:46:03.5553878Z Selecting previously unselected package libpostproc57:amd64.
verify	Run npx playwright install --with-deps chromium webkit	2026-10-05T04:46:03.5652704Z Preparing to unpack .../073-libpostproc57_7%3a6.1.1-3ubuntu5_amd64.deb ...
verify	Run npx playwright install --with-deps chromium webkit	2026-10-05T04:46:03.5659139Z Unpacking libpostproc57:amd64 (7:6.1.1-3ubuntu5) ...
verify	Run npx playwright install --with-deps chromium webkit	2026-10-05T04:46:03.5835759Z Selecting previously unselected package libsamplerate0:amd64.
verify	Run npx playwright install --with-deps chromium webkit	2026-10-05T04:46:03.5934466Z Preparing to unpack .../074-libsamplerate0_0.2.2-4build1_amd64.deb ...
verify	Run npx playwright install --with-deps chromium webkit	2026-10-05T04:46:03.5940416Z Unpacking libsamplerate0:amd64 (0.2.2-4build1) ...
verify	Run npx playwright install --with-deps chromium webkit	2026-10-05T04:46:03.6142975Z Selecting previously unselected package librubberband2:amd64.
verify	Run npx playwright install --with-deps chromium webkit	2026-10-05T04:46:03.6241720Z Preparing to unpack .../075-librubberband2_3.3.0+dfsg-2build1_amd64.deb ...
verify	Run npx playwright install --with-deps chromium webkit	2026-10-05T04:46:03.6250471Z Unpacking librubberband2:amd64 (3.3.0+dfsg-2build1) ...
verify	Run npx playwright install --with-deps chromium webkit	2026-10-05T04:46:03.6432295Z Selecting previously unselected package libswscale7:amd64.
verify	Run npx playwright install --with-deps chromium webkit	2026-10-05T04:46:03.6531305Z Preparing to unpack .../076-libswscale7_7%3a6.1.1-3ubuntu5_amd64.deb ...
verify	Run npx playwright install --with-deps chromium webkit	2026-10-05T04:46:03.6539292Z Unpacking libswscale7:amd64 (7:6.1.1-3ubuntu5) ...
verify	Run npx playwright install --with-deps chromium webkit	2026-10-05T04:46:03.6954597Z Selecting previously unselected package libvidstab1.1:amd64.
verify	Run npx playwright install --with-deps chromium webkit	2026-10-05T04:46:03.7053668Z Preparing to unpack .../077-libvidstab1.1_1.1.0-2build1_amd64.deb ...
verify	Run npx playwright install --with-deps chromium webkit	2026-10-05T04:46:03.7059660Z Unpacking libvidstab1.1:amd64 (1.1.0-2build1) ...
verify	Run npx playwright install --with-deps chromium webkit	2026-10-05T04:46:03.7227036Z Selecting previously unselected package libzimg2:amd64.
verify	Run npx playwright install --with-deps chromium webkit	2026-10-05T04:46:03.7324991Z Preparing to unpack .../078-libzimg2_3.0.5+ds1-1build1_amd64.deb ...
verify	Run npx playwright install --with-deps chromium webkit	2026-10-05T04:46:03.7331228Z Unpacking libzimg2:amd64 (3.0.5+ds1-1build1) ...
verify	Run npx playwright install --with-deps chromium webkit	2026-10-05T04:46:03.7516553Z Selecting previously unselected package libavfilter9:amd64.
verify	Run npx playwright install --with-deps chromium webkit	2026-10-05T04:46:03.7614257Z Preparing to unpack .../079-libavfilter9_7%3a6.1.1-3ubuntu5_amd64.deb ...
verify	Run npx playwright install --with-deps chromium webkit	2026-10-05T04:46:03.7619609Z Unpacking libavfilter9:amd64 (7:6.1.1-3ubuntu5) ...
verify	Run npx playwright install --with-deps chromium webkit	2026-10-05T04:46:03.8782824Z Selecting previously unselected package liborc-0.4-0t64:amd64.
verify	Run npx playwright install --with-deps chromium webkit	2026-10-05T04:46:03.8879910Z Preparing to unpack .../080-liborc-0.4-0t64_1%3a0.4.38-1ubuntu0.1_amd64.deb ...
verify	Run npx playwright install --with-deps chromium webkit	2026-10-05T04:46:03.8886945Z Unpacking liborc-0.4-0t64:amd64 (1:0.4.38-1ubuntu0.1) ...
verify	Run npx playwright install --with-deps chromium webkit	2026-10-05T04:46:03.9082909Z Selecting previously unselected package libgstreamer-plugins-base1.0-0:amd64.
verify	Run npx playwright install --with-deps chromium webkit	2026-10-05T04:46:03.9191841Z Preparing to unpack .../081-libgstreamer-plugins-base1.0-0_1.24.2-1ubuntu0.5_amd64.deb ...
verify	Run npx playwright install --with-deps chromium webkit	2026-10-05T04:46:03.9198585Z Unpacking libgstreamer-plugins-base1.0-0:amd64 (1.24.2-1ubuntu0.5) ...
verify	Run npx playwright install --with-deps chromium webkit	2026-10-05T04:46:04.0012132Z Selecting previously unselected package gstreamer1.0-libav:amd64.
verify	Run npx playwright install --with-deps chromium webkit	2026-10-05T04:46:04.0111388Z Preparing to unpack .../082-gstreamer1.0-libav_1.24.1-1build1_amd64.deb ...
verify	Run npx playwright install --with-deps chromium webkit	2026-10-05T04:46:04.0116520Z Unpacking gstreamer1.0-libav:amd64 (1.24.1-1build1) ...
verify	Run npx playwright install --with-deps chromium webkit	2026-10-05T04:46:04.0290551Z Selecting previously unselected package libcdparanoia0:amd64.
verify	Run npx playwright install --with-deps chromium webkit	2026-10-05T04:46:04.0388714Z Preparing to unpack .../083-libcdparanoia0_3.10.2+debian-14build3_amd64.deb ...
verify	Run npx playwright install --with-deps chromium webkit	2026-10-05T04:46:04.0394516Z Unpacking libcdparanoia0:amd64 (3.10.2+debian-14build3) ...
verify	Run npx playwright install --with-deps chromium webkit	2026-10-05T04:46:04.0565894Z Selecting previously unselected package libvisual-0.4-0:amd64.
verify	Run npx playwright install --with-deps chromium webkit	2026-10-05T04:46:04.0662496Z Preparing to unpack .../084-libvisual-0.4-0_0.4.2-2build1_amd64.deb ...
verify	Run npx playwright install --with-deps chromium webkit	2026-10-05T04:46:04.0668166Z Unpacking libvisual-0.4-0:amd64 (0.4.2-2build1) ...
verify	Run npx playwright install --with-deps chromium webkit	2026-10-05T04:46:04.0843453Z Selecting previously unselected package gstreamer1.0-plugins-base:amd64.
verify	Run npx playwright install --with-deps chromium webkit	2026-10-05T04:46:04.0940972Z Preparing to unpack .../085-gstreamer1.0-plugins-base_1.24.2-1ubuntu0.5_amd64.deb ...
verify	Run npx playwright install --with-deps chromium webkit	2026-10-05T04:46:04.0950606Z Unpacking gstreamer1.0-plugins-base:amd64 (1.24.2-1ubuntu0.5) ...
verify	Run npx playwright install --with-deps chromium webkit	2026-10-05T04:46:04.1220673Z Selecting previously unselected package libaa1:amd64.
verify	Run npx playwright install --with-deps chromium webkit	2026-10-05T04:46:04.1318799Z Preparing to unpack .../086-libaa1_1.4p5-51.1_amd64.deb ...
verify	Run npx playwright install --with-deps chromium webkit	2026-10-05T04:46:04.1324523Z Unpacking libaa1:amd64 (1.4p5-51.1) ...
verify	Run npx playwright install --with-deps chromium webkit	2026-10-05T04:46:04.1496042Z Selecting previously unselected package libraw1394-11:amd64.
verify	Run npx playwright install --with-deps chromium webkit	2026-10-05T04:46:04.1593492Z Preparing to unpack .../087-libraw1394-11_2.1.2-2build3_amd64.deb ...
verify	Run npx playwright install --with-deps chromium webkit	2026-10-05T04:46:04.1601119Z Unpacking libraw1394-11:amd64 (2.1.2-2build3) ...
verify	Run npx playwright install --with-deps chromium webkit	2026-10-05T04:46:04.1771675Z Selecting previously unselected package libavc1394-0:amd64.
verify	Run npx playwright install --with-deps chromium webkit	2026-10-05T04:46:04.1869261Z Preparing to unpack .../088-libavc1394-0_0.5.4-5build3_amd64.deb ...
verify	Run npx playwright install --with-deps chromium webkit	2026-10-05T04:46:04.1875500Z Unpacking libavc1394-0:amd64 (0.5.4-5build3) ...
verify	Run npx playwright install --with-deps chromium webkit	2026-10-05T04:46:04.2045780Z Selecting previously unselected package libcaca0:amd64.
verify	Run npx playwright install --with-deps chromium webkit	2026-10-05T04:46:04.2143496Z Preparing to unpack .../089-libcaca0_0.99.beta20-4ubuntu0.2_amd64.deb ...
verify	Run npx playwright install --with-deps chromium webkit	2026-10-05T04:46:04.2148884Z Unpacking libcaca0:amd64 (0.99.beta20-4ubuntu0.2) ...
verify	Run npx playwright install --with-deps chromium webkit	2026-10-05T04:46:04.2343776Z Selecting previously unselected package libdv4t64:amd64.
verify	Run npx playwright install --with-deps chromium webkit	2026-10-05T04:46:04.2440367Z Preparing to unpack .../090-libdv4t64_1.0.0-17.1build1_amd64.deb ...
verify	Run npx playwright install --with-deps chromium webkit	2026-10-05T04:46:04.2449293Z Unpacking libdv4t64:amd64 (1.0.0-17.1build1) ...
verify	Run npx playwright install --with-deps chromium webkit	2026-10-05T04:46:04.2617773Z Selecting previously unselected package libgstreamer-plugins-good1.0-0:amd64.
verify	Run npx playwright install --with-deps chromium webkit	2026-10-05T04:46:04.2714713Z Preparing to unpack .../091-libgstreamer-plugins-good1.0-0_1.24.2-1ubuntu1.8_amd64.deb ...
verify	Run npx playwright install --with-deps chromium webkit	2026-10-05T04:46:04.2721739Z Unpacking libgstreamer-plugins-good1.0-0:amd64 (1.24.2-1ubuntu1.8) ...
verify	Run npx playwright install --with-deps chromium webkit	2026-10-05T04:46:04.2889445Z Selecting previously unselected package libiec61883-0:amd64.
verify	Run npx playwright install --with-deps chromium webkit	2026-10-05T04:46:04.2985257Z Preparing to unpack .../092-libiec61883-0_1.2.0-6build1_amd64.deb ...
verify	Run npx playwright install --with-deps chromium webkit	2026-10-05T04:46:04.2991114Z Unpacking libiec61883-0:amd64 (1.2.0-6build1) ...
verify	Run npx playwright install --with-deps chromium webkit	2026-10-05T04:46:04.3164955Z Selecting previously unselected package libshout3:amd64.
verify	Run npx playwright install --with-deps chromium webkit	2026-10-05T04:46:04.3262405Z Preparing to unpack .../093-libshout3_2.4.6-1build2_amd64.deb ...
verify	Run npx playwright install --with-deps chromium webkit	2026-10-05T04:46:04.3268284Z Unpacking libshout3:amd64 (2.4.6-1build2) ...
verify	Run npx playwright install --with-deps chromium webkit	2026-10-05T04:46:04.3445390Z Selecting previously unselected package libtag1v5-vanilla:amd64.
verify	Run npx playwright install --with-deps chromium webkit	2026-10-05T04:46:04.3543632Z Preparing to unpack .../094-libtag1v5-vanilla_1.13.1-1build1_amd64.deb ...
verify	Run npx playwright install --with-deps chromium webkit	2026-10-05T04:46:04.3549312Z Unpacking libtag1v5-vanilla:amd64 (1.13.1-1build1) ...
verify	Run npx playwright install --with-deps chromium webkit	2026-10-05T04:46:04.3739383Z Selecting previously unselected package libtag1v5:amd64.
verify	Run npx playwright install --with-deps chromium webkit	2026-10-05T04:46:04.3837272Z Preparing to unpack .../095-libtag1v5_1.13.1-1build1_amd64.deb ...
verify	Run npx playwright install --with-deps chromium webkit	2026-10-05T04:46:04.3842280Z Unpacking libtag1v5:amd64 (1.13.1-1build1) ...
verify	Run npx playwright install --with-deps chromium webkit	2026-10-05T04:46:04.4007289Z Selecting previously unselected package libv4lconvert0t64:amd64.
verify	Run npx playwright install --with-deps chromium webkit	2026-10-05T04:46:04.4104396Z Preparing to unpack .../096-libv4lconvert0t64_1.26.1-4build3_amd64.deb ...
verify	Run npx playwright install --with-deps chromium webkit	2026-10-05T04:46:04.4109663Z Unpacking libv4lconvert0t64:amd64 (1.26.1-4build3) ...
verify	Run npx playwright install --with-deps chromium webkit	2026-10-05T04:46:04.4289194Z Selecting previously unselected package libv4l-0t64:amd64.
verify	Run npx playwright install --with-deps chromium webkit	2026-10-05T04:46:04.4386815Z Preparing to unpack .../097-libv4l-0t64_1.26.1-4build3_amd64.deb ...
verify	Run npx playwright install --with-deps chromium webkit	2026-10-05T04:46:04.4392586Z Unpacking libv4l-0t64:amd64 (1.26.1-4build3) ...
verify	Run npx playwright install --with-deps chromium webkit	2026-10-05T04:46:04.4574580Z Selecting previously unselected package libwavpack1:amd64.
verify	Run npx playwright install --with-deps chromium webkit	2026-10-05T04:46:04.4671426Z Preparing to unpack .../098-libwavpack1_5.6.0-1build1_amd64.deb ...
verify	Run npx playwright install --with-deps chromium webkit	2026-10-05T04:46:04.4677719Z Unpacking libwavpack1:amd64 (5.6.0-1build1) ...
verify	Run npx playwright install --with-deps chromium webkit	2026-10-05T04:46:04.4850028Z Selecting previously unselected package libsoup-3.0-common.
verify	Run npx playwright install --with-deps chromium webkit	2026-10-05T04:46:04.4947789Z Preparing to unpack .../099-libsoup-3.0-common_3.4.4-5ubuntu0.8_all.deb ...
verify	Run npx playwright install --with-deps chromium webkit	2026-10-05T04:46:04.4954174Z Unpacking libsoup-3.0-common (3.4.4-5ubuntu0.8) ...
verify	Run npx playwright install --with-deps chromium webkit	2026-10-05T04:46:04.5127760Z Selecting previously unselected package libsoup-3.0-0:amd64.
verify	Run npx playwright install --with-deps chromium webkit	2026-10-05T04:46:04.5225546Z Preparing to unpack .../100-libsoup-3.0-0_3.4.4-5ubuntu0.8_amd64.deb ...
verify	Run npx playwright install --with-deps chromium webkit	2026-10-05T04:46:04.5231294Z Unpacking libsoup-3.0-0:amd64 (3.4.4-5ubuntu0.8) ...
verify	Run npx playwright install --with-deps chromium webkit	2026-10-05T04:46:04.5424642Z Selecting previously unselected package gstreamer1.0-plugins-good:amd64.
verify	Run npx playwright install --with-deps chromium webkit	2026-10-05T04:46:04.5523156Z Preparing to unpack .../101-gstreamer1.0-plugins-good_1.24.2-1ubuntu1.8_amd64.deb ...
verify	Run npx playwright install --with-deps chromium webkit	2026-10-05T04:46:04.5528098Z Unpacking gstreamer1.0-plugins-good:amd64 (1.24.2-1ubuntu1.8) ...
verify	Run npx playwright install --with-deps chromium webkit	2026-10-05T04:46:04.6196295Z Selecting previously unselected package libabsl20220623t64:amd64.
verify	Run npx playwright install --with-deps chromium webkit	2026-10-05T04:46:04.6292345Z Preparing to unpack .../102-libabsl20220623t64_20220623.1-3.1ubuntu3.2_amd64.deb ...
verify	Run npx playwright install --with-deps chromium webkit	2026-10-05T04:46:04.6298971Z Unpacking libabsl20220623t64:amd64 (20220623.1-3.1ubuntu3.2) ...
verify	Run npx playwright install --with-deps chromium webkit	2026-10-05T04:46:04.6608924Z Selecting previously unselected package libgav1-1:amd64.
verify	Run npx playwright install --with-deps chromium webkit	2026-10-05T04:46:04.6704469Z Preparing to unpack .../103-libgav1-1_0.18.0-1build3_amd64.deb ...
verify	Run npx playwright install --with-deps chromium webkit	2026-10-05T04:46:04.6711040Z Unpacking libgav1-1:amd64 (0.18.0-1build3) ...
verify	Run npx playwright install --with-deps chromium webkit	2026-10-05T04:46:04.6907886Z Selecting previously unselected package libyuv0:amd64.
verify	Run npx playwright install --with-deps chromium webkit	2026-10-05T04:46:04.7004970Z Preparing to unpack .../104-libyuv0_0.0~git202401110.af6ac82-1_amd64.deb ...
verify	Run npx playwright install --with-deps chromium webkit	2026-10-05T04:46:04.7010574Z Unpacking libyuv0:amd64 (0.0~git202401110.af6ac82-1) ...
verify	Run npx playwright install --with-deps chromium webkit	2026-10-05T04:46:04.7191153Z Selecting previously unselected package libavif16:amd64.
verify	Run npx playwright install --with-deps chromium webkit	2026-10-05T04:46:04.7285050Z Preparing to unpack .../105-libavif16_1.0.4-1ubuntu3_amd64.deb ...
verify	Run npx playwright install --with-deps chromium webkit	2026-10-05T04:46:04.7290426Z Unpacking libavif16:amd64 (1.0.4-1ubuntu3) ...
verify	Run npx playwright install --with-deps chromium webkit	2026-10-05T04:46:04.7459863Z Selecting previously unselected package libavtp0:amd64.
verify	Run npx playwright install --with-deps chromium webkit	2026-10-05T04:46:04.7555331Z Preparing to unpack .../106-libavtp0_0.2.0-1build1_amd64.deb ...
verify	Run npx playwright install --with-deps chromium webkit	2026-10-05T04:46:04.7560425Z Unpacking libavtp0:amd64 (0.2.0-1build1) ...
verify	Run npx playwright install --with-deps chromium webkit	2026-10-05T04:46:04.7725362Z Selecting previously unselected package libcairo-script-interpreter2:amd64.
verify	Run npx playwright install --with-deps chromium webkit	2026-10-05T04:46:04.7819437Z Preparing to unpack .../107-libcairo-script-interpreter2_1.18.0-3build1_amd64.deb ...
verify	Run npx playwright install --with-deps chromium webkit	2026-10-05T04:46:04.7825100Z Unpacking libcairo-script-interpreter2:amd64 (1.18.0-3build1) ...
verify	Run npx playwright install --with-deps chromium webkit	2026-10-05T04:46:04.7998092Z Selecting previously unselected package libdc1394-25:amd64.
verify	Run npx playwright install --with-deps chromium webkit	2026-10-05T04:46:04.8094789Z Preparing to unpack .../108-libdc1394-25_2.2.6-4build1_amd64.deb ...
verify	Run npx playwright install --with-deps chromium webkit	2026-10-05T04:46:04.8100560Z Unpacking libdc1394-25:amd64 (2.2.6-4build1) ...
verify	Run npx playwright install --with-deps chromium webkit	2026-10-05T04:46:04.8277602Z Selecting previously unselected package libde265-0:amd64.
verify	Run npx playwright install --with-deps chromium webkit	2026-10-05T04:46:04.8374109Z Preparing to unpack .../109-libde265-0_1.0.15-1ubuntu0.1_amd64.deb ...
verify	Run npx playwright install --with-deps chromium webkit	2026-10-05T04:46:04.8380862Z Unpacking libde265-0:amd64 (1.0.15-1ubuntu0.1) ...
verify	Run npx playwright install --with-deps chromium webkit	2026-10-05T04:46:04.8557550Z Selecting previously unselected package libdecor-0-0:amd64.
verify	Run npx playwright install --with-deps chromium webkit	2026-10-05T04:46:04.8653924Z Preparing to unpack .../110-libdecor-0-0_0.2.2-1build2_amd64.deb ...
verify	Run npx playwright install --with-deps chromium webkit	2026-10-05T04:46:04.8659849Z Unpacking libdecor-0-0:amd64 (0.2.2-1build2) ...
verify	Run npx playwright install --with-deps chromium webkit	2026-10-05T04:46:04.8833219Z Selecting previously unselected package libgles2:amd64.
verify	Run npx playwright install --with-deps chromium webkit	2026-10-05T04:46:04.8928013Z Preparing to unpack .../111-libgles2_1.7.0-1build1_amd64.deb ...
verify	Run npx playwright install --with-deps chromium webkit	2026-10-05T04:46:04.8934141Z Unpacking libgles2:amd64 (1.7.0-1build1) ...
verify	Run npx playwright install --with-deps chromium webkit	2026-10-05T04:46:04.9104782Z Selecting previously unselected package libdirectfb-1.7-7t64:amd64.
verify	Run npx playwright install --with-deps chromium webkit	2026-10-05T04:46:04.9199190Z Preparing to unpack .../112-libdirectfb-1.7-7t64_1.7.7-11.1ubuntu2_amd64.deb ...
verify	Run npx playwright install --with-deps chromium webkit	2026-10-05T04:46:04.9208760Z Unpacking libdirectfb-1.7-7t64:amd64 (1.7.7-11.1ubuntu2) ...
verify	Run npx playwright install --with-deps chromium webkit	2026-10-05T04:46:04.9567048Z Selecting previously unselected package libdvdread8t64:amd64.
verify	Run npx playwright install --with-deps chromium webkit	2026-10-05T04:46:04.9662039Z Preparing to unpack .../113-libdvdread8t64_6.1.3-1.1build1_amd64.deb ...
verify	Run npx playwright install --with-deps chromium webkit	2026-10-05T04:46:04.9667552Z Unpacking libdvdread8t64:amd64 (6.1.3-1.1build1) ...
verify	Run npx playwright install --with-deps chromium webkit	2026-10-05T04:46:04.9843380Z Selecting previously unselected package libdvdnav4:amd64.
verify	Run npx playwright install --with-deps chromium webkit	2026-10-05T04:46:04.9937848Z Preparing to unpack .../114-libdvdnav4_6.1.1-3build1_amd64.deb ...
verify	Run npx playwright install --with-deps chromium webkit	2026-10-05T04:46:04.9943930Z Unpacking libdvdnav4:amd64 (6.1.1-3build1) ...
verify	Run npx playwright install --with-deps chromium webkit	2026-10-05T04:46:05.0210402Z Preparing to unpack .../115-libgl1-mesa-dri_25.2.8-0ubuntu0.24.04.4_amd64.deb ...
verify	Run npx playwright install --with-deps chromium webkit	2026-10-05T04:46:05.0320731Z Unpacking libgl1-mesa-dri:amd64 (25.2.8-0ubuntu0.24.04.4) over (25.2.8-0ubuntu0.24.04.2) ...
verify	Run npx playwright install --with-deps chromium webkit	2026-10-05T04:46:05.0704449Z Preparing to unpack .../116-libglx-mesa0_25.2.8-0ubuntu0.24.04.4_amd64.deb ...
verify	Run npx playwright install --with-deps chromium webkit	2026-10-05T04:46:05.0721714Z Unpacking libglx-mesa0:amd64 (25.2.8-0ubuntu0.24.04.4) over (25.2.8-0ubuntu0.24.04.2) ...
verify	Run npx playwright install --with-deps chromium webkit	2026-10-05T04:46:05.1021199Z Preparing to unpack .../117-libgbm1_25.2.8-0ubuntu0.24.04.4_amd64.deb ...
verify	Run npx playwright install --with-deps chromium webkit	2026-10-05T04:46:05.1040848Z Unpacking libgbm1:amd64 (25.2.8-0ubuntu0.24.04.4) over (25.2.8-0ubuntu0.24.04.2) ...
verify	Run npx playwright install --with-deps chromium webkit	2026-10-05T04:46:05.1338271Z Preparing to unpack .../118-mesa-libgallium_25.2.8-0ubuntu0.24.04.4_amd64.deb ...
verify	Run npx playwright install --with-deps chromium webkit	2026-10-05T04:46:05.1353589Z Unpacking mesa-libgallium:amd64 (25.2.8-0ubuntu0.24.04.4) over (25.2.8-0ubuntu0.24.04.2) ...
verify	Run npx playwright install --with-deps chromium webkit	2026-10-05T04:46:05.4511148Z Selecting previously unselected package libegl-mesa0:amd64.
verify	Run npx playwright install --with-deps chromium webkit	2026-10-05T04:46:05.4611390Z Preparing to unpack .../119-libegl-mesa0_25.2.8-0ubuntu0.24.04.4_amd64.deb ...
verify	Run npx playwright install --with-deps chromium webkit	2026-10-05T04:46:05.4617420Z Unpacking libegl-mesa0:amd64 (25.2.8-0ubuntu0.24.04.4) ...
verify	Run npx playwright install --with-deps chromium webkit	2026-10-05T04:46:05.4802977Z Selecting previously unselected package libevent-2.1-7t64:amd64.
verify	Run npx playwright install --with-deps chromium webkit	2026-10-05T04:46:05.4900589Z Preparing to unpack .../120-libevent-2.1-7t64_2.1.12-stable-9ubuntu2.2_amd64.deb ...
verify	Run npx playwright install --with-deps chromium webkit	2026-10-05T04:46:05.4908282Z Unpacking libevent-2.1-7t64:amd64 (2.1.12-stable-9ubuntu2.2) ...
verify	Run npx playwright install --with-deps chromium webkit	2026-10-05T04:46:05.5185290Z Preparing to unpack .../121-libevent-pthreads-2.1-7t64_2.1.12-stable-9ubuntu2.2_amd64.deb ...
verify	Run npx playwright install --with-deps chromium webkit	2026-10-05T04:46:05.5202579Z Unpacking libevent-pthreads-2.1-7t64:amd64 (2.1.12-stable-9ubuntu2.2) over (2.1.12-stable-9ubuntu2.1) ...
verify	Run npx playwright install --with-deps chromium webkit	2026-10-05T04:46:05.5497153Z Preparing to unpack .../122-libevent-core-2.1-7t64_2.1.12-stable-9ubuntu2.2_amd64.deb ...
verify	Run npx playwright install --with-deps chromium webkit	2026-10-05T04:46:05.5515090Z Unpacking libevent-core-2.1-7t64:amd64 (2.1.12-stable-9ubuntu2.2) over (2.1.12-stable-9ubuntu2.1) ...
verify	Run npx playwright install --with-deps chromium webkit	2026-10-05T04:46:05.5701289Z Selecting previously unselected package libfaad2:amd64.
verify	Run npx playwright install --with-deps chromium webkit	2026-10-05T04:46:05.5798611Z Preparing to unpack .../123-libfaad2_2.11.1-1build1_amd64.deb ...
verify	Run npx playwright install --with-deps chromium webkit	2026-10-05T04:46:05.5803871Z Unpacking libfaad2:amd64 (2.11.1-1build1) ...
verify	Run npx playwright install --with-deps chromium webkit	2026-10-05T04:46:05.5987054Z Selecting previously unselected package libinstpatch-1.0-2:amd64.
verify	Run npx playwright install --with-deps chromium webkit	2026-10-05T04:46:05.6083461Z Preparing to unpack .../124-libinstpatch-1.0-2_1.1.6-1build2_amd64.deb ...
verify	Run npx playwright install --with-deps chromium webkit	2026-10-05T04:46:05.6088816Z Unpacking libinstpatch-1.0-2:amd64 (1.1.6-1build2) ...
verify	Run npx playwright install --with-deps chromium webkit	2026-10-05T04:46:05.6275931Z Selecting previously unselected package libjack-jackd2-0:amd64.
verify	Run npx playwright install --with-deps chromium webkit	2026-10-05T04:46:05.6373897Z Preparing to unpack .../125-libjack-jackd2-0_1.9.21~dfsg-3ubuntu3_amd64.deb ...
verify	Run npx playwright install --with-deps chromium webkit	2026-10-05T04:46:05.6381488Z Unpacking libjack-jackd2-0:amd64 (1.9.21~dfsg-3ubuntu3) ...
verify	Run npx playwright install --with-deps chromium webkit	2026-10-05T04:46:05.6581612Z Selecting previously unselected package libwebrtc-audio-processing1:amd64.
verify	Run npx playwright install --with-deps chromium webkit	2026-10-05T04:46:05.6679426Z Preparing to unpack .../126-libwebrtc-audio-processing1_0.3.1-0ubuntu6_amd64.deb ...
verify	Run npx playwright install --with-deps chromium webkit	2026-10-05T04:46:05.6684983Z Unpacking libwebrtc-audio-processing1:amd64 (0.3.1-0ubuntu6) ...
verify	Run npx playwright install --with-deps chromium webkit	2026-10-05T04:46:05.6864232Z Selecting previously unselected package libspa-0.2-modules:amd64.
verify	Run npx playwright install --with-deps chromium webkit	2026-10-05T04:46:05.6962055Z Preparing to unpack .../127-libspa-0.2-modules_1.0.5-1ubuntu3.3_amd64.deb ...
verify	Run npx playwright install --with-deps chromium webkit	2026-10-05T04:46:05.6969046Z Unpacking libspa-0.2-modules:amd64 (1.0.5-1ubuntu3.3) ...
verify	Run npx playwright install --with-deps chromium webkit	2026-10-05T04:46:05.7217159Z Selecting previously unselected package libpipewire-0.3-0t64:amd64.
verify	Run npx playwright install --with-deps chromium webkit	2026-10-05T04:46:05.7316088Z Preparing to unpack .../128-libpipewire-0.3-0t64_1.0.5-1ubuntu3.3_amd64.deb ...
verify	Run npx playwright install --with-deps chromium webkit	2026-10-05T04:46:05.7321607Z Unpacking libpipewire-0.3-0t64:amd64 (1.0.5-1ubuntu3.3) ...
verify	Run npx playwright install --with-deps chromium webkit	2026-10-05T04:46:05.7515774Z Selecting previously unselected package libsdl2-2.0-0:amd64.
verify	Run npx playwright install --with-deps chromium webkit	2026-10-05T04:46:05.7613258Z Preparing to unpack .../129-libsdl2-2.0-0_2.30.0+dfsg-1ubuntu3.1_amd64.deb ...
verify	Run npx playwright install --with-deps chromium webkit	2026-10-05T04:46:05.7619560Z Unpacking libsdl2-2.0-0:amd64 (2.30.0+dfsg-1ubuntu3.1) ...
verify	Run npx playwright install --with-deps chromium webkit	2026-10-05T04:46:05.7913773Z Selecting previously unselected package timgm6mb-soundfont.
verify	Run npx playwright install --with-deps chromium webkit	2026-10-05T04:46:05.8011471Z Preparing to unpack .../130-timgm6mb-soundfont_1.3-5_all.deb ...
verify	Run npx playwright install --with-deps chromium webkit	2026-10-05T04:46:05.8017124Z Unpacking timgm6mb-soundfont (1.3-5) ...
verify	Run npx playwright install --with-deps chromium webkit	2026-10-05T04:46:06.1077110Z Selecting previously unselected package libfluidsynth3:amd64.
verify	Run npx playwright install --with-deps chromium webkit	2026-10-05T04:46:06.1174632Z Preparing to unpack .../131-libfluidsynth3_2.3.4-1build3_amd64.deb ...
verify	Run npx playwright install --with-deps chromium webkit	2026-10-05T04:46:06.1180851Z Unpacking libfluidsynth3:amd64 (2.3.4-1build3) ...
verify	Run npx playwright install --with-deps chromium webkit	2026-10-05T04:46:06.1370208Z Selecting previously unselected package libfreeaptx0:amd64.
verify	Run npx playwright install --with-deps chromium webkit	2026-10-05T04:46:06.1466350Z Preparing to unpack .../132-libfreeaptx0_0.1.1-2build1_amd64.deb ...
verify	Run npx playwright install --with-deps chromium webkit	2026-10-05T04:46:06.1472187Z Unpacking libfreeaptx0:amd64 (0.1.1-2build1) ...
verify	Run npx playwright install --with-deps chromium webkit	2026-10-05T04:46:06.1639391Z Selecting previously unselected package libgraphene-1.0-0:amd64.
verify	Run npx playwright install --with-deps chromium webkit	2026-10-05T04:46:06.1735531Z Preparing to unpack .../133-libgraphene-1.0-0_1.10.8-3build2_amd64.deb ...
verify	Run npx playwright install --with-deps chromium webkit	2026-10-05T04:46:06.1741577Z Unpacking libgraphene-1.0-0:amd64 (1.10.8-3build2) ...
verify	Run npx playwright install --with-deps chromium webkit	2026-10-05T04:46:06.1915801Z Selecting previously unselected package libgssdp-1.6-0:amd64.
verify	Run npx playwright install --with-deps chromium webkit	2026-10-05T04:46:06.2012346Z Preparing to unpack .../134-libgssdp-1.6-0_1.6.3-1build3_amd64.deb ...
verify	Run npx playwright install --with-deps chromium webkit	2026-10-05T04:46:06.2018310Z Unpacking libgssdp-1.6-0:amd64 (1.6.3-1build3) ...
verify	Run npx playwright install --with-deps chromium webkit	2026-10-05T04:46:06.2191843Z Selecting previously unselected package libegl1:amd64.
verify	Run npx playwright install --with-deps chromium webkit	2026-10-05T04:46:06.2288845Z Preparing to unpack .../135-libegl1_1.7.0-1build1_amd64.deb ...
verify	Run npx playwright install --with-deps chromium webkit	2026-10-05T04:46:06.2295437Z Unpacking libegl1:amd64 (1.7.0-1build1) ...
verify	Run npx playwright install --with-deps chromium webkit	2026-10-05T04:46:06.2476726Z Selecting previously unselected package libgstreamer-gl1.0-0:amd64.
verify	Run npx playwright install --with-deps chromium webkit	2026-10-05T04:46:06.2572987Z Preparing to unpack .../136-libgstreamer-gl1.0-0_1.24.2-1ubuntu0.5_amd64.deb ...
verify	Run npx playwright install --with-deps chromium webkit	2026-10-05T04:46:06.2579453Z Unpacking libgstreamer-gl1.0-0:amd64 (1.24.2-1ubuntu0.5) ...
verify	Run npx playwright install --with-deps chromium webkit	2026-10-05T04:46:06.2758466Z Selecting previously unselected package libgtk-4-common.
verify	Run npx playwright install --with-deps chromium webkit	2026-10-05T04:46:06.2854162Z Preparing to unpack .../137-libgtk-4-common_4.14.5+ds-0ubuntu0.10_all.deb ...
verify	Run npx playwright install --with-deps chromium webkit	2026-10-05T04:46:06.2862540Z Unpacking libgtk-4-common (4.14.5+ds-0ubuntu0.10) ...
verify	Run npx playwright install --with-deps chromium webkit	2026-10-05T04:46:06.3354481Z Selecting previously unselected package libgtk-4-1:amd64.
verify	Run npx playwright install --with-deps chromium webkit	2026-10-05T04:46:06.3451577Z Preparing to unpack .../138-libgtk-4-1_4.14.5+ds-0ubuntu0.10_amd64.deb ...
verify	Run npx playwright install --with-deps chromium webkit	2026-10-05T04:46:06.3457320Z Unpacking libgtk-4-1:amd64 (4.14.5+ds-0ubuntu0.10) ...
verify	Run npx playwright install --with-deps chromium webkit	2026-10-05T04:46:06.4397747Z Selecting previously unselected package libgupnp-1.6-0:amd64.
verify	Run npx playwright install --with-deps chromium webkit	2026-10-05T04:46:06.4496009Z Preparing to unpack .../139-libgupnp-1.6-0_1.6.6-1build3_amd64.deb ...
verify	Run npx playwright install --with-deps chromium webkit	2026-10-05T04:46:06.4505423Z Unpacking libgupnp-1.6-0:amd64 (1.6.6-1build3) ...
verify	Run npx playwright install --with-deps chromium webkit	2026-10-05T04:46:06.4689348Z Selecting previously unselected package libgupnp-igd-1.6-0:amd64.
verify	Run npx playwright install --with-deps chromium webkit	2026-10-05T04:46:06.4786075Z Preparing to unpack .../140-libgupnp-igd-1.6-0_1.6.0-3build3_amd64.deb ...
verify	Run npx playwright install --with-deps chromium webkit	2026-10-05T04:46:06.4792016Z Unpacking libgupnp-igd-1.6-0:amd64 (1.6.0-3build3) ...
verify	Run npx playwright install --with-deps chromium webkit	2026-10-05T04:46:06.4967907Z Selecting previously unselected package libharfbuzz-icu0:amd64.
verify	Run npx playwright install --with-deps chromium webkit	2026-10-05T04:46:06.5066885Z Preparing to unpack .../141-libharfbuzz-icu0_8.3.0-2build2_amd64.deb ...
verify	Run npx playwright install --with-deps chromium webkit	2026-10-05T04:46:06.5073414Z Unpacking libharfbuzz-icu0:amd64 (8.3.0-2build2) ...
verify	Run npx playwright install --with-deps chromium webkit	2026-10-05T04:46:06.5248521Z Selecting previously unselected package libhyphen0:amd64.
verify	Run npx playwright install --with-deps chromium webkit	2026-10-05T04:46:06.5346106Z Preparing to unpack .../142-libhyphen0_2.8.8-7build3_amd64.deb ...
verify	Run npx playwright install --with-deps chromium webkit	2026-10-05T04:46:06.5353018Z Unpacking libhyphen0:amd64 (2.8.8-7build3) ...
verify	Run npx playwright install --with-deps chromium webkit	2026-10-05T04:46:06.5527985Z Selecting previously unselected package libimath-3-1-29t64:amd64.
verify	Run npx playwright install --with-deps chromium webkit	2026-10-05T04:46:06.5626896Z Preparing to unpack .../143-libimath-3-1-29t64_3.1.9-3.1ubuntu2_amd64.deb ...
verify	Run npx playwright install --with-deps chromium webkit	2026-10-05T04:46:06.5633891Z Unpacking libimath-3-1-29t64:amd64 (3.1.9-3.1ubuntu2) ...
verify	Run npx playwright install --with-deps chromium webkit	2026-10-05T04:46:06.5831643Z Selecting previously unselected package liblc3-1:amd64.
verify	Run npx playwright install --with-deps chromium webkit	2026-10-05T04:46:06.5928355Z Preparing to unpack .../144-liblc3-1_1.0.4-3build1_amd64.deb ...
verify	Run npx playwright install --with-deps chromium webkit	2026-10-05T04:46:06.5934745Z Unpacking liblc3-1:amd64 (1.0.4-3build1) ...
verify	Run npx playwright install --with-deps chromium webkit	2026-10-05T04:46:06.6110124Z Selecting previously unselected package libldacbt-enc2:amd64.
verify	Run npx playwright install --with-deps chromium webkit	2026-10-05T04:46:06.6207585Z Preparing to unpack .../145-libldacbt-enc2_2.0.2.3+git20200429+ed310a0-4ubuntu2_amd64.deb ...
verify	Run npx playwright install --with-deps chromium webkit	2026-10-05T04:46:06.6213678Z Unpacking libldacbt-enc2:amd64 (2.0.2.3+git20200429+ed310a0-4ubuntu2) ...
verify	Run npx playwright install --with-deps chromium webkit	2026-10-05T04:46:06.6389455Z Selecting previously unselected package libraptor2-0:amd64.
verify	Run npx playwright install --with-deps chromium webkit	2026-10-05T04:46:06.6486952Z Preparing to unpack .../146-libraptor2-0_2.0.16-3ubuntu0.1_amd64.deb ...
verify	Run npx playwright install --with-deps chromium webkit	2026-10-05T04:46:06.6492984Z Unpacking libraptor2-0:amd64 (2.0.16-3ubuntu0.1) ...
verify	Run npx playwright install --with-deps chromium webkit	2026-10-05T04:46:06.6677589Z Selecting previously unselected package liblrdf0:amd64.
verify	Run npx playwright install --with-deps chromium webkit	2026-10-05T04:46:06.6775572Z Preparing to unpack .../147-liblrdf0_0.6.1-4build1_amd64.deb ...
verify	Run npx playwright install --with-deps chromium webkit	2026-10-05T04:46:06.6781582Z Unpacking liblrdf0:amd64 (0.6.1-4build1) ...
verify	Run npx playwright install --with-deps chromium webkit	2026-10-05T04:46:06.6960971Z Selecting previously unselected package libltc11:amd64.
verify	Run npx playwright install --with-deps chromium webkit	2026-10-05T04:46:06.7058968Z Preparing to unpack .../148-libltc11_1.3.2-1build1_amd64.deb ...
verify	Run npx playwright install --with-deps chromium webkit	2026-10-05T04:46:06.7065334Z Unpacking libltc11:amd64 (1.3.2-1build1) ...
verify	Run npx playwright install --with-deps chromium webkit	2026-10-05T04:46:06.7244476Z Selecting previously unselected package libmanette-0.2-0:amd64.
verify	Run npx playwright install --with-deps chromium webkit	2026-10-05T04:46:06.7343967Z Preparing to unpack .../149-libmanette-0.2-0_0.2.7-1build2_amd64.deb ...
verify	Run npx playwright install --with-deps chromium webkit	2026-10-05T04:46:06.7353004Z Unpacking libmanette-0.2-0:amd64 (0.2.7-1build2) ...
verify	Run npx playwright install --with-deps chromium webkit	2026-10-05T04:46:06.7541023Z Selecting previously unselected package libmfx1:amd64.
verify	Run npx playwright install --with-deps chromium webkit	2026-10-05T04:46:06.7640891Z Preparing to unpack .../150-libmfx1_22.5.4-1_amd64.deb ...
verify	Run npx playwright install --with-deps chromium webkit	2026-10-05T04:46:06.7647463Z Unpacking libmfx1:amd64 (22.5.4-1) ...
verify	Run npx playwright install --with-deps chromium webkit	2026-10-05T04:46:06.9215924Z Selecting previously unselected package libmjpegutils-2.1-0t64:amd64.
verify	Run npx playwright install --with-deps chromium webkit	2026-10-05T04:46:06.9314458Z Preparing to unpack .../151-libmjpegutils-2.1-0t64_1%3a2.1.0+debian-8.1build1_amd64.deb ...
verify	Run npx playwright install --with-deps chromium webkit	2026-10-05T04:46:06.9322710Z Unpacking libmjpegutils-2.1-0t64:amd64 (1:2.1.0+debian-8.1build1) ...
verify	Run npx playwright install --with-deps chromium webkit	2026-10-05T04:46:06.9503628Z Selecting previously unselected package libmodplug1:amd64.
verify	Run npx playwright install --with-deps chromium webkit	2026-10-05T04:46:06.9603045Z Preparing to unpack .../152-libmodplug1_1%3a0.8.9.0-3build1_amd64.deb ...
verify	Run npx playwright install --with-deps chromium webkit	2026-10-05T04:46:06.9609748Z Unpacking libmodplug1:amd64 (1:0.8.9.0-3build1) ...
verify	Run npx playwright install --with-deps chromium webkit	2026-10-05T04:46:06.9797670Z Selecting previously unselected package libmpcdec6:amd64.
verify	Run npx playwright install --with-deps chromium webkit	2026-10-05T04:46:06.9899002Z Preparing to unpack .../153-libmpcdec6_2%3a0.1~r495-2build1_amd64.deb ...
verify	Run npx playwright install --with-deps chromium webkit	2026-10-05T04:46:06.9905496Z Unpacking libmpcdec6:amd64 (2:0.1~r495-2build1) ...
verify	Run npx playwright install --with-deps chromium webkit	2026-10-05T04:46:07.0079804Z Selecting previously unselected package libmpeg2encpp-2.1-0t64:amd64.
verify	Run npx playwright install --with-deps chromium webkit	2026-10-05T04:46:07.0176668Z Preparing to unpack .../154-libmpeg2encpp-2.1-0t64_1%3a2.1.0+debian-8.1build1_amd64.deb ...
verify	Run npx playwright install --with-deps chromium webkit	2026-10-05T04:46:07.0183525Z Unpacking libmpeg2encpp-2.1-0t64:amd64 (1:2.1.0+debian-8.1build1) ...
verify	Run npx playwright install --with-deps chromium webkit	2026-10-05T04:46:07.0360802Z Selecting previously unselected package libmplex2-2.1-0t64:amd64.
verify	Run npx playwright install --with-deps chromium webkit	2026-10-05T04:46:07.0458482Z Preparing to unpack .../155-libmplex2-2.1-0t64_1%3a2.1.0+debian-8.1build1_amd64.deb ...
verify	Run npx playwright install --with-deps chromium webkit	2026-10-05T04:46:07.0464775Z Unpacking libmplex2-2.1-0t64:amd64 (1:2.1.0+debian-8.1build1) ...
verify	Run npx playwright install --with-deps chromium webkit	2026-10-05T04:46:07.0645128Z Selecting previously unselected package libneon27t64:amd64.
verify	Run npx playwright install --with-deps chromium webkit	2026-10-05T04:46:07.0743968Z Preparing to unpack .../156-libneon27t64_0.33.0-1.1build3_amd64.deb ...
verify	Run npx playwright install --with-deps chromium webkit	2026-10-05T04:46:07.0750522Z Unpacking libneon27t64:amd64 (0.33.0-1.1build3) ...
verify	Run npx playwright install --with-deps chromium webkit	2026-10-05T04:46:07.0940045Z Selecting previously unselected package libnice10:amd64.
verify	Run npx playwright install --with-deps chromium webkit	2026-10-05T04:46:07.1037219Z Preparing to unpack .../157-libnice10_0.1.21-2build3_amd64.deb ...
verify	Run npx playwright install --with-deps chromium webkit	2026-10-05T04:46:07.1043409Z Unpacking libnice10:amd64 (0.1.21-2build3) ...
verify	Run npx playwright install --with-deps chromium webkit	2026-10-05T04:46:07.1222246Z Selecting previously unselected package libopenal-data.
verify	Run npx playwright install --with-deps chromium webkit	2026-10-05T04:46:07.1319859Z Preparing to unpack .../158-libopenal-data_1%3a1.23.1-4build1_all.deb ...
verify	Run npx playwright install --with-deps chromium webkit	2026-10-05T04:46:07.1327096Z Unpacking libopenal-data (1:1.23.1-4build1) ...
verify	Run npx playwright install --with-deps chromium webkit	2026-10-05T04:46:07.1922272Z Selecting previously unselected package libopenexr-3-1-30:amd64.
verify	Run npx playwright install --with-deps chromium webkit	2026-10-05T04:46:07.2020765Z Preparing to unpack .../159-libopenexr-3-1-30_3.1.5-5.1build3_amd64.deb ...
verify	Run npx playwright install --with-deps chromium webkit	2026-10-05T04:46:07.2026718Z Unpacking libopenexr-3-1-30:amd64 (3.1.5-5.1build3) ...
verify	Run npx playwright install --with-deps chromium webkit	2026-10-05T04:46:07.2413392Z Selecting previously unselected package libopenh264-7:amd64.
verify	Run npx playwright install --with-deps chromium webkit	2026-10-05T04:46:07.2512006Z Preparing to unpack .../160-libopenh264-7_2.4.1+dfsg-1_amd64.deb ...
verify	Run npx playwright install --with-deps chromium webkit	2026-10-05T04:46:07.2517489Z Unpacking libopenh264-7:amd64 (2.4.1+dfsg-1) ...
verify	Run npx playwright install --with-deps chromium webkit	2026-10-05T04:46:07.2729948Z Selecting previously unselected package libopenni2-0:amd64.
verify	Run npx playwright install --with-deps chromium webkit	2026-10-05T04:46:07.2828470Z Preparing to unpack .../161-libopenni2-0_2.2.0.33+dfsg-18_amd64.deb ...
verify	Run npx playwright install --with-deps chromium webkit	2026-10-05T04:46:07.2853930Z Unpacking libopenni2-0:amd64 (2.2.0.33+dfsg-18) ...
verify	Run npx playwright install --with-deps chromium webkit	2026-10-05T04:46:07.3065071Z Selecting previously unselected package libqrencode4:amd64.
verify	Run npx playwright install --with-deps chromium webkit	2026-10-05T04:46:07.3162106Z Preparing to unpack .../162-libqrencode4_4.1.1-1build2_amd64.deb ...
verify	Run npx playwright install --with-deps chromium webkit	2026-10-05T04:46:07.3167991Z Unpacking libqrencode4:amd64 (4.1.1-1build2) ...
verify	Run npx playwright install --with-deps chromium webkit	2026-10-05T04:46:07.3337811Z Selecting previously unselected package libsecret-common.
verify	Run npx playwright install --with-deps chromium webkit	2026-10-05T04:46:07.3435768Z Preparing to unpack .../163-libsecret-common_0.21.4-1build3_all.deb ...
verify	Run npx playwright install --with-deps chromium webkit	2026-10-05T04:46:07.3443322Z Unpacking libsecret-common (0.21.4-1build3) ...
verify	Run npx playwright install --with-deps chromium webkit	2026-10-05T04:46:07.3610424Z Selecting previously unselected package libsecret-1-0:amd64.
verify	Run npx playwright install --with-deps chromium webkit	2026-10-05T04:46:07.3708390Z Preparing to unpack .../164-libsecret-1-0_0.21.4-1build3_amd64.deb ...
verify	Run npx playwright install --with-deps chromium webkit	2026-10-05T04:46:07.3716581Z Unpacking libsecret-1-0:amd64 (0.21.4-1build3) ...
verify	Run npx playwright install --with-deps chromium webkit	2026-10-05T04:46:07.3897660Z Selecting previously unselected package libsndio7.0:amd64.
verify	Run npx playwright install --with-deps chromium webkit	2026-10-05T04:46:07.3995164Z Preparing to unpack .../165-libsndio7.0_1.9.0-0.3build3_amd64.deb ...
verify	Run npx playwright install --with-deps chromium webkit	2026-10-05T04:46:07.4000963Z Unpacking libsndio7.0:amd64 (1.9.0-0.3build3) ...
verify	Run npx playwright install --with-deps chromium webkit	2026-10-05T04:46:07.4172722Z Selecting previously unselected package libsoundtouch1:amd64.
verify	Run npx playwright install --with-deps chromium webkit	2026-10-05T04:46:07.4269936Z Preparing to unpack .../166-libsoundtouch1_2.3.2+ds1-1build1_amd64.deb ...
verify	Run npx playwright install --with-deps chromium webkit	2026-10-05T04:46:07.4276065Z Unpacking libsoundtouch1:amd64 (2.3.2+ds1-1build1) ...
verify	Run npx playwright install --with-deps chromium webkit	2026-10-05T04:46:07.4459267Z Selecting previously unselected package libspandsp2t64:amd64.
verify	Run npx playwright install --with-deps chromium webkit	2026-10-05T04:46:07.4555829Z Preparing to unpack .../167-libspandsp2t64_0.0.6+dfsg-2.1build1_amd64.deb ...
verify	Run npx playwright install --with-deps chromium webkit	2026-10-05T04:46:07.4562268Z Unpacking libspandsp2t64:amd64 (0.0.6+dfsg-2.1build1) ...
verify	Run npx playwright install --with-deps chromium webkit	2026-10-05T04:46:07.4772390Z Selecting previously unselected package libsrtp2-1:amd64.
verify	Run npx playwright install --with-deps chromium webkit	2026-10-05T04:46:07.4879874Z Preparing to unpack .../168-libsrtp2-1_2.5.0-3build1_amd64.deb ...
verify	Run npx playwright install --with-deps chromium webkit	2026-10-05T04:46:07.4886071Z Unpacking libsrtp2-1:amd64 (2.5.0-3build1) ...
verify	Run npx playwright install --with-deps chromium webkit	2026-10-05T04:46:07.5072594Z Selecting previously unselected package libwayland-server0:amd64.
verify	Run npx playwright install --with-deps chromium webkit	2026-10-05T04:46:07.5180311Z Preparing to unpack .../169-libwayland-server0_1.22.0-2.1build1_amd64.deb ...
verify	Run npx playwright install --with-deps chromium webkit	2026-10-05T04:46:07.5186124Z Unpacking libwayland-server0:amd64 (1.22.0-2.1build1) ...
verify	Run npx playwright install --with-deps chromium webkit	2026-10-05T04:46:07.5360425Z Selecting previously unselected package libwildmidi2:amd64.
verify	Run npx playwright install --with-deps chromium webkit	2026-10-05T04:46:07.5457803Z Preparing to unpack .../170-libwildmidi2_0.4.3-1build3_amd64.deb ...
verify	Run npx playwright install --with-deps chromium webkit	2026-10-05T04:46:07.5463896Z Unpacking libwildmidi2:amd64 (0.4.3-1build3) ...
verify	Run npx playwright install --with-deps chromium webkit	2026-10-05T04:46:07.5638834Z Selecting previously unselected package libwoff1:amd64.
verify	Run npx playwright install --with-deps chromium webkit	2026-10-05T04:46:07.5736276Z Preparing to unpack .../171-libwoff1_1.0.2-2build1_amd64.deb ...
verify	Run npx playwright install --with-deps chromium webkit	2026-10-05T04:46:07.5741983Z Unpacking libwoff1:amd64 (1.0.2-2build1) ...
verify	Run npx playwright install --with-deps chromium webkit	2026-10-05T04:46:07.5917284Z Selecting previously unselected package libxcb-xkb1:amd64.
verify	Run npx playwright install --with-deps chromium webkit	2026-10-05T04:46:07.6013015Z Preparing to unpack .../172-libxcb-xkb1_1.15-1ubuntu2_amd64.deb ...
verify	Run npx playwright install --with-deps chromium webkit	2026-10-05T04:46:07.6018374Z Unpacking libxcb-xkb1:amd64 (1.15-1ubuntu2) ...
verify	Run npx playwright install --with-deps chromium webkit	2026-10-05T04:46:07.6187045Z Selecting previously unselected package libxkbcommon-x11-0:amd64.
verify	Run npx playwright install --with-deps chromium webkit	2026-10-05T04:46:07.6282263Z Preparing to unpack .../173-libxkbcommon-x11-0_1.6.0-1build1_amd64.deb ...
verify	Run npx playwright install --with-deps chromium webkit	2026-10-05T04:46:07.6288244Z Unpacking libxkbcommon-x11-0:amd64 (1.6.0-1build1) ...
verify	Run npx playwright install --with-deps chromium webkit	2026-10-05T04:46:07.6453560Z Selecting previously unselected package libzbar0t64:amd64.
verify	Run npx playwright install --with-deps chromium webkit	2026-10-05T04:46:07.6547384Z Preparing to unpack .../174-libzbar0t64_0.23.93-4build3_amd64.deb ...
verify	Run npx playwright install --with-deps chromium webkit	2026-10-05T04:46:07.6552594Z Unpacking libzbar0t64:amd64 (0.23.93-4build3) ...
verify	Run npx playwright install --with-deps chromium webkit	2026-10-05T04:46:07.6721664Z Selecting previously unselected package libzxing3:amd64.
verify	Run npx playwright install --with-deps chromium webkit	2026-10-05T04:46:07.6814545Z Preparing to unpack .../175-libzxing3_2.2.1-3_amd64.deb ...
verify	Run npx playwright install --with-deps chromium webkit	2026-10-05T04:46:07.6819962Z Unpacking libzxing3:amd64 (2.2.1-3) ...
verify	Run npx playwright install --with-deps chromium webkit	2026-10-05T04:46:07.7014810Z Selecting previously unselected package xfonts-encodings.
verify	Run npx playwright install --with-deps chromium webkit	2026-10-05T04:46:07.7109254Z Preparing to unpack .../176-xfonts-encodings_1%3a1.0.5-0ubuntu2_all.deb ...
verify	Run npx playwright install --with-deps chromium webkit	2026-10-05T04:46:07.7113699Z Unpacking xfonts-encodings (1:1.0.5-0ubuntu2) ...
verify	Run npx playwright install --with-deps chromium webkit	2026-10-05T04:46:07.7327347Z Selecting previously unselected package xfonts-utils.
verify	Run npx playwright install --with-deps chromium webkit	2026-10-05T04:46:07.7422729Z Preparing to unpack .../177-xfonts-utils_1%3a7.7+6build3_amd64.deb ...
verify	Run npx playwright install --with-deps chromium webkit	2026-10-05T04:46:07.7428400Z Unpacking xfonts-utils (1:7.7+6build3) ...
verify	Run npx playwright install --with-deps chromium webkit	2026-10-05T04:46:07.7701615Z Selecting previously unselected package xfonts-cyrillic.
verify	Run npx playwright install --with-deps chromium webkit	2026-10-05T04:46:07.7797756Z Preparing to unpack .../178-xfonts-cyrillic_1%3a1.0.5+nmu1_all.deb ...
verify	Run npx playwright install --with-deps chromium webkit	2026-10-05T04:46:07.7804220Z Unpacking xfonts-cyrillic (1:1.0.5+nmu1) ...
verify	Run npx playwright install --with-deps chromium webkit	2026-10-05T04:46:07.8063565Z Selecting previously unselected package xfonts-scalable.
verify	Run npx playwright install --with-deps chromium webkit	2026-10-05T04:46:07.8161353Z Preparing to unpack .../179-xfonts-scalable_1%3a1.0.3-1.3_all.deb ...
verify	Run npx playwright install --with-deps chromium webkit	2026-10-05T04:46:07.8170293Z Unpacking xfonts-scalable (1:1.0.3-1.3) ...
verify	Run npx playwright install --with-deps chromium webkit	2026-10-05T04:46:07.8375585Z Selecting previously unselected package libgstreamer-plugins-bad1.0-0:amd64.
verify	Run npx playwright install --with-deps chromium webkit	2026-10-05T04:46:07.8474592Z Preparing to unpack .../180-libgstreamer-plugins-bad1.0-0_1.24.2-1ubuntu4_amd64.deb ...
verify	Run npx playwright install --with-deps chromium webkit	2026-10-05T04:46:07.8483077Z Unpacking libgstreamer-plugins-bad1.0-0:amd64 (1.24.2-1ubuntu4) ...
verify	Run npx playwright install --with-deps chromium webkit	2026-10-05T04:46:07.8792118Z Selecting previously unselected package libdca0:amd64.
verify	Run npx playwright install --with-deps chromium webkit	2026-10-05T04:46:07.8890359Z Preparing to unpack .../181-libdca0_0.0.7-2build1_amd64.deb ...
verify	Run npx playwright install --with-deps chromium webkit	2026-10-05T04:46:07.8899793Z Unpacking libdca0:amd64 (0.0.7-2build1) ...
verify	Run npx playwright install --with-deps chromium webkit	2026-10-05T04:46:07.9102802Z Selecting previously unselected package libopenal1:amd64.
verify	Run npx playwright install --with-deps chromium webkit	2026-10-05T04:46:07.9204999Z Preparing to unpack .../182-libopenal1_1%3a1.23.1-4build1_amd64.deb ...
verify	Run npx playwright install --with-deps chromium webkit	2026-10-05T04:46:07.9208189Z Unpacking libopenal1:amd64 (1:1.23.1-4build1) ...
verify	Run npx playwright install --with-deps chromium webkit	2026-10-05T04:46:07.9436873Z Selecting previously unselected package libsbc1:amd64.
verify	Run npx playwright install --with-deps chromium webkit	2026-10-05T04:46:07.9535192Z Preparing to unpack .../183-libsbc1_2.0-1build1_amd64.deb ...
verify	Run npx playwright install --with-deps chromium webkit	2026-10-05T04:46:07.9544712Z Unpacking libsbc1:amd64 (2.0-1build1) ...
verify	Run npx playwright install --with-deps chromium webkit	2026-10-05T04:46:07.9961318Z Selecting previously unselected package libvo-aacenc0:amd64.
verify	Run npx playwright install --with-deps chromium webkit	2026-10-05T04:46:08.0058771Z Preparing to unpack .../184-libvo-aacenc0_0.1.3-2build1_amd64.deb ...
verify	Run npx playwright install --with-deps chromium webkit	2026-10-05T04:46:08.0065486Z Unpacking libvo-aacenc0:amd64 (0.1.3-2build1) ...
verify	Run npx playwright install --with-deps chromium webkit	2026-10-05T04:46:08.0241587Z Selecting previously unselected package libvo-amrwbenc0:amd64.
verify	Run npx playwright install --with-deps chromium webkit	2026-10-05T04:46:08.0338809Z Preparing to unpack .../185-libvo-amrwbenc0_0.1.3-2build1_amd64.deb ...
verify	Run npx playwright install --with-deps chromium webkit	2026-10-05T04:46:08.0347598Z Unpacking libvo-amrwbenc0:amd64 (0.1.3-2build1) ...
verify	Run npx playwright install --with-deps chromium webkit	2026-10-05T04:46:08.0599989Z Selecting previously unselected package gstreamer1.0-plugins-bad:amd64.
verify	Run npx playwright install --with-deps chromium webkit	2026-10-05T04:46:08.0696296Z Preparing to unpack .../186-gstreamer1.0-plugins-bad_1.24.2-1ubuntu4_amd64.deb ...
verify	Run npx playwright install --with-deps chromium webkit	2026-10-05T04:46:08.0702300Z Unpacking gstreamer1.0-plugins-bad:amd64 (1.24.2-1ubuntu4) ...
verify	Run npx playwright install --with-deps chromium webkit	2026-10-05T04:46:08.3135524Z Setting up libgme0:amd64 (0.6.3-7build1) ...
verify	Run npx playwright install --with-deps chromium webkit	2026-10-05T04:46:08.3154604Z Setting up libchromaprint1:amd64 (1.5.1-5) ...
verify	Run npx playwright install --with-deps chromium webkit	2026-10-05T04:46:08.3168625Z Setting up libssh-gcrypt-4:amd64 (0.10.6-2ubuntu0.5) ...
verify	Run npx playwright install --with-deps chromium webkit	2026-10-05T04:46:08.3184576Z Setting up libhwy1t64:amd64 (1.0.7-8.1build1) ...
verify	Run npx playwright install --with-deps chromium webkit	2026-10-05T04:46:08.3201564Z Setting up libcairo-script-interpreter2:amd64 (1.18.0-3build1) ...
verify	Run npx playwright install --with-deps chromium webkit	2026-10-05T04:46:08.3218646Z Setting up libfreeaptx0:amd64 (0.1.1-2build1) ...
verify	Run npx playwright install --with-deps chromium webkit	2026-10-05T04:46:08.3237128Z Setting up libdvdread8t64:amd64 (6.1.3-1.1build1) ...
verify	Run npx playwright install --with-deps chromium webkit	2026-10-05T04:46:08.3252788Z Setting up libudfread0:amd64 (1.1.2-1build1) ...
verify	Run npx playwright install --with-deps chromium webkit	2026-10-05T04:46:08.3268244Z Setting up libmodplug1:amd64 (1:0.8.9.0-3build1) ...
verify	Run npx playwright install --with-deps chromium webkit	2026-10-05T04:46:08.3287458Z Setting up libcdparanoia0:amd64 (3.10.2+debian-14build3) ...
verify	Run npx playwright install --with-deps chromium webkit	2026-10-05T04:46:08.3304960Z Setting up libwayland-server0:amd64 (1.22.0-2.1build1) ...
verify	Run npx playwright install --with-deps chromium webkit	2026-10-05T04:46:08.3322606Z Setting up libvo-amrwbenc0:amd64 (0.1.3-2build1) ...
verify	Run npx playwright install --with-deps chromium webkit	2026-10-05T04:46:08.3337156Z Setting up mesa-libgallium:amd64 (25.2.8-0ubuntu0.24.04.4) ...
verify	Run npx playwright install --with-deps chromium webkit	2026-10-05T04:46:08.3355582Z Setting up session-migration (0.3.9build1) ...
verify	Run npx playwright install --with-deps chromium webkit	2026-10-05T04:46:08.4077782Z Created symlink /etc/systemd/user/graphical-session-pre.target.wants/session-migration.service → /usr/lib/systemd/user/session-migration.service.
verify	Run npx playwright install --with-deps chromium webkit	2026-10-05T04:46:08.4078234Z 
verify	Run npx playwright install --with-deps chromium webkit	2026-10-05T04:46:08.4103219Z Setting up libraw1394-11:amd64 (2.1.2-2build3) ...
verify	Run npx playwright install --with-deps chromium webkit	2026-10-05T04:46:08.4118730Z Setting up libsbc1:amd64 (2.0-1build1) ...
verify	Run npx playwright install --with-deps chromium webkit	2026-10-05T04:46:08.4132987Z Setting up libproxy1v5:amd64 (0.5.4-4build1) ...
verify	Run npx playwright install --with-deps chromium webkit	2026-10-05T04:46:08.4149655Z Setting up libneon27t64:amd64 (0.33.0-1.1build3) ...
verify	Run npx playwright install --with-deps chromium webkit	2026-10-05T04:46:08.4164282Z Setting up libtag1v5-vanilla:amd64 (1.13.1-1build1) ...
verify	Run npx playwright install --with-deps chromium webkit	2026-10-05T04:46:08.4177607Z Setting up libharfbuzz-icu0:amd64 (8.3.0-2build2) ...
verify	Run npx playwright install --with-deps chromium webkit	2026-10-05T04:46:08.4194547Z Setting up libopenni2-0:amd64 (2.2.0.33+dfsg-18) ...
verify	Run npx playwright install --with-deps chromium webkit	2026-10-05T04:46:08.4314135Z Setting up libspeex1:amd64 (1.2.1-2ubuntu2.24.04.1) ...
verify	Run npx playwright install --with-deps chromium webkit	2026-10-05T04:46:08.4328795Z Setting up libshine3:amd64 (3.1.1-2build1) ...
verify	Run npx playwright install --with-deps chromium webkit	2026-10-05T04:46:08.4342840Z Setting up libcaca0:amd64 (0.99.beta20-4ubuntu0.2) ...
verify	Run npx playwright install --with-deps chromium webkit	2026-10-05T04:46:08.4356223Z Setting up libvpl2 (2023.3.0-1build1) ...
verify	Run npx playwright install --with-deps chromium webkit	2026-10-05T04:46:08.4373801Z Setting up libv4lconvert0t64:amd64 (1.26.1-4build3) ...
verify	Run npx playwright install --with-deps chromium webkit	2026-10-05T04:46:08.4387530Z Setting up libx264-164:amd64 (2:0.164.3108+git31e19f9-1) ...
verify	Run npx playwright install --with-deps chromium webkit	2026-10-05T04:46:08.4401488Z Setting up libtwolame0:amd64 (0.4.0-2build3) ...
verify	Run npx playwright install --with-deps chromium webkit	2026-10-05T04:46:08.4417134Z Setting up libmbedcrypto7t64:amd64 (2.28.8-1) ...
verify	Run npx playwright install --with-deps chromium webkit	2026-10-05T04:46:08.4432012Z Setting up libwoff1:amd64 (1.0.2-2build1) ...
verify	Run npx playwright install --with-deps chromium webkit	2026-10-05T04:46:08.4448002Z Setting up liblc3-1:amd64 (1.0.4-3build1) ...
verify	Run npx playwright install --with-deps chromium webkit	2026-10-05T04:46:08.4461200Z Setting up libqrencode4:amd64 (4.1.1-1build2) ...
verify	Run npx playwright install --with-deps chromium webkit	2026-10-05T04:46:08.4474851Z Setting up libhyphen0:amd64 (2.8.8-7build3) ...
verify	Run npx playwright install --with-deps chromium webkit	2026-10-05T04:46:08.4491339Z Setting up libgbm1:amd64 (25.2.8-0ubuntu0.24.04.4) ...
verify	Run npx playwright install --with-deps chromium webkit	2026-10-05T04:46:08.4507010Z Setting up libgsm1:amd64 (1.0.22-1build1) ...
verify	Run npx playwright install --with-deps chromium webkit	2026-10-05T04:46:08.4520715Z Setting up libvisual-0.4-0:amd64 (0.4.2-2build1) ...
verify	Run npx playwright install --with-deps chromium webkit	2026-10-05T04:46:08.4537540Z Setting up libsoxr0:amd64 (0.1.3-4build3) ...
verify	Run npx playwright install --with-deps chromium webkit	2026-10-05T04:46:08.4551650Z Setting up libzix-0-0:amd64 (0.4.2-2build1) ...
verify	Run npx playwright install --with-deps chromium webkit	2026-10-05T04:46:08.4568729Z Setting up libcodec2-1.2:amd64 (1.2.0-2build1) ...
verify	Run npx playwright install --with-deps chromium webkit	2026-10-05T04:46:08.4586410Z Setting up libmanette-0.2-0:amd64 (0.2.7-1build2) ...
verify	Run npx playwright install --with-deps chromium webkit	2026-10-05T04:46:08.4602573Z Setting up libsrtp2-1:amd64 (2.5.0-3build1) ...
verify	Run npx playwright install --with-deps chromium webkit	2026-10-05T04:46:08.4617060Z Setting up libgl1-mesa-dri:amd64 (25.2.8-0ubuntu0.24.04.4) ...
verify	Run npx playwright install --with-deps chromium webkit	2026-10-05T04:46:08.4679965Z Setting up libmysofa1:amd64 (1.3.2+dfsg-2ubuntu2) ...
verify	Run npx playwright install --with-deps chromium webkit	2026-10-05T04:46:08.4697283Z Setting up libraptor2-0:amd64 (2.0.16-3ubuntu0.1) ...
verify	Run npx playwright install --with-deps chromium webkit	2026-10-05T04:46:08.4715810Z Setting up libldacbt-enc2:amd64 (2.0.2.3+git20200429+ed310a0-4ubuntu2) ...
verify	Run npx playwright install --with-deps chromium webkit	2026-10-05T04:46:08.4730043Z Setting up fonts-wqy-zenhei (0.9.45-8) ...
verify	Run npx playwright install --with-deps chromium webkit	2026-10-05T04:46:08.4829339Z Setting up libwebrtc-audio-processing1:amd64 (0.3.1-0ubuntu6) ...
verify	Run npx playwright install --with-deps chromium webkit	2026-10-05T04:46:08.4849810Z Setting up fonts-freefont-ttf (20211204+svn4273-2) ...
verify	Run npx playwright install --with-deps chromium webkit	2026-10-05T04:46:08.4867150Z Setting up libevent-2.1-7t64:amd64 (2.1.12-stable-9ubuntu2.2) ...
verify	Run npx playwright install --with-deps chromium webkit	2026-10-05T04:46:08.4882523Z Setting up libsvtav1enc1d1:amd64 (1.7.0+dfsg-2build1) ...
verify	Run npx playwright install --with-deps chromium webkit	2026-10-05T04:46:08.4897144Z Setting up libsoup-3.0-common (3.4.4-5ubuntu0.8) ...
verify	Run npx playwright install --with-deps chromium webkit	2026-10-05T04:46:08.4916313Z Setting up libmpg123-0t64:amd64 (1.32.5-1ubuntu1.1) ...
verify	Run npx playwright install --with-deps chromium webkit	2026-10-05T04:46:08.4931114Z Setting up libcjson1:amd64 (1.7.17-1) ...
verify	Run npx playwright install --with-deps chromium webkit	2026-10-05T04:46:08.4949130Z Setting up libxvidcore4:amd64 (2:1.3.7-1build1) ...
verify	Run npx playwright install --with-deps chromium webkit	2026-10-05T04:46:08.4965775Z Setting up libmpcdec6:amd64 (2:0.1~r495-2build1) ...
verify	Run npx playwright install --with-deps chromium webkit	2026-10-05T04:46:08.4980734Z Setting up libmjpegutils-2.1-0t64:amd64 (1:2.1.0+debian-8.1build1) ...
verify	Run npx playwright install --with-deps chromium webkit	2026-10-05T04:46:08.4996424Z Setting up librav1e0:amd64 (0.7.1-2) ...
verify	Run npx playwright install --with-deps chromium webkit	2026-10-05T04:46:08.5010517Z Setting up liborc-0.4-0t64:amd64 (1:0.4.38-1ubuntu0.1) ...
verify	Run npx playwright install --with-deps chromium webkit	2026-10-05T04:46:08.5026469Z Setting up libxcb-xkb1:amd64 (1.15-1ubuntu2) ...
verify	Run npx playwright install --with-deps chromium webkit	2026-10-05T04:46:08.5040367Z Setting up libvo-aacenc0:amd64 (0.1.3-2build1) ...
verify	Run npx playwright install --with-deps chromium webkit	2026-10-05T04:46:08.5054980Z Setting up librist4:amd64 (0.2.10+dfsg-2) ...
verify	Run npx playwright install --with-deps chromium webkit	2026-10-05T04:46:08.5073096Z Setting up librsvg2-2:amd64 (2.58.0+dfsg-1build1) ...
verify	Run npx playwright install --with-deps chromium webkit	2026-10-05T04:46:08.5087643Z Setting up libblas3:amd64 (3.12.0-3build1.1) ...
verify	Run npx playwright install --with-deps chromium webkit	2026-10-05T04:46:08.5133007Z update-alternatives: using /usr/lib/x86_64-linux-gnu/blas/libblas.so.3 to provide /usr/lib/x86_64-linux-gnu/libblas.so.3 (libblas.so.3-x86_64-linux-gnu) in auto mode
verify	Run npx playwright install --with-deps chromium webkit	2026-10-05T04:46:08.5147361Z Setting up libegl-mesa0:amd64 (25.2.8-0ubuntu0.24.04.4) ...
verify	Run npx playwright install --with-deps chromium webkit	2026-10-05T04:46:08.5162399Z Setting up libsoundtouch1:amd64 (2.3.2+ds1-1build1) ...
verify	Run npx playwright install --with-deps chromium webkit	2026-10-05T04:46:08.5180052Z Setting up libplacebo338:amd64 (6.338.2-2build1) ...
verify	Run npx playwright install --with-deps chromium webkit	2026-10-05T04:46:08.5196297Z Setting up libgles2:amd64 (1.7.0-1build1) ...
verify	Run npx playwright install --with-deps chromium webkit	2026-10-05T04:46:08.5210816Z Setting up fonts-tlwg-loma-otf (1:0.7.3-1) ...
verify	Run npx playwright install --with-deps chromium webkit	2026-10-05T04:46:08.5226708Z Setting up libva2:amd64 (2.20.0-2ubuntu0.2) ...
verify	Run npx playwright install --with-deps chromium webkit	2026-10-05T04:46:08.5241980Z Setting up libspa-0.2-modules:amd64 (1.0.5-1ubuntu3.3) ...
verify	Run npx playwright install --with-deps chromium webkit	2026-10-05T04:46:08.5256978Z Setting up libzxing3:amd64 (2.2.1-3) ...
verify	Run npx playwright install --with-deps chromium webkit	2026-10-05T04:46:08.5275431Z Setting up xfonts-encodings (1:1.0.5-0ubuntu2) ...
verify	Run npx playwright install --with-deps chromium webkit	2026-10-05T04:46:08.5289977Z Setting up libopus0:amd64 (1.4-1build1) ...
verify	Run npx playwright install --with-deps chromium webkit	2026-10-05T04:46:08.5306031Z Setting up libfaad2:amd64 (2.11.1-1build1) ...
verify	Run npx playwright install --with-deps chromium webkit	2026-10-05T04:46:08.5319758Z Setting up libxkbcommon-x11-0:amd64 (1.6.0-1build1) ...
verify	Run npx playwright install --with-deps chromium webkit	2026-10-05T04:46:08.5334281Z Setting up libdc1394-25:amd64 (2.2.6-4build1) ...
verify	Run npx playwright install --with-deps chromium webkit	2026-10-05T04:46:08.5350442Z Setting up libimath-3-1-29t64:amd64 (3.1.9-3.1ubuntu2) ...
verify	Run npx playwright install --with-deps chromium webkit	2026-10-05T04:46:08.5365367Z Setting up libunibreak5:amd64 (5.1-2build1) ...
verify	Run npx playwright install --with-deps chromium webkit	2026-10-05T04:46:08.5383404Z Setting up libdv4t64:amd64 (1.0.0-17.1build1) ...
verify	Run npx playwright install --with-deps chromium webkit	2026-10-05T04:46:08.5400590Z Setting up libjxl0.7:amd64 (0.7.0-10.2ubuntu6.1) ...
verify	Run npx playwright install --with-deps chromium webkit	2026-10-05T04:46:08.5415876Z Setting up libopenh264-7:amd64 (2.4.1+dfsg-1) ...
verify	Run npx playwright install --with-deps chromium webkit	2026-10-05T04:46:08.5433244Z Setting up libltc11:amd64 (1.3.2-1build1) ...
verify	Run npx playwright install --with-deps chromium webkit	2026-10-05T04:46:08.5447538Z Setting up libx265-199:amd64 (3.5-2build1) ...
verify	Run npx playwright install --with-deps chromium webkit	2026-10-05T04:46:08.5807651Z Setting up libv4l-0t64:amd64 (1.26.1-4build3) ...
verify	Run npx playwright install --with-deps chromium webkit	2026-10-05T04:46:08.5820551Z Setting up libavtp0:amd64 (0.2.0-1build1) ...
verify	Run npx playwright install --with-deps chromium webkit	2026-10-05T04:46:08.5840471Z Setting up libsndio7.0:amd64 (1.9.0-0.3build3) ...
verify	Run npx playwright install --with-deps chromium webkit	2026-10-05T04:46:08.5859082Z Setting up libdirectfb-1.7-7t64:amd64 (1.7.7-11.1ubuntu2) ...
verify	Run npx playwright install --with-deps chromium webkit	2026-10-05T04:46:08.5873105Z Setting up libspandsp2t64:amd64 (0.0.6+dfsg-2.1build1) ...
verify	Run npx playwright install --with-deps chromium webkit	2026-10-05T04:46:08.5889216Z Setting up libvidstab1.1:amd64 (1.1.0-2build1) ...
verify	Run npx playwright install --with-deps chromium webkit	2026-10-05T04:46:08.5905703Z Setting up libvpx9:amd64 (1.14.0-1ubuntu2.3) ...
verify	Run npx playwright install --with-deps chromium webkit	2026-10-05T04:46:08.5922276Z Setting up libsrt1.5-gnutls:amd64 (1.5.3-1build2) ...
verify	Run npx playwright install --with-deps chromium webkit	2026-10-05T04:46:08.5936554Z Setting up libtag1v5:amd64 (1.13.1-1build1) ...
verify	Run npx playwright install --with-deps chromium webkit	2026-10-05T04:46:08.5951227Z Setting up libflite1:amd64 (2.2-6build3) ...
verify	Run npx playwright install --with-deps chromium webkit	2026-10-05T04:46:08.5967975Z Setting up libdav1d7:amd64 (1.4.1-1build1) ...
verify	Run npx playwright install --with-deps chromium webkit	2026-10-05T04:46:08.5981760Z Setting up libva-drm2:amd64 (2.20.0-2ubuntu0.2) ...
verify	Run npx playwright install --with-deps chromium webkit	2026-10-05T04:46:08.5998893Z Setting up fonts-ipafont-gothic (00303-21ubuntu1) ...
verify	Run npx playwright install --with-deps chromium webkit	2026-10-05T04:46:08.6056522Z update-alternatives: using /usr/share/fonts/opentype/ipafont-gothic/ipag.ttf to provide /usr/share/fonts/truetype/fonts-japanese-gothic.ttf (fonts-japanese-gothic.ttf) in auto mode
verify	Run npx playwright install --with-deps chromium webkit	2026-10-05T04:46:08.6068877Z Setting up ocl-icd-libopencl1:amd64 (2.3.2-1build1) ...
verify	Run npx playwright install --with-deps chromium webkit	2026-10-05T04:46:08.6084839Z Setting up libasyncns0:amd64 (0.8-6build4) ...
verify	Run npx playwright install --with-deps chromium webkit	2026-10-05T04:46:08.6098627Z Setting up libwildmidi2:amd64 (0.4.3-1build3) ...
verify	Run npx playwright install --with-deps chromium webkit	2026-10-05T04:46:08.6112465Z Setting up libvdpau1:amd64 (1.5-2build1) ...
verify	Run npx playwright install --with-deps chromium webkit	2026-10-05T04:46:08.6132665Z Setting up libwavpack1:amd64 (5.6.0-1build1) ...
verify	Run npx playwright install --with-deps chromium webkit	2026-10-05T04:46:08.6146576Z Setting up libbs2b0:amd64 (3.1.0+dfsg-7build1) ...
verify	Run npx playwright install --with-deps chromium webkit	2026-10-05T04:46:08.6165260Z Setting up libtheora0:amd64 (1.1.1+dfsg.1-16.1build3) ...
verify	Run npx playwright install --with-deps chromium webkit	2026-10-05T04:46:08.6179440Z Setting up libegl1:amd64 (1.7.0-1build1) ...
verify	Run npx playwright install --with-deps chromium webkit	2026-10-05T04:46:08.6195740Z Setting up libdecor-0-0:amd64 (0.2.2-1build2) ...
verify	Run npx playwright install --with-deps chromium webkit	2026-10-05T04:46:08.6210851Z Setting up libdca0:amd64 (0.0.7-2build1) ...
verify	Run npx playwright install --with-deps chromium webkit	2026-10-05T04:46:08.6226655Z Setting up libzimg2:amd64 (3.0.5+ds1-1build1) ...
verify	Run npx playwright install --with-deps chromium webkit	2026-10-05T04:46:08.6245838Z Setting up libopenal-data (1:1.23.1-4build1) ...
verify	Run npx playwright install --with-deps chromium webkit	2026-10-05T04:46:08.6269368Z Setting up libevent-core-2.1-7t64:amd64 (2.1.12-stable-9ubuntu2.2) ...
verify	Run npx playwright install --with-deps chromium webkit	2026-10-05T04:46:08.6288230Z Setting up libabsl20220623t64:amd64 (20220623.1-3.1ubuntu3.2) ...
verify	Run npx playwright install --with-deps chromium webkit	2026-10-05T04:46:08.6306986Z Setting up libflac12t64:amd64 (1.4.3+ds-2.1ubuntu2) ...
verify	Run npx playwright install --with-deps chromium webkit	2026-10-05T04:46:08.6325635Z Setting up libgtk-4-common (4.14.5+ds-0ubuntu0.10) ...
verify	Run npx playwright install --with-deps chromium webkit	2026-10-05T04:46:08.6344266Z Setting up libmpeg2encpp-2.1-0t64:amd64 (1:2.1.0+debian-8.1build1) ...
verify	Run npx playwright install --with-deps chromium webkit	2026-10-05T04:46:08.6360486Z Setting up glib-networking-common (2.80.0-1build1) ...
verify	Run npx playwright install --with-deps chromium webkit	2026-10-05T04:46:08.6379258Z Setting up libmfx1:amd64 (22.5.4-1) ...
verify	Run npx playwright install --with-deps chromium webkit	2026-10-05T04:46:08.6397246Z Setting up libbluray2:amd64 (1:1.3.4-1build1) ...
verify	Run npx playwright install --with-deps chromium webkit	2026-10-05T04:46:08.6413820Z Setting up libde265-0:amd64 (1.0.15-1ubuntu0.1) ...
verify	Run npx playwright install --with-deps chromium webkit	2026-10-05T04:46:08.6432035Z Setting up libsamplerate0:amd64 (0.2.2-4build1) ...
verify	Run npx playwright install --with-deps chromium webkit	2026-10-05T04:46:08.6446402Z Setting up timgm6mb-soundfont (1.3-5) ...
verify	Run npx playwright install --with-deps chromium webkit	2026-10-05T04:46:08.6511776Z update-alternatives: using /usr/share/sounds/sf2/TimGM6mb.sf2 to provide /usr/share/sounds/sf2/default-GM.sf2 (default-GM.sf2) in auto mode
verify	Run npx playwright install --with-deps chromium webkit	2026-10-05T04:46:08.6546453Z update-alternatives: using /usr/share/sounds/sf2/TimGM6mb.sf2 to provide /usr/share/sounds/sf3/default-GM.sf3 (default-GM.sf3) in auto mode
verify	Run npx playwright install --with-deps chromium webkit	2026-10-05T04:46:08.6561948Z Setting up libva-x11-2:amd64 (2.20.0-2ubuntu0.2) ...
verify	Run npx playwright install --with-deps chromium webkit	2026-10-05T04:46:08.6577584Z Setting up libyuv0:amd64 (0.0~git202401110.af6ac82-1) ...
verify	Run npx playwright install --with-deps chromium webkit	2026-10-05T04:46:08.6595533Z Setting up libmplex2-2.1-0t64:amd64 (1:2.1.0+debian-8.1build1) ...
verify	Run npx playwright install --with-deps chromium webkit	2026-10-05T04:46:08.6610591Z Setting up libpipewire-0.3-0t64:amd64 (1.0.5-1ubuntu3.3) ...
verify	Run npx playwright install --with-deps chromium webkit	2026-10-05T04:46:08.6627726Z Setting up libopenmpt0t64:amd64 (0.7.3-1.1build3) ...
verify	Run npx playwright install --with-deps chromium webkit	2026-10-05T04:46:08.6643019Z Setting up libzvbi-common (0.2.42-2) ...
verify	Run npx playwright install --with-deps chromium webkit	2026-10-05T04:46:08.6658914Z Setting up libsecret-common (0.21.4-1build3) ...
verify	Run npx playwright install --with-deps chromium webkit	2026-10-05T04:46:08.6678789Z Setting up libmp3lame0:amd64 (3.100-6build1) ...
verify	Run npx playwright install --with-deps chromium webkit	2026-10-05T04:46:08.6694202Z Setting up libgraphene-1.0-0:amd64 (1.10.8-3build2) ...
verify	Run npx playwright install --with-deps chromium webkit	2026-10-05T04:46:08.6710270Z Setting up libvorbisenc2:amd64 (1.3.7-1build3) ...
verify	Run npx playwright install --with-deps chromium webkit	2026-10-05T04:46:08.6724816Z Setting up libdvdnav4:amd64 (6.1.1-3build1) ...
verify	Run npx playwright install --with-deps chromium webkit	2026-10-05T04:46:08.6738904Z Setting up fonts-unifont (1:15.1.01-1build1) ...
verify	Run npx playwright install --with-deps chromium webkit	2026-10-05T04:46:08.6758696Z Setting up libaa1:amd64 (1.4p5-51.1) ...
verify	Run npx playwright install --with-deps chromium webkit	2026-10-05T04:46:08.6772207Z Setting up libiec61883-0:amd64 (1.2.0-6build1) ...
verify	Run npx playwright install --with-deps chromium webkit	2026-10-05T04:46:08.6791635Z Setting up libserd-0-0:amd64 (0.32.2-1) ...
verify	Run npx playwright install --with-deps chromium webkit	2026-10-05T04:46:08.6806084Z Setting up libavc1394-0:amd64 (0.5.4-5build3) ...
verify	Run npx playwright install --with-deps chromium webkit	2026-10-05T04:46:08.6823156Z Setting up gsettings-desktop-schemas (46.1-0ubuntu1) ...
verify	Run npx playwright install --with-deps chromium webkit	2026-10-05T04:46:08.6838653Z Setting up glib-networking-services (2.80.0-1build1) ...
verify	Run npx playwright install --with-deps chromium webkit	2026-10-05T04:46:08.6853221Z Setting up liblapack3:amd64 (3.12.0-3build1.1) ...
verify	Run npx playwright install --with-deps chromium webkit	2026-10-05T04:46:08.6900111Z update-alternatives: using /usr/lib/x86_64-linux-gnu/lapack/liblapack.so.3 to provide /usr/lib/x86_64-linux-gnu/liblapack.so.3 (liblapack.so.3-x86_64-linux-gnu) in auto mode
verify	Run npx playwright install --with-deps chromium webkit	2026-10-05T04:46:08.6917511Z Setting up libglx-mesa0:amd64 (25.2.8-0ubuntu0.24.04.4) ...
verify	Run npx playwright install --with-deps chromium webkit	2026-10-05T04:46:08.6931565Z Setting up libzvbi0t64:amd64 (0.2.42-2) ...
verify	Run npx playwright install --with-deps chromium webkit	2026-10-05T04:46:08.6947075Z Setting up libevent-pthreads-2.1-7t64:amd64 (2.1.12-stable-9ubuntu2.2) ...
verify	Run npx playwright install --with-deps chromium webkit	2026-10-05T04:46:08.6963326Z Setting up liblrdf0:amd64 (0.6.1-4build1) ...
verify	Run npx playwright install --with-deps chromium webkit	2026-10-05T04:46:08.6978426Z Setting up libzbar0t64:amd64 (0.23.93-4build3) ...
verify	Run npx playwright install --with-deps chromium webkit	2026-10-05T04:46:08.6996820Z Setting up libgstreamer-plugins-base1.0-0:amd64 (1.24.2-1ubuntu0.5) ...
verify	Run npx playwright install --with-deps chromium webkit	2026-10-05T04:46:08.7014565Z Setting up libavutil58:amd64 (7:6.1.1-3ubuntu5) ...
verify	Run npx playwright install --with-deps chromium webkit	2026-10-05T04:46:08.7030758Z Setting up libopenal1:amd64 (1:1.23.1-4build1) ...
verify	Run npx playwright install --with-deps chromium webkit	2026-10-05T04:46:08.7049543Z Setting up xfonts-utils (1:7.7+6build3) ...
verify	Run npx playwright install --with-deps chromium webkit	2026-10-05T04:46:08.7085838Z Setting up libsecret-1-0:amd64 (0.21.4-1build3) ...
verify	Run npx playwright install --with-deps chromium webkit	2026-10-05T04:46:08.7102223Z Setting up libgstreamer-plugins-good1.0-0:amd64 (1.24.2-1ubuntu1.8) ...
verify	Run npx playwright install --with-deps chromium webkit	2026-10-05T04:46:08.7117287Z Setting up libgstreamer-gl1.0-0:amd64 (1.24.2-1ubuntu0.5) ...
verify	Run npx playwright install --with-deps chromium webkit	2026-10-05T04:46:08.7134842Z Setting up gstreamer1.0-plugins-base:amd64 (1.24.2-1ubuntu0.5) ...
verify	Run npx playwright install --with-deps chromium webkit	2026-10-05T04:46:08.7149588Z Setting up libass9:amd64 (1:0.17.1-2build1) ...
verify	Run npx playwright install --with-deps chromium webkit	2026-10-05T04:46:08.7164922Z Setting up libswresample4:amd64 (7:6.1.1-3ubuntu5) ...
verify	Run npx playwright install --with-deps chromium webkit	2026-10-05T04:46:08.7181774Z Setting up libopenexr-3-1-30:amd64 (3.1.5-5.1build3) ...
verify	Run npx playwright install --with-deps chromium webkit	2026-10-05T04:46:08.7197530Z Setting up libshout3:amd64 (2.4.6-1build2) ...
verify	Run npx playwright install --with-deps chromium webkit	2026-10-05T04:46:08.7212403Z Setting up libgav1-1:amd64 (0.18.0-1build3) ...
verify	Run npx playwright install --with-deps chromium webkit	2026-10-05T04:46:08.7229048Z Setting up libavcodec60:amd64 (7:6.1.1-3ubuntu5) ...
verify	Run npx playwright install --with-deps chromium webkit	2026-10-05T04:46:08.7245238Z Setting up librubberband2:amd64 (3.3.0+dfsg-2build1) ...
verify	Run npx playwright install --with-deps chromium webkit	2026-10-05T04:46:08.7260631Z Setting up libjack-jackd2-0:amd64 (1.9.21~dfsg-3ubuntu3) ...
verify	Run npx playwright install --with-deps chromium webkit	2026-10-05T04:46:08.7283179Z Setting up libsord-0-0:amd64 (0.16.16-2build1) ...
verify	Run npx playwright install --with-deps chromium webkit	2026-10-05T04:46:08.7297449Z Setting up xfonts-cyrillic (1:1.0.5+nmu1) ...
verify	Run npx playwright install --with-deps chromium webkit	2026-10-05T04:46:08.7540215Z Setting up libpostproc57:amd64 (7:6.1.1-3ubuntu5) ...
verify	Run npx playwright install --with-deps chromium webkit	2026-10-05T04:46:08.7555019Z Setting up libsratom-0-0:amd64 (0.6.16-1build1) ...
verify	Run npx playwright install --with-deps chromium webkit	2026-10-05T04:46:08.7571414Z Setting up libsndfile1:amd64 (1.2.2-1ubuntu5.24.04.1) ...
verify	Run npx playwright install --with-deps chromium webkit	2026-10-05T04:46:08.7591750Z Setting up liblilv-0-0:amd64 (0.24.22-1build1) ...
verify	Run npx playwright install --with-deps chromium webkit	2026-10-05T04:46:08.7992232Z Setting up libinstpatch-1.0-2:amd64 (1.1.6-1build2) ...
verify	Run npx playwright install --with-deps chromium webkit	2026-10-05T04:46:08.8007286Z Setting up xfonts-scalable (1:1.0.3-1.3) ...
verify	Run npx playwright install --with-deps chromium webkit	2026-10-05T04:46:08.8231160Z Setting up libswscale7:amd64 (7:6.1.1-3ubuntu5) ...
verify	Run npx playwright install --with-deps chromium webkit	2026-10-05T04:46:08.8245880Z Setting up libavif16:amd64 (1.0.4-1ubuntu3) ...
verify	Run npx playwright install --with-deps chromium webkit	2026-10-05T04:46:08.8261628Z Setting up libpulse0:amd64 (1:16.1+dfsg1-2ubuntu10.1) ...
verify	Run npx playwright install --with-deps chromium webkit	2026-10-05T04:46:08.8321327Z Setting up libavformat60:amd64 (7:6.1.1-3ubuntu5) ...
verify	Run npx playwright install --with-deps chromium webkit	2026-10-05T04:46:08.8337585Z Setting up libsphinxbase3t64:amd64 (0.8+5prealpha+1-17build2) ...
verify	Run npx playwright install --with-deps chromium webkit	2026-10-05T04:46:08.8355605Z Setting up libsdl2-2.0-0:amd64 (2.30.0+dfsg-1ubuntu3.1) ...
verify	Run npx playwright install --with-deps chromium webkit	2026-10-05T04:46:08.8373097Z Setting up libfluidsynth3:amd64 (2.3.4-1build3) ...
verify	Run npx playwright install --with-deps chromium webkit	2026-10-05T04:46:08.8392836Z Setting up libpocketsphinx3:amd64 (0.8.0+real5prealpha+1-15ubuntu5) ...
verify	Run npx playwright install --with-deps chromium webkit	2026-10-05T04:46:08.8408210Z Setting up libavfilter9:amd64 (7:6.1.1-3ubuntu5) ...
verify	Run npx playwright install --with-deps chromium webkit	2026-10-05T04:46:08.8425860Z Setting up gstreamer1.0-libav:amd64 (1.24.1-1build1) ...
verify	Run npx playwright install --with-deps chromium webkit	2026-10-05T04:46:08.8602614Z Processing triggers for fontconfig (2.15.0-1.1ubuntu2) ...
verify	Run npx playwright install --with-deps chromium webkit	2026-10-05T04:46:08.9183118Z Processing triggers for libc-bin (2.39-0ubuntu8.9) ...
verify	Run npx playwright install --with-deps chromium webkit	2026-10-05T04:46:09.1148703Z Processing triggers for man-db (2.12.0-4build2) ...
verify	Run npx playwright install --with-deps chromium webkit	2026-10-05T04:46:09.1168610Z Not building database; man-db/auto-update is not 'true'.
verify	Run npx playwright install --with-deps chromium webkit	2026-10-05T04:46:09.1186730Z Processing triggers for libglib2.0-0t64:amd64 (2.80.0-6ubuntu3.9) ...
verify	Run npx playwright install --with-deps chromium webkit	2026-10-05T04:46:09.1399347Z Setting up libgtk-4-1:amd64 (4.14.5+ds-0ubuntu0.10) ...
verify	Run npx playwright install --with-deps chromium webkit	2026-10-05T04:46:09.1628953Z Setting up glib-networking:amd64 (2.80.0-1build1) ...
verify	Run npx playwright install --with-deps chromium webkit	2026-10-05T04:46:09.1656403Z Setting up libsoup-3.0-0:amd64 (3.4.4-5ubuntu0.8) ...
verify	Run npx playwright install --with-deps chromium webkit	2026-10-05T04:46:09.1678088Z Setting up libgssdp-1.6-0:amd64 (1.6.3-1build3) ...
verify	Run npx playwright install --with-deps chromium webkit	2026-10-05T04:46:09.1735509Z Setting up gstreamer1.0-plugins-good:amd64 (1.24.2-1ubuntu1.8) ...
verify	Run npx playwright install --with-deps chromium webkit	2026-10-05T04:46:09.1753185Z Setting up libgupnp-1.6-0:amd64 (1.6.6-1build3) ...
verify	Run npx playwright install --with-deps chromium webkit	2026-10-05T04:46:09.1798747Z Setting up libgupnp-igd-1.6-0:amd64 (1.6.0-3build3) ...
verify	Run npx playwright install --with-deps chromium webkit	2026-10-05T04:46:09.1824306Z Setting up libnice10:amd64 (0.1.21-2build3) ...
verify	Run npx playwright install --with-deps chromium webkit	2026-10-05T04:46:09.1860079Z Setting up libgstreamer-plugins-bad1.0-0:amd64 (1.24.2-1ubuntu4) ...
verify	Run npx playwright install --with-deps chromium webkit	2026-10-05T04:46:09.1895994Z Setting up gstreamer1.0-plugins-bad:amd64 (1.24.2-1ubuntu4) ...
verify	Run npx playwright install --with-deps chromium webkit	2026-10-05T04:46:09.1916217Z Processing triggers for libc-bin (2.39-0ubuntu8.9) ...
verify	Run npx playwright install --with-deps chromium webkit	2026-10-05T04:46:09.6650984Z 
verify	Run npx playwright install --with-deps chromium webkit	2026-10-05T04:46:09.6651823Z Running kernel seems to be up-to-date.
verify	Run npx playwright install --with-deps chromium webkit	2026-10-05T04:46:09.6652096Z 
verify	Run npx playwright install --with-deps chromium webkit	2026-10-05T04:46:09.6652264Z No services need to be restarted.
verify	Run npx playwright install --with-deps chromium webkit	2026-10-05T04:46:09.6652437Z 
verify	Run npx playwright install --with-deps chromium webkit	2026-10-05T04:46:09.6652577Z No containers need to be restarted.
verify	Run npx playwright install --with-deps chromium webkit	2026-10-05T04:46:09.6652739Z 
verify	Run npx playwright install --with-deps chromium webkit	2026-10-05T04:46:09.6652901Z No user sessions are running outdated binaries.
verify	Run npx playwright install --with-deps chromium webkit	2026-10-05T04:46:09.6653089Z 
verify	Run npx playwright install --with-deps chromium webkit	2026-10-05T04:46:09.6653366Z No VM guests are running outdated hypervisor (qemu) binaries on this host.
verify	Run npx playwright install --with-deps chromium webkit	2026-10-05T04:46:10.4152114Z Downloading Chrome for Testing 149.0.7827.55 (playwright chromium v1228) from https://cdn.playwright.dev/builds/cft/149.0.7827.55/linux64/chrome-linux64.zip
verify	Run npx playwright install --with-deps chromium webkit	2026-10-05T04:46:11.3668978Z |                                                                                |   0% of 177 MiB
verify	Run npx playwright install --with-deps chromium webkit	2026-10-05T04:46:11.6994446Z |■■■■■■■■                                                                        |  10% of 177 MiB
verify	Run npx playwright install --with-deps chromium webkit	2026-10-05T04:46:11.7605863Z |■■■■■■■■■■■■■■■■                                                                |  20% of 177 MiB
verify	Run npx playwright install --with-deps chromium webkit	2026-10-05T04:46:11.8009681Z |■■■■■■■■■■■■■■■■■■■■■■■■                                                        |  30% of 177 MiB
verify	Run npx playwright install --with-deps chromium webkit	2026-10-05T04:46:11.8595736Z |■■■■■■■■■■■■■■■■■■■■■■■■■■■■■■■■                                                |  40% of 177 MiB
verify	Run npx playwright install --with-deps chromium webkit	2026-10-05T04:46:11.8988826Z |■■■■■■■■■■■■■■■■■■■■■■■■■■■■■■■■■■■■■■■■                                        |  50% of 177 MiB
verify	Run npx playwright install --with-deps chromium webkit	2026-10-05T04:46:11.9518680Z |■■■■■■■■■■■■■■■■■■■■■■■■■■■■■■■■■■■■■■■■■■■■■■■■                                |  60% of 177 MiB
verify	Run npx playwright install --with-deps chromium webkit	2026-10-05T04:46:11.9745079Z |■■■■■■■■■■■■■■■■■■■■■■■■■■■■■■■■■■■■■■■■■■■■■■■■■■■■■■■■                        |  70% of 177 MiB
verify	Run npx playwright install --with-deps chromium webkit	2026-10-05T04:46:12.0200507Z |■■■■■■■■■■■■■■■■■■■■■■■■■■■■■■■■■■■■■■■■■■■■■■■■■■■■■■■■■■■■■■■■                |  80% of 177 MiB
verify	Run npx playwright install --with-deps chromium webkit	2026-10-05T04:46:12.0741923Z |■■■■■■■■■■■■■■■■■■■■■■■■■■■■■■■■■■■■■■■■■■■■■■■■■■■■■■■■■■■■■■■■■■■■■■■■        |  90% of 177 MiB
verify	Run npx playwright install --with-deps chromium webkit	2026-10-05T04:46:12.1475778Z |■■■■■■■■■■■■■■■■■■■■■■■■■■■■■■■■■■■■■■■■■■■■■■■■■■■■■■■■■■■■■■■■■■■■■■■■■■■■■■■■| 100% of 177 MiB
verify	Run npx playwright install --with-deps chromium webkit	2026-10-05T04:46:14.1415245Z Chrome for Testing 149.0.7827.55 (playwright chromium v1228) downloaded to /home/runner/.cache/ms-playwright/chromium-1228
verify	Run npx playwright install --with-deps chromium webkit	2026-10-05T04:46:14.1418092Z Downloading FFmpeg (playwright ffmpeg v1011) from https://cdn.playwright.dev/dbazure/download/playwright/builds/ffmpeg/1011/ffmpeg-linux.zip
verify	Run npx playwright install --with-deps chromium webkit	2026-10-05T04:46:15.0221158Z |                                                                                |   0% of 2.3 MiB
verify	Run npx playwright install --with-deps chromium webkit	2026-10-05T04:46:15.0472616Z |■■■■■■■■                                                                        |  10% of 2.3 MiB
verify	Run npx playwright install --with-deps chromium webkit	2026-10-05T04:46:15.0570243Z |■■■■■■■■■■■■■■■■                                                                |  20% of 2.3 MiB
verify	Run npx playwright install --with-deps chromium webkit	2026-10-05T04:46:15.0666751Z |■■■■■■■■■■■■■■■■■■■■■■■■                                                        |  30% of 2.3 MiB
verify	Run npx playwright install --with-deps chromium webkit	2026-10-05T04:46:15.0730988Z |■■■■■■■■■■■■■■■■■■■■■■■■■■■■■■■■                                                |  40% of 2.3 MiB
verify	Run npx playwright install --with-deps chromium webkit	2026-10-05T04:46:15.0801896Z |■■■■■■■■■■■■■■■■■■■■■■■■■■■■■■■■■■■■■■■■                                        |  50% of 2.3 MiB
verify	Run npx playwright install --with-deps chromium webkit	2026-10-05T04:46:15.0817667Z |■■■■■■■■■■■■■■■■■■■■■■■■■■■■■■■■■■■■■■■■■■■■■■■■                                |  60% of 2.3 MiB
verify	Run npx playwright install --with-deps chromium webkit	2026-10-05T04:46:15.0855381Z |■■■■■■■■■■■■■■■■■■■■■■■■■■■■■■■■■■■■■■■■■■■■■■■■■■■■■■■■                        |  70% of 2.3 MiB
verify	Run npx playwright install --with-deps chromium webkit	2026-10-05T04:46:15.0898624Z |■■■■■■■■■■■■■■■■■■■■■■■■■■■■■■■■■■■■■■■■■■■■■■■■■■■■■■■■■■■■■■■■                |  80% of 2.3 MiB
verify	Run npx playwright install --with-deps chromium webkit	2026-10-05T04:46:15.0917201Z |■■■■■■■■■■■■■■■■■■■■■■■■■■■■■■■■■■■■■■■■■■■■■■■■■■■■■■■■■■■■■■■■■■■■■■■■        |  90% of 2.3 MiB
verify	Run npx playwright install --with-deps chromium webkit	2026-10-05T04:46:15.0972984Z |■■■■■■■■■■■■■■■■■■■■■■■■■■■■■■■■■■■■■■■■■■■■■■■■■■■■■■■■■■■■■■■■■■■■■■■■■■■■■■■■| 100% of 2.3 MiB
verify	Run npx playwright install --with-deps chromium webkit	2026-10-05T04:46:15.1384496Z FFmpeg (playwright ffmpeg v1011) downloaded to /home/runner/.cache/ms-playwright/ffmpeg-1011
verify	Run npx playwright install --with-deps chromium webkit	2026-10-05T04:46:15.1387027Z Downloading Chrome Headless Shell 149.0.7827.55 (playwright chromium-headless-shell v1228) from https://cdn.playwright.dev/builds/cft/149.0.7827.55/linux64/chrome-headless-shell-linux64.zip
verify	Run npx playwright install --with-deps chromium webkit	2026-10-05T04:46:16.0792315Z |                                                                                |   0% of 114.2 MiB
verify	Run npx playwright install --with-deps chromium webkit	2026-10-05T04:46:16.3421927Z |■■■■■■■■                                                                        |  10% of 114.2 MiB
verify	Run npx playwright install --with-deps chromium webkit	2026-10-05T04:46:16.3857902Z |■■■■■■■■■■■■■■■■                                                                |  20% of 114.2 MiB
verify	Run npx playwright install --with-deps chromium webkit	2026-10-05T04:46:16.4245550Z |■■■■■■■■■■■■■■■■■■■■■■■■                                                        |  30% of 114.2 MiB
verify	Run npx playwright install --with-deps chromium webkit	2026-10-05T04:46:16.4769083Z |■■■■■■■■■■■■■■■■■■■■■■■■■■■■■■■■                                                |  40% of 114.2 MiB
verify	Run npx playwright install --with-deps chromium webkit	2026-10-05T04:46:16.5448873Z |■■■■■■■■■■■■■■■■■■■■■■■■■■■■■■■■■■■■■■■■                                        |  50% of 114.2 MiB
verify	Run npx playwright install --with-deps chromium webkit	2026-10-05T04:46:16.6053032Z |■■■■■■■■■■■■■■■■■■■■■■■■■■■■■■■■■■■■■■■■■■■■■■■■                                |  60% of 114.2 MiB
verify	Run npx playwright install --with-deps chromium webkit	2026-10-05T04:46:16.6428014Z |■■■■■■■■■■■■■■■■■■■■■■■■■■■■■■■■■■■■■■■■■■■■■■■■■■■■■■■■                        |  70% of 114.2 MiB
verify	Run npx playwright install --with-deps chromium webkit	2026-10-05T04:46:16.6842543Z |■■■■■■■■■■■■■■■■■■■■■■■■■■■■■■■■■■■■■■■■■■■■■■■■■■■■■■■■■■■■■■■■                |  80% of 114.2 MiB
verify	Run npx playwright install --with-deps chromium webkit	2026-10-05T04:46:16.7332247Z |■■■■■■■■■■■■■■■■■■■■■■■■■■■■■■■■■■■■■■■■■■■■■■■■■■■■■■■■■■■■■■■■■■■■■■■■        |  90% of 114.2 MiB
verify	Run npx playwright install --with-deps chromium webkit	2026-10-05T04:46:16.7613605Z |■■■■■■■■■■■■■■■■■■■■■■■■■■■■■■■■■■■■■■■■■■■■■■■■■■■■■■■■■■■■■■■■■■■■■■■■■■■■■■■■| 100% of 114.2 MiB
verify	Run npx playwright install --with-deps chromium webkit	2026-10-05T04:46:18.3340110Z Chrome Headless Shell 149.0.7827.55 (playwright chromium-headless-shell v1228) downloaded to /home/runner/.cache/ms-playwright/chromium_headless_shell-1228
verify	Run npx playwright install --with-deps chromium webkit	2026-10-05T04:46:18.3343289Z Downloading WebKit 26.5 (playwright webkit v2311) from https://cdn.playwright.dev/dbazure/download/playwright/builds/webkit/2311/webkit-ubuntu-24.04.zip
verify	Run npx playwright install --with-deps chromium webkit	2026-10-05T04:46:19.2424721Z |                                                                                |   0% of 100.9 MiB
verify	Run npx playwright install --with-deps chromium webkit	2026-10-05T04:46:19.4002584Z |■■■■■■■■                                                                        |  10% of 100.9 MiB
verify	Run npx playwright install --with-deps chromium webkit	2026-10-05T04:46:19.4373743Z |■■■■■■■■■■■■■■■■                                                                |  20% of 100.9 MiB
verify	Run npx playwright install --with-deps chromium webkit	2026-10-05T04:46:19.4789317Z |■■■■■■■■■■■■■■■■■■■■■■■■                                                        |  30% of 100.9 MiB
verify	Run npx playwright install --with-deps chromium webkit	2026-10-05T04:46:19.5152320Z |■■■■■■■■■■■■■■■■■■■■■■■■■■■■■■■■                                                |  40% of 100.9 MiB
verify	Run npx playwright install --with-deps chromium webkit	2026-10-05T04:46:19.5629038Z |■■■■■■■■■■■■■■■■■■■■■■■■■■■■■■■■■■■■■■■■                                        |  50% of 100.9 MiB
verify	Run npx playwright install --with-deps chromium webkit	2026-10-05T04:46:19.5995186Z |■■■■■■■■■■■■■■■■■■■■■■■■■■■■■■■■■■■■■■■■■■■■■■■■                                |  60% of 100.9 MiB
verify	Run npx playwright install --with-deps chromium webkit	2026-10-05T04:46:19.6356185Z |■■■■■■■■■■■■■■■■■■■■■■■■■■■■■■■■■■■■■■■■■■■■■■■■■■■■■■■■                        |  70% of 100.9 MiB
verify	Run npx playwright install --with-deps chromium webkit	2026-10-05T04:46:19.6839270Z |■■■■■■■■■■■■■■■■■■■■■■■■■■■■■■■■■■■■■■■■■■■■■■■■■■■■■■■■■■■■■■■■                |  80% of 100.9 MiB
verify	Run npx playwright install --with-deps chromium webkit	2026-10-05T04:46:19.7196259Z |■■■■■■■■■■■■■■■■■■■■■■■■■■■■■■■■■■■■■■■■■■■■■■■■■■■■■■■■■■■■■■■■■■■■■■■■        |  90% of 100.9 MiB
verify	Run npx playwright install --with-deps chromium webkit	2026-10-05T04:46:19.7731992Z |■■■■■■■■■■■■■■■■■■■■■■■■■■■■■■■■■■■■■■■■■■■■■■■■■■■■■■■■■■■■■■■■■■■■■■■■■■■■■■■■| 100% of 100.9 MiB
verify	Run npx playwright install --with-deps chromium webkit	2026-10-05T04:46:21.2529372Z WebKit 26.5 (playwright webkit v2311) downloaded to /home/runner/.cache/ms-playwright/webkit-2311
verify	Run xvfb-run -a npm run test:browser	﻿2026-10-05T04:46:21.4485848Z ##[group]Run xvfb-run -a npm run test:browser
verify	Run xvfb-run -a npm run test:browser	2026-10-05T04:46:21.4486078Z [36;1mxvfb-run -a npm run test:browser[0m
verify	Run xvfb-run -a npm run test:browser	2026-10-05T04:46:21.4537796Z shell: /usr/bin/bash -e {0}
verify	Run xvfb-run -a npm run test:browser	2026-10-05T04:46:21.4537982Z ##[endgroup]
verify	Run xvfb-run -a npm run test:browser	2026-10-05T04:46:21.8144324Z 
verify	Run xvfb-run -a npm run test:browser	2026-10-05T04:46:21.8144833Z > gekichin@0.1.0 test:browser
verify	Run xvfb-run -a npm run test:browser	2026-10-05T04:46:21.8145096Z > playwright test
verify	Run xvfb-run -a npm run test:browser	2026-10-05T04:46:21.8145188Z 
verify	Run xvfb-run -a npm run test:browser	2026-10-05T04:46:23.1524912Z 
verify	Run xvfb-run -a npm run test:browser	2026-10-05T04:46:23.1525506Z Running 27 tests using 1 worker
verify	Run xvfb-run -a npm run test:browser	2026-10-05T04:46:23.1541343Z 
verify	Run xvfb-run -a npm run test:browser	2026-10-05T04:46:33.9133333Z   ✓   1 [chromium] › browser-tests/combat.spec.ts:30:1 › Easy combat clock, six-face HUD, pause and explicit resume follow product controls (10.3s)
verify	Run xvfb-run -a npm run test:browser	2026-10-05T04:46:42.8369232Z   ✓   2 [chromium] › browser-tests/combat.spec.ts:58:1 › Normal keyboard firing consumes real ammunition and updates flight HUD, then pauses cleanly (8.9s)
verify	Run xvfb-run -a npm run test:browser	2026-10-05T04:46:56.1529056Z   ✓   3 [chromium] › browser-tests/combat.spec.ts:90:1 › ten product restart cycles retain one bounded scene and stable WebGL resources (13.3s)
verify	Run xvfb-run -a npm run test:browser	2026-10-05T04:47:06.1308549Z   ✓   4 [chromium] › browser-tests/evasion-visual.spec.ts:3:1 › normal product camera shows a main-gun warning and an ordinary turn (10.0s)
verify	Run xvfb-run -a npm run test:browser	2026-10-05T04:47:15.8314945Z   ✓   5 [chromium] › browser-tests/p1-flow.spec.ts:9:1 › Normal keyboard flight, loop interruption, pause, settings, report and reflight use one operation (9.7s)
verify	Run xvfb-run -a npm run test:browser	2026-10-05T04:47:20.7266223Z   ✓   6 [chromium] › browser-tests/p1-flow.spec.ts:33:1 › multi-touch cancel, lost capture, resize and compatibility click release held input (4.9s)
verify	Run xvfb-run -a npm run test:browser	2026-10-05T04:47:44.2987828Z   ✓   7 [chromium] › browser-tests/p1-flow.spec.ts:51:1 › Easy one button fits specified viewports and ten repeated starts never duplicate app resources (23.6s)
verify	Run xvfb-run -a npm run test:browser	2026-10-05T04:47:49.5862825Z   ✓   8 [chromium] › browser-tests/p1-flow.spec.ts:65:1 › WebGL loss while paused or editing gives guidance and restoration needs explicit resume (5.3s)
verify	Run xvfb-run -a npm run test:browser	2026-10-05T04:47:53.8525484Z   ✓   9 [chromium] › browser-tests/p1-flow.spec.ts:74:1 › an aborted combat report does not write a best record or make game API requests (4.3s)
verify	Run xvfb-run -a npm run test:browser	2026-10-05T04:47:58.4951635Z   ✓  10 [chromium] › browser-tests/p1-flow.spec.ts:93:1 › an explicit visibilitychange fixture stops flight and visible recovery never resumes it (4.6s)
verify	Run xvfb-run -a npm run test:browser	2026-10-05T04:48:04.1826944Z   ✓  11 [chromium] › browser-tests/p1-flow.spec.ts:114:1 › sound starts OFF, pauses with flight and reuses one audio context after replay (5.7s)
verify	Run xvfb-run -a npm run test:browser	2026-10-05T04:48:08.5416585Z   ✓  12 [chromium] › browser-tests/p1-independent-ui.spec.ts:10:1 › touch preview controls fit their scroller and Gekichin settings leave other games storage untouched (4.3s)
verify	Run xvfb-run -a npm run test:browser	2026-10-05T04:48:12.5760643Z   ✓  13 [chromium] › browser-tests/p1-independent.spec.ts:10:1 › a pause binding on Enter leaves home and result button activation with native Enter (4.0s)
verify	Run xvfb-run -a npm run test:browser	2026-10-05T04:48:19.0676401Z   ✓  14 [chromium] › browser-tests/p1-independent.spec.ts:36:1 › an event-loop stall of at least two seconds freezes the flight until explicit resume (6.5s)
verify	Run xvfb-run -a npm run test:browser	2026-10-05T04:48:21.8245981Z   ✓  15 [chromium] › browser-tests/p1-independent.spec.ts:57:1 › when WebGL creation fails, settings and help remain available while flight stays disabled (2.8s)
verify	Run xvfb-run -a npm run test:browser	2026-10-05T04:48:29.0142142Z   ✓  16 [chromium] › browser-tests/p1-settings.spec.ts:20:1 › nine keyboard actions reject duplicate, reserved, modifier and IME input; draft and focus are transactional (7.2s)
verify	Run xvfb-run -a npm run test:browser	2026-10-05T04:48:36.3645765Z   ✓  17 [chromium] › browser-tests/p1-settings.spec.ts:48:1 › home editors offer both modes and persist touch size, opacity and placement only after save (7.3s)
verify	Run xvfb-run -a npm run test:browser	2026-10-05T04:48:41.0010324Z   ✓  18 [chromium] › browser-tests/p1-settings.spec.ts:68:1 › a multi-key save failure rolls back and only explicit session use changes active settings (4.6s)
verify	Run xvfb-run -a npm run test:browser	2026-10-05T04:48:46.3709323Z   ✓  19 [chromium] › browser-tests/p1-settings.spec.ts:90:1 › future-version values are never downgraded and failed drafts can be cancelled (5.4s)
verify	Run xvfb-run -a npm run test:browser	2026-10-05T04:49:09.7936715Z   ✓  20 [chromium] › browser-tests/p1-settings.spec.ts:104:1 › home, settings and guide stay reachable at all required viewports and 200 percent text (23.4s)
verify	Run xvfb-run -a npm run test:browser	2026-10-05T04:49:16.1100399Z   ✓  21 [webkit-ui] › browser-tests/p1-independent-ui.spec.ts:10:1 › touch preview controls fit their scroller and Gekichin settings leave other games storage untouched (4.3s)
verify	Run xvfb-run -a npm run test:browser	2026-10-05T04:49:20.2819960Z   ✓  22 [webkit-ui] › browser-tests/p1-settings.spec.ts:20:1 › nine keyboard actions reject duplicate, reserved, modifier and IME input; draft and focus are transactional (4.1s)
verify	Run xvfb-run -a npm run test:browser	2026-10-05T04:49:24.1457325Z   ✓  23 [webkit-ui] › browser-tests/p1-settings.spec.ts:48:1 › home editors offer both modes and persist touch size, opacity and placement only after save (3.9s)
verify	Run xvfb-run -a npm run test:browser	2026-10-05T04:49:26.3100812Z   ✓  24 [webkit-ui] › browser-tests/p1-settings.spec.ts:68:1 › a multi-key save failure rolls back and only explicit session use changes active settings (2.2s)
verify	Run xvfb-run -a npm run test:browser	2026-10-05T04:49:29.2866541Z   ✓  25 [webkit-ui] › browser-tests/p1-settings.spec.ts:90:1 › future-version values are never downgraded and failed drafts can be cancelled (3.0s)
verify	Run xvfb-run -a npm run test:browser	2026-10-05T04:49:41.0336650Z   ✓  26 [webkit-ui] › browser-tests/p1-settings.spec.ts:104:1 › home, settings and guide stay reachable at all required viewports and 200 percent text (11.7s)
verify	Run xvfb-run -a npm run test:browser	2026-10-05T04:49:48.2201409Z   ✓  27 [chromium-headed] › browser-tests/p1-native-visibility.spec.ts:8:1 › a native headed tab hides the flight, freezes its clock and requires explicit resume (6.8s)
verify	Run xvfb-run -a npm run test:browser	2026-10-05T04:49:48.2608622Z 
verify	Run xvfb-run -a npm run test:browser	2026-10-05T04:49:48.2646153Z   27 passed (3.4m)
verify	Run actions/upload-artifact@v4	﻿2026-10-05T04:49:48.2935768Z ##[group]Run actions/upload-artifact@v4
verify	Run actions/upload-artifact@v4	2026-10-05T04:49:48.2935986Z with:
verify	Run actions/upload-artifact@v4	2026-10-05T04:49:48.2936153Z   name: browser-evidence
verify	Run actions/upload-artifact@v4	2026-10-05T04:49:48.2936331Z   path: playwright-report/
verify	Run actions/upload-artifact@v4	test-results/
verify	Run actions/upload-artifact@v4	
verify	Run actions/upload-artifact@v4	2026-10-05T04:49:48.2936507Z   if-no-files-found: ignore
verify	Run actions/upload-artifact@v4	2026-10-05T04:49:48.2936665Z   compression-level: 6
verify	Run actions/upload-artifact@v4	2026-10-05T04:49:48.2936811Z   overwrite: false
verify	Run actions/upload-artifact@v4	2026-10-05T04:49:48.2936938Z   include-hidden-files: false
verify	Run actions/upload-artifact@v4	2026-10-05T04:49:48.2937101Z ##[endgroup]
verify	Run actions/upload-artifact@v4	2026-10-05T04:49:48.4055294Z (node:6330) [DEP0040] DeprecationWarning: The `punycode` module is deprecated. Please use a userland alternative instead.
verify	Run actions/upload-artifact@v4	2026-10-05T04:49:48.4056110Z (Use `node --trace-deprecation ...` to show where the warning was created)
verify	Run actions/upload-artifact@v4	2026-10-05T04:49:48.4171222Z Multiple search paths detected. Calculating the least common ancestor of all paths
verify	Run actions/upload-artifact@v4	2026-10-05T04:49:48.4171992Z The least common ancestor is /home/runner/work/gekichin/gekichin. This will be the root directory of the artifact
verify	Run actions/upload-artifact@v4	2026-10-05T04:49:48.4172338Z With the provided path, there will be 9 files uploaded
verify	Run actions/upload-artifact@v4	2026-10-05T04:49:48.4172779Z Artifact name is valid!
verify	Run actions/upload-artifact@v4	2026-10-05T04:49:48.4172940Z Root directory input is valid!
verify	Run actions/upload-artifact@v4	2026-10-05T04:49:48.6943440Z Beginning upload of artifact content to blob storage
verify	Run actions/upload-artifact@v4	2026-10-05T04:49:48.7424766Z (node:6330) [DEP0169] DeprecationWarning: `url.parse()` behavior is not standardized and prone to errors that have security implications. Use the WHATWG URL API instead. CVEs are not issued for `url.parse()` vulnerabilities.
verify	Run actions/upload-artifact@v4	2026-10-05T04:49:49.0878627Z Uploaded bytes 860039
verify	Run actions/upload-artifact@v4	2026-10-05T04:49:49.1310482Z Finished uploading artifact content to blob storage!
verify	Run actions/upload-artifact@v4	2026-10-05T04:49:49.1311087Z SHA256 digest of uploaded artifact zip is f3998c53864634ef801a92f1cae96e8059a03f7eae0da7bd6243f78e10e54fff
verify	Run actions/upload-artifact@v4	2026-10-05T04:49:49.1311568Z Finalizing artifact upload
verify	Run actions/upload-artifact@v4	2026-10-05T04:49:49.3547142Z Artifact browser-evidence.zip successfully finalized. Artifact ID 11326057696
verify	Run actions/upload-artifact@v4	2026-10-05T04:49:49.3548109Z Artifact browser-evidence has been successfully uploaded! Final size is 860039 bytes. Artifact ID is 11326057696
verify	Run actions/upload-artifact@v4	2026-10-05T04:49:49.3549133Z Artifact download URL: https://github.com/chameleonjp-lab/gekichin/actions/runs/37264887934/artifacts/11326057696
verify	Post Run actions/setup-node@v4	﻿2026-10-05T04:49:49.3732988Z Post job cleanup.
verify	Post Run actions/setup-node@v4	2026-10-05T04:49:49.4520265Z (node:6344) [DEP0040] DeprecationWarning: The `punycode` module is deprecated. Please use a userland alternative instead.
verify	Post Run actions/setup-node@v4	2026-10-05T04:49:49.4521027Z (Use `node --trace-deprecation ...` to show where the warning was created)
verify	Post Run actions/setup-node@v4	2026-10-05T04:49:49.4521900Z Cache hit occurred on the primary key node-cache-Linux-x64-npm-6daa055a9f390972a62517bdf89cc7faf62242687fb9edaf4ddbd1a35171a1f5, not saving cache.
verify	Post Run actions/checkout@v4	﻿2026-10-05T04:49:49.4907175Z Post job cleanup.
verify	Post Run actions/checkout@v4	2026-10-05T04:49:49.5492576Z [command]/usr/bin/git version
verify	Post Run actions/checkout@v4	2026-10-05T04:49:49.5536035Z git version 2.55.0
verify	Post Run actions/checkout@v4	2026-10-05T04:49:49.5564560Z Temporarily overriding HOME='/home/runner/work/_temp/da403fe9-b899-457a-8ec7-e3ec5015fd6f' before making global git config changes
verify	Post Run actions/checkout@v4	2026-10-05T04:49:49.5565554Z Adding repository directory to the temporary git global config as a safe directory
verify	Post Run actions/checkout@v4	2026-10-05T04:49:49.5569366Z [command]/usr/bin/git config --global --add safe.directory /home/runner/work/gekichin/gekichin
verify	Post Run actions/checkout@v4	2026-10-05T04:49:49.5617442Z [command]/usr/bin/git config --local --name-only --get-regexp core\.sshCommand
verify	Post Run actions/checkout@v4	2026-10-05T04:49:49.5651214Z [command]/usr/bin/git submodule foreach --recursive sh -c "git config --local --name-only --get-regexp 'core\.sshCommand' && git config --local --unset-all 'core.sshCommand' || :"
verify	Post Run actions/checkout@v4	2026-10-05T04:49:49.6000169Z [command]/usr/bin/git config --local --name-only --get-regexp http\.https\:\/\/github\.com\/\.extraheader
verify	Post Run actions/checkout@v4	2026-10-05T04:49:49.6043723Z http.https://github.com/.extraheader
verify	Post Run actions/checkout@v4	2026-10-05T04:49:49.6085201Z [command]/usr/bin/git config --local --unset-all http.https://github.com/.extraheader
verify	Post Run actions/checkout@v4	2026-10-05T04:49:49.6166127Z [command]/usr/bin/git submodule foreach --recursive sh -c "git config --local --name-only --get-regexp 'http\.https\:\/\/github\.com\/\.extraheader' && git config --local --unset-all 'http.https://github.com/.extraheader' || :"
verify	Post Run actions/checkout@v4	2026-10-05T04:49:49.6405266Z [command]/usr/bin/git config --local --name-only --get-regexp ^includeIf\.gitdir:
verify	Post Run actions/checkout@v4	2026-10-05T04:49:49.6440561Z [command]/usr/bin/git submodule foreach --recursive git config --local --show-origin --name-only --get-regexp remote.origin.url
verify	Complete job	﻿2026-10-05T04:49:49.6850596Z Cleaning up orphan processes
verify	Complete job	2026-10-05T04:49:49.7085763Z ##[warning]Node.js 20 is deprecated. The following actions target Node.js 20 but are being forced to run on Node.js 24: actions/checkout@v4, actions/setup-node@v4, actions/upload-artifact@v4. For more information see: https://github.blog/changelog/2025-09-19-deprecation-of-node-20-on-github-actions-runners/
